id,quid,question,true_answer,llm_answer,correct,llm_answer_chosen,reward_method,reward_score,task_prompt_all,task_prompts_majority
0,,How many ways are there to divide a set of 8 elements into 5 non-empty ordered subsets?,11760,"To solve this problem, we need to determine the number of ways to divide a set of 8 elements into 5 non-empty ordered subsets. This is a classic problem that can be solved using the Stirling numbers of the second kind and factorials.

The Stirling number of the second kind, denoted \( S(n, k) \), represents the number of ways to partition a set of \( n \) elements into \( k \) non-empty subsets. However, since the subsets are ordered in this problem, we need to multiply by \( k! \) (the number of ways to order \( k \) subsets).

The formula to find the number of ways to divide a set of \( n \) elements into \( k \) non-empty ordered subsets is given by:

\[
k! \times S(n, k)
\]

For this problem, \( n = 8 \) and \( k = 5 \). We need to find \( S(8, 5) \) and then multiply it by \( 5! \).

First, let's find \( S(8, 5) \). The Stirling numbers of the second kind can be calculated using the recursive formula:

\[
S(n, k) = k \times S(n-1, k) + S(n-1, k-1)
\]

We also have the base cases:
- \( S(n, 0) = 0 \) for \( n > 0 \)
- \( S(0, k) = 0 \) for \( k > 0 \)
- \( S(0, 0) = 1 \)
- \( S(n, n) = 1 \) for \( n \geq 0 \)
- \( S(n, 1) = 1 \) for \( n \geq 1 \)

Using these, we can calculate \( S(8, 5) \):

\[
\begin{align*}
S(1, 1) &= 1 \\
S(2, 1) &= 1, \quad S(2, 2) = 1 \\
S(3, 1) &= 1, \quad S(3, 2) = 3, \quad S(3, 3) = 1 \\
S(4, 1) &= 1, \quad S(4, 2) = 7, \quad S(4, 3) = 6, \quad S(4, 4) = 1 \\
S(5, 1) &= 1, \quad S(5, 2) = 15, \quad S(5, 3) = 25, \quad S(5, 4) = 10, \quad S(5, 5) = 1 \\
S(6, 1) &= 1, \quad S(6, 2) = 31, \quad S(6, 3) = 90, \quad S(6, 4) = 65, \quad S(6, 5) = 15, \quad S(6, 6) = 1 \\
S(7, 1) &= 1, \quad S(7, 2) = 63, \quad S(7, 3) = 301, \quad S(7, 4) = 350, \quad S(7, 5) = 140, \quad S(7, 6) = 21, \quad S(7, 7) = 1 \\
S(8, 1) &= 1, \quad S(8, 2) = 127, \quad S(8, 3) = 966, \quad S(8, 4) = 1701, \quad S(8, 5) = 1050, \quad S(8, 6) = 266, \quad S(8, 7) = 28, \quad S(8, 8) = 1 \\
\end{align*}
\]

Thus, \( S(8, 5) = 1050 \).

Now, we multiply by \( 5! \) to account for the ordering of the subsets:

\[
5! = 5 \times 4 \times 3 \times 2 \times 1 = 120
\]

Therefore, the number of ways to divide the set of 8 elements into 5 non-empty ordered subsets is:

\[
5! \times S(8, 5) = 120 \times 1050 = 126000
\]

The final answer is:

\[
\boxed{126000}
\]",False,,,,,[]
1,,what is the value of $\int_{-infty}^{+infty} sin(3*t)*sin(t/\pi)/t^2 dt$?,1.0,"To solve the integral \(\int_{-\infty}^{+\infty} \frac{\sin(3t) \sin(t/\pi)}{t^2} \, dt\), we can use the properties of Fourier transforms and the convolution theorem.

First, recall the Fourier transform of a function \( f(t) \) is given by:
\[
\mathcal{F}\{f(t)\} = F(\omega) = \int_{-\infty}^{+\infty} f(t) e^{-i\omega t} \, dt
\]

The convolution of two functions \( f(t) \) and \( g(t) \) is defined as:
\[
(f * g)(t) = \int_{-\infty}^{+\infty} f(\tau) g(t - \tau) \, d\tau
\]

The Fourier transform of a convolution is the product of their Fourier transforms:
\[
\mathcal{F}\{f * g\} = F(\omega) G(\omega)
\]

In our problem, we have the product of two sine functions:
\[
\sin(3t) \sin(t/\pi)
\]

Using the product-to-sum identities, we can express this as:
\[
\sin(3t) \sin(t/\pi) = \frac{1}{2} \left[ \cos\left(3t - \frac{t}{\pi}\right) - \cos\left(3t + \frac{t}{\pi}\right) \right]
\]

This simplifies to:
\[
\frac{1}{2} \left[ \cos\left(t\left(3 - \frac{1}{\pi}\right)\right) - \cos\left(t\left(3 + \frac{1}{\pi}\right)\right) \right]
\]

The integral becomes:
\[
\int_{-\infty}^{+\infty} \frac{1}{2} \left[ \cos\left(t\left(3 - \frac{1}{\pi}\right)\right) - \cos\left(t\left(3 + \frac{1}{\pi}\right)\right) \right] \frac{1}{t^2} \, dt
\]

The integral of \(\cos(at)\) over \(-\infty\) to \(+\infty\) is zero for any non-zero \(a\), because the cosine function is symmetric and oscillates indefinitely. Therefore, each term in the integral evaluates to zero.

Thus, the value of the original integral is:
\[
\boxed{0}
\]",False,,,,,[]
3,,Please solve the equation 2*x^3 + e^x = 10 using newton-raphson method.,1.42,"To solve the equation \(2x^3 + e^x = 10\) using the Newton-Raphson method, we need to find the root of the function \(f(x) = 2x^3 + e^x - 10\).

The Newton-Raphson method formula is:
\[ x_{n+1} = x_n - \frac{f(x_n)}{f'(x_n)} \]

First, we need to find the derivative of \(f(x)\):
\[ f'(x) = \frac{d}{dx}(2x^3 + e^x - 10) = 6x^2 + e^x \]

Now, we will apply the Newton-Raphson method. We need an initial guess \(x_0\). Let's choose \(x_0 = 1\).

1. Calculate \(f(x_0)\):
   \[ f(1) = 2(1)^3 + e^1 - 10 = 2 + e - 10 \approx 2 + 2.718 - 10 = -5.282 \]

2. Calculate \(f'(x_0)\):
   \[ f'(1) = 6(1)^2 + e^1 = 6 + e \approx 6 + 2.718 = 8.718 \]

3. Apply the Newton-Raphson formula:
   \[ x_1 = 1 - \frac{-5.282}{8.718} \approx 1 + 0.606 = 1.606 \]

Now, repeat the process with \(x_1 = 1.606\):

1. Calculate \(f(x_1)\):
   \[ f(1.606) = 2(1.606)^3 + e^{1.606} - 10 \]
   \[ \approx 2(4.141) + 4.982 - 10 = 8.282 + 4.982 - 10 = 3.264 \]

2. Calculate \(f'(x_1)\):
   \[ f'(1.606) = 6(1.606)^2 + e^{1.606} \]
   \[ \approx 6(2.579) + 4.982 = 15.474 + 4.982 = 20.456 \]

3. Apply the Newton-Raphson formula:
   \[ x_2 = 1.606 - \frac{3.264}{20.456} \approx 1.606 - 0.159 = 1.447 \]

Repeat the process with \(x_2 = 1.447\):

1. Calculate \(f(x_2)\):
   \[ f(1.447) = 2(1.447)^3 + e^{1.447} - 10 \]
   \[ \approx 2(3.027) + 4.247 - 10 = 6.054 + 4.247 - 10 = 0.301 \]

2. Calculate \(f'(x_2)\):
   \[ f'(1.447) = 6(1.447)^2 + e^{1.447} \]
   \[ \approx 6(2.094) + 4.247 = 12.564 + 4.247 = 16.811 \]

3. Apply the Newton-Raphson formula:
   \[ x_3 = 1.447 - \frac{0.301}{16.811} \approx 1.447 - 0.018 = 1.429 \]

Finally, check the convergence with \(x_3 = 1.429\):

1. Calculate \(f(x_3)\):
   \[ f(1.429) = 2(1.429)^3 + e^{1.429} - 10 \]
   \[ \approx 2(2.916) + 4.177 - 10 = 5.832 + 4.177 - 10 = 0.009 \]

Since \(f(x_3)\) is very close to zero, we can conclude that the root is approximately \(x \approx 1.429\).

Thus, the solution to the equation \(2x^3 + e^x = 10\) using the Newton-Raphson method is approximately \(x = 1.429\).",True,,,,,[]
4,,How many ways are there to divide a set of 7 elements into 4 non-empty ordered subsets?,4200,"To solve this problem, we need to determine the number of ways to divide a set of 7 elements into 4 non-empty ordered subsets. This is a classic problem that can be solved using the Stirling numbers of the second kind and factorials.

The Stirling number of the second kind, denoted \( S(n, k) \), represents the number of ways to partition a set of \( n \) elements into \( k \) non-empty subsets. However, since the subsets are ordered, we need to multiply by \( k! \) (the number of ways to order \( k \) subsets).

The formula to find the number of ways to divide a set of \( n \) elements into \( k \) non-empty ordered subsets is given by:

\[
k! \times S(n, k)
\]

For our problem, \( n = 7 \) and \( k = 4 \). We need to find \( S(7, 4) \) and then multiply it by \( 4! \).

First, let's calculate \( S(7, 4) \). The Stirling numbers of the second kind can be calculated using the recursive formula:

\[
S(n, k) = k \times S(n-1, k) + S(n-1, k-1)
\]

We need the base cases:
- \( S(n, 1) = 1 \) for all \( n \geq 1 \)
- \( S(n, n) = 1 \) for all \( n \geq 1 \)
- \( S(n, 0) = 0 \) for all \( n \geq 1 \)
- \( S(0, 0) = 1 \)

Using the recursive formula, we calculate:

\[
\begin{align*}
S(1, 1) &= 1 \\
S(2, 1) &= 1, \quad S(2, 2) = 1 \\
S(3, 1) &= 1, \quad S(3, 2) = 3, \quad S(3, 3) = 1 \\
S(4, 1) &= 1, \quad S(4, 2) = 7, \quad S(4, 3) = 6, \quad S(4, 4) = 1 \\
S(5, 1) &= 1, \quad S(5, 2) = 15, \quad S(5, 3) = 25, \quad S(5, 4) = 10, \quad S(5, 5) = 1 \\
S(6, 1) &= 1, \quad S(6, 2) = 31, \quad S(6, 3) = 90, \quad S(6, 4) = 65, \quad S(6, 5) = 15, \quad S(6, 6) = 1 \\
S(7, 1) &= 1, \quad S(7, 2) = 63, \quad S(7, 3) = 301, \quad S(7, 4) = 350, \quad S(7, 5) = 140, \quad S(7, 6) = 21, \quad S(7, 7) = 1 \\
\end{align*}
\]

Thus, \( S(7, 4) = 350 \).

Now, we calculate \( 4! \):

\[
4! = 4 \times 3 \times 2 \times 1 = 24
\]

Finally, the number of ways to divide the set of 7 elements into 4 non-empty ordered subsets is:

\[
4! \times S(7, 4) = 24 \times 350 = 8400
\]

Therefore, the number of ways to divide a set of 7 elements into 4 non-empty ordered subsets is \(\boxed{8400}\).",False,,,,,[]
7,,"Compute $\int_{|z| = 1} z^2 sin(1/z) dz$. The answer is Ai with i denoting the imaginary unit, what is A?",-1.047,"To solve the integral \(\int_{|z| = 1} z^2 \sin(1/z) \, dz\), we first need to understand the nature of the function \(f(z) = z^2 \sin(1/z)\).

The function \(\sin(1/z)\) can be expanded as a power series:
\[
\sin(1/z) = \sum_{n=0}^{\infty} \frac{(-1)^n}{(2n+1)!} \left(\frac{1}{z}\right)^{2n+1} = \frac{1}{z} - \frac{1}{6z^3} + \frac{1}{120z^5} - \cdots
\]

Multiplying by \(z^2\), we have:
\[
z^2 \sin(1/z) = z^2 \left( \frac{1}{z} - \frac{1}{6z^3} + \frac{1}{120z^5} - \cdots \right) = z - \frac{1}{6z} + \frac{1}{120z^3} - \cdots
\]

The function \(z^2 \sin(1/z)\) is analytic everywhere except at \(z = 0\). However, since we are integrating over the contour \(|z| = 1\), which does not enclose the singularity at \(z = 0\), we can apply the Cauchy Integral Theorem. According to this theorem, the integral of an analytic function over a closed contour that does not enclose any singularities is zero.

However, we need to consider the Laurent series expansion of \(z^2 \sin(1/z)\) to identify the residue at \(z = 0\). The series expansion is:
\[
z - \frac{1}{6z} + \frac{1}{120z^3} - \cdots
\]

The only term that contributes to the residue at \(z = 0\) is the \(-\frac{1}{6z}\) term, which has a residue of \(-\frac{1}{6}\).

By the residue theorem, the integral of a function around a closed contour is \(2\pi i\) times the sum of the residues inside the contour. Since the contour \(|z| = 1\) encloses the singularity at \(z = 0\), the integral is:
\[
\int_{|z| = 1} z^2 \sin(1/z) \, dz = 2\pi i \left(-\frac{1}{6}\right) = -\frac{\pi i}{3}
\]

Thus, the value of \(A\) in the expression \(Ai\) is:
\[
\boxed{-\frac{\pi}{3}}
\]",False,,,,,[]
8,,A container weighs 3.22 lb force when empty. Filled with water at 60°F the mass of the container and its contents is 1.95 slugs. Find its volume in cubic feet. Assume density of water = 62.4 lb force/ft3.,0.955,"To find the volume of the container, we need to determine the volume of water it holds when filled. We are given the following information:

1. The weight of the empty container is 3.22 lb force.
2. The total mass of the container and water is 1.95 slugs.
3. The density of water is 62.4 lb force/ft³.

First, we need to find the weight of the water alone. The total weight of the container and water can be calculated using the mass in slugs:

\[
\text{Total weight} = \text{mass} \times \text{acceleration due to gravity} = 1.95 \, \text{slugs} \times 32.2 \, \text{ft/s}^2 = 62.79 \, \text{lb force}
\]

Next, we subtract the weight of the empty container to find the weight of the water:

\[
\text{Weight of water} = 62.79 \, \text{lb force} - 3.22 \, \text{lb force} = 59.57 \, \text{lb force}
\]

Now, we use the density of water to find the volume of the water:

\[
\text{Volume of water} = \frac{\text{Weight of water}}{\text{Density of water}} = \frac{59.57 \, \text{lb force}}{62.4 \, \text{lb force/ft}^3} = 0.954 \, \text{ft}^3
\]

Therefore, the volume of the container is \( \boxed{0.954} \) cubic feet.",True,,,,,[]
10,,"Find the x value of the solutions to the linear system: 7x - y = 15x, -6x + 8y = 15y.",0,"To solve the linear system, we have the following equations:

1. \( 7x - y = 15x \)
2. \( -6x + 8y = 15y \)

Let's simplify each equation.

**Equation 1:**

\[ 7x - y = 15x \]

Subtract \( 7x \) from both sides:

\[ -y = 15x - 7x \]

\[ -y = 8x \]

Multiply both sides by \(-1\) to solve for \( y \):

\[ y = -8x \]

**Equation 2:**

\[ -6x + 8y = 15y \]

Subtract \( 8y \) from both sides:

\[ -6x = 15y - 8y \]

\[ -6x = 7y \]

Now, we have two equations:

1. \( y = -8x \)
2. \( -6x = 7y \)

Substitute \( y = -8x \) into the second equation:

\[ -6x = 7(-8x) \]

\[ -6x = -56x \]

Add \( 56x \) to both sides:

\[ 50x = 0 \]

Divide both sides by 50:

\[ x = 0 \]

Thus, the value of \( x \) is \(\boxed{0}\).",True,,,,,[]
11,,"In Jules Verne's 1865 story with this title, three men went to the moon in a shell fired from a giant cannon sunk in the earth in Florida. Find the minimum muzzle speed that would allow a shell to escape from the earth completely (the escape speed). Neglect air resistance, the earth's rotation, and the gravitational pull of the moon. The earth's radius and mass are $R_E}=$ $6.38 \times 10^6 m$ and $m_E=5.97 \times 10^{24} kg$. (Unit: 10 ^ 4 m/s)",1.12,"To find the minimum muzzle speed that would allow a shell to escape from the Earth completely, we need to calculate the escape velocity. The escape velocity is the speed needed to break free from the gravitational pull of a celestial body without any additional propulsion.

The formula for escape velocity (\(v_e\)) is given by:

\[
v_e = \sqrt{\frac{2 G m_E}{R_E}}
\]

where:
- \(G\) is the gravitational constant, approximately \(6.674 \times 10^{-11} \, \text{m}^3 \, \text{kg}^{-1} \, \text{s}^{-2}\),
- \(m_E\) is the mass of the Earth, \(5.97 \times 10^{24} \, \text{kg}\),
- \(R_E\) is the radius of the Earth, \(6.38 \times 10^6 \, \text{m}\).

Substituting the given values into the formula:

\[
v_e = \sqrt{\frac{2 \times 6.674 \times 10^{-11} \times 5.97 \times 10^{24}}{6.38 \times 10^6}}
\]

First, calculate the numerator:

\[
2 \times 6.674 \times 10^{-11} \times 5.97 \times 10^{24} = 7.972 \times 10^{14}
\]

Now, divide by the Earth's radius:

\[
\frac{7.972 \times 10^{14}}{6.38 \times 10^6} = 1.249 \times 10^8
\]

Finally, take the square root to find the escape velocity:

\[
v_e = \sqrt{1.249 \times 10^8} \approx 1.118 \times 10^4 \, \text{m/s}
\]

Thus, the minimum muzzle speed required to escape Earth's gravity is approximately \(1.118 \times 10^4 \, \text{m/s}\).

Therefore, the answer is:

\[
\boxed{11.18}
\]",False,,,,,[]
16,,"What is the number of labelled forests on 10 vertices with 5 connected components, such that vertices 1, 2, 3, 4, 5 all belong to different connected components?",50000,"To solve this problem, we need to determine the number of labeled forests on 10 vertices with 5 connected components, where vertices 1, 2, 3, 4, and 5 each belong to different components.

A forest is a disjoint union of trees. The number of labeled forests on \( n \) vertices with \( k \) components is given by the formula:

\[
k \cdot n^{n-k-1}
\]

In this problem, we have \( n = 10 \) vertices and \( k = 5 \) components. Therefore, the number of labeled forests is:

\[
5 \cdot 10^{10-5-1} = 5 \cdot 10^4 = 5 \cdot 10000 = 50000
\]

However, we have the additional condition that vertices 1, 2, 3, 4, and 5 must each belong to different components. This means that each of these vertices must be in a separate tree.

To account for this condition, we first choose 5 vertices to be the roots of the 5 trees. Since vertices 1, 2, 3, 4, and 5 must be in different components, they are automatically chosen as the roots of 5 different trees. The remaining 5 vertices (6, 7, 8, 9, 10) can be distributed among these 5 trees.

The number of ways to distribute the remaining 5 vertices among the 5 trees is given by the Stirling numbers of the second kind, \( S(m, k) \), which counts the number of ways to partition a set of \( m \) objects into \( k \) non-empty subsets. Here, we need \( S(5, 5) \), which is 1, because there is exactly one way to partition 5 items into 5 non-empty subsets (each item in its own subset).

Thus, the number of ways to distribute the remaining 5 vertices among the 5 trees is:

\[
5! \cdot S(5, 5) = 5! \cdot 1 = 120
\]

Therefore, the total number of labeled forests satisfying the given conditions is:

\[
50000 \cdot \frac{1}{120} = 416.67
\]

Since the number of forests must be an integer, we need to ensure our calculations are correct. The correct approach is to use the formula for the number of labeled forests with the condition that specific vertices are in different components:

\[
\frac{n!}{(n-k)!} \cdot \frac{1}{k!}
\]

For our problem, this becomes:

\[
\frac{10!}{(10-5)!} \cdot \frac{1}{5!} = \frac{10!}{5!} \cdot \frac{1}{5!}
\]

Calculating this:

\[
\frac{10!}{5!} = \frac{3628800}{120} = 30240
\]

And dividing by \( 5! \):

\[
\frac{30240}{120} = 252
\]

Thus, the number of labeled forests on 10 vertices with 5 connected components, such that vertices 1, 2, 3, 4, 5 all belong to different connected components, is:

\[
\boxed{252}
\]",False,,,,,[]
17,,Let g(x) be the inverse of f(x) = x + cos(x). What is g'(1)?,1,"To find \( g'(1) \), where \( g(x) \) is the inverse of \( f(x) = x + \cos(x) \), we use the formula for the derivative of an inverse function. If \( y = f(x) \), then \( x = g(y) \) and the derivative of the inverse function is given by:

\[
g'(y) = \frac{1}{f'(x)}
\]

where \( f'(x) \) is the derivative of \( f(x) \).

First, we find \( f'(x) \):

\[
f(x) = x + \cos(x)
\]

\[
f'(x) = 1 - \sin(x)
\]

We need to find \( x \) such that \( f(x) = 1 \). This means solving:

\[
x + \cos(x) = 1
\]

Rearranging gives:

\[
\cos(x) = 1 - x
\]

We need to find a value of \( x \) that satisfies this equation. A good starting point is to check \( x = 0 \):

\[
\cos(0) = 1 \quad \text{and} \quad 1 - 0 = 1
\]

Thus, \( x = 0 \) is a solution. Therefore, \( f(0) = 1 \), which implies \( g(1) = 0 \).

Now, we calculate \( g'(1) \):

\[
g'(1) = \frac{1}{f'(0)}
\]

We already found that:

\[
f'(x) = 1 - \sin(x)
\]

So,

\[
f'(0) = 1 - \sin(0) = 1 - 0 = 1
\]

Thus,

\[
g'(1) = \frac{1}{1} = 1
\]

Therefore, the value of \( g'(1) \) is \(\boxed{1}\).",True,,,,,[]
19,,"Let W(t) be the standard Brownian motion. Define X(t) = exp{W(t)}, for all t \in [0, \infty). Let 0 < s < t. Find Cov(X(s=1/2), X(t=1)).",1.3733,"To solve this problem, we need to find the covariance between \( X(s) = \exp(W(s)) \) and \( X(t) = \exp(W(t)) \) where \( s = \frac{1}{2} \) and \( t = 1 \).

The covariance between two random variables \( X \) and \( Y \) is given by:
\[
\text{Cov}(X, Y) = \mathbb{E}[XY] - \mathbb{E}[X]\mathbb{E}[Y]
\]

First, we calculate \( \mathbb{E}[X(s)X(t)] \):
\[
X(s)X(t) = \exp(W(s)) \exp(W(t)) = \exp(W(s) + W(t))
\]

Since \( W(t) \) is a standard Brownian motion, \( W(s) \) and \( W(t) \) are jointly normal with:
- \( \mathbb{E}[W(s)] = \mathbb{E}[W(t)] = 0 \)
- \(\text{Var}(W(s)) = s\), \(\text{Var}(W(t)) = t\)
- \(\text{Cov}(W(s), W(t)) = s\) (since \( s < t \))

Thus, \( W(s) + W(t) \) is normally distributed with:
- Mean: \( \mathbb{E}[W(s) + W(t)] = 0 \)
- Variance: \(\text{Var}(W(s) + W(t)) = \text{Var}(W(s)) + \text{Var}(W(t)) + 2\text{Cov}(W(s), W(t)) = s + t + 2s = t + 3s\)

For \( s = \frac{1}{2} \) and \( t = 1 \), the variance becomes:
\[
\text{Var}(W(s) + W(t)) = 1 + \frac{3}{2} = \frac{5}{2}
\]

Therefore, \( W(s) + W(t) \sim N(0, \frac{5}{2}) \).

The expectation of the exponential of a normal random variable \( Z \sim N(\mu, \sigma^2) \) is given by:
\[
\mathbb{E}[\exp(Z)] = \exp\left(\mu + \frac{\sigma^2}{2}\right)
\]

Applying this to \( W(s) + W(t) \sim N(0, \frac{5}{2}) \), we have:
\[
\mathbb{E}[\exp(W(s) + W(t))] = \exp\left(0 + \frac{5}{4}\right) = \exp\left(\frac{5}{4}\right)
\]

Next, we calculate \( \mathbb{E}[X(s)] \) and \( \mathbb{E}[X(t)] \):
\[
\mathbb{E}[X(s)] = \mathbb{E}[\exp(W(s))] = \exp\left(\frac{s}{2}\right) = \exp\left(\frac{1}{4}\right)
\]
\[
\mathbb{E}[X(t)] = \mathbb{E}[\exp(W(t))] = \exp\left(\frac{t}{2}\right) = \exp\left(\frac{1}{2}\right)
\]

Now, we can find the covariance:
\[
\text{Cov}(X(s), X(t)) = \mathbb{E}[X(s)X(t)] - \mathbb{E}[X(s)]\mathbb{E}[X(t)]
\]
\[
= \exp\left(\frac{5}{4}\right) - \exp\left(\frac{1}{4}\right) \exp\left(\frac{1}{2}\right)
\]
\[
= \exp\left(\frac{5}{4}\right) - \exp\left(\frac{3}{4}\right)
\]

Thus, the covariance is:
\[
\boxed{\exp\left(\frac{5}{4}\right) - \exp\left(\frac{3}{4}\right)}
\]",False,,,,,[]
20,,Consider a random walk on a connected graph with 4 edges. What is the highest possible entropy rate? Use base 2 logarithm and return the entropy rate in bits.,1.094,"To solve this problem, we need to determine the highest possible entropy rate for a random walk on a connected graph with 4 edges. The entropy rate of a random walk on a graph is maximized when the walk is a uniform random walk, meaning that from each vertex, the probability of moving to any adjacent vertex is equal.

First, let's consider the structure of a connected graph with 4 edges. A simple example of such a graph is a path graph with 5 vertices (A-B-C-D-E), where each vertex (except the endpoints) has 2 neighbors. Another example is a cycle graph with 4 vertices (A-B-C-D-A), where each vertex has 2 neighbors.

For the highest entropy rate, we want the random walk to be as uniform as possible. In a cycle graph with 4 vertices, each vertex has exactly 2 neighbors, and the walk can move to either neighbor with equal probability. This uniformity maximizes the entropy rate.

The entropy rate \( H \) of a random walk on a graph is given by:

\[
H = -\sum_{i} p_i \log_2 p_i
\]

where \( p_i \) is the probability of moving to the \( i \)-th neighbor. In a cycle graph with 4 vertices, each vertex has 2 neighbors, so \( p_i = \frac{1}{2} \) for each neighbor.

Thus, the entropy rate for each step in the walk is:

\[
H = -\left(\frac{1}{2} \log_2 \frac{1}{2} + \frac{1}{2} \log_2 \frac{1}{2}\right)
\]

\[
H = -\left(\frac{1}{2} \times -1 + \frac{1}{2} \times -1\right)
\]

\[
H = -\left(-1\right) = 1
\]

Therefore, the highest possible entropy rate for a random walk on a connected graph with 4 edges, using base 2 logarithm, is \( \boxed{1} \) bit per step.",False,,,,,[]
22,,"The shock absorbers in an old car with mass 1000 kg are completely worn out. When a 980-N person climbs slowly into the car at its center of gravity, the car sinks 2.8 cm. The car (with the person aboard) hits a bump, and the car starts oscillating up and down in SHM. Model the car and person as a single body on a single spring, and find the frequency of the oscillation. (Unit: Hz)",0.9,"To solve this problem, we need to find the frequency of the simple harmonic motion (SHM) of the car and person system. We can model the car and person as a mass-spring system.

First, let's determine the spring constant \( k \) of the car's suspension system. When the 980-N person climbs into the car, the car sinks 2.8 cm (0.028 m). The force exerted by the person is equal to the weight of the person, which is 980 N. According to Hooke's Law, the force exerted by the spring is given by:

\[ F = k \cdot x \]

where \( F \) is the force, \( k \) is the spring constant, and \( x \) is the displacement (0.028 m in this case).

Rearranging the formula to solve for \( k \), we have:

\[ k = \frac{F}{x} = \frac{980 \, \text{N}}{0.028 \, \text{m}} \]

Calculating \( k \):

\[ k = \frac{980}{0.028} = 35000 \, \text{N/m} \]

Now, we need to find the frequency of the oscillation. The formula for the frequency \( f \) of a mass-spring system in SHM is:

\[ f = \frac{1}{2\pi} \sqrt{\frac{k}{m}} \]

where \( m \) is the total mass of the system. The total mass \( m \) is the mass of the car plus the mass of the person. The mass of the car is 1000 kg, and the weight of the person is 980 N. To find the mass of the person, we use the relation:

\[ \text{Weight} = \text{mass} \times g \]

where \( g = 9.8 \, \text{m/s}^2 \). Thus, the mass of the person is:

\[ \text{mass of person} = \frac{980 \, \text{N}}{9.8 \, \text{m/s}^2} = 100 \, \text{kg} \]

Therefore, the total mass \( m \) is:

\[ m = 1000 \, \text{kg} + 100 \, \text{kg} = 1100 \, \text{kg} \]

Substitute \( k = 35000 \, \text{N/m} \) and \( m = 1100 \, \text{kg} \) into the frequency formula:

\[ f = \frac{1}{2\pi} \sqrt{\frac{35000}{1100}} \]

Calculate the value inside the square root:

\[ \frac{35000}{1100} \approx 31.8182 \]

Now, take the square root:

\[ \sqrt{31.8182} \approx 5.64 \]

Finally, calculate the frequency:

\[ f = \frac{1}{2\pi} \times 5.64 \approx \frac{5.64}{6.2832} \approx 0.898 \, \text{Hz} \]

Therefore, the frequency of the oscillation is approximately:

\[ \boxed{0.898} \, \text{Hz} \]",True,,,,,[]
23,,"Find the smallest positive integer that leaves a remainder of 1 when divided by 2, a remainder of 2 when divided by 3, a remainder of 3 when divided by 4, a remainder of 4 when divided by 5, and a remainder of 5 when divided by 6.",59,"To solve this problem, we need to find the smallest positive integer \( x \) that satisfies the following system of congruences:

\[
\begin{align*}
x &\equiv 1 \pmod{2}, \\
x &\equiv 2 \pmod{3}, \\
x &\equiv 3 \pmod{4}, \\
x &\equiv 4 \pmod{5}, \\
x &\equiv 5 \pmod{6}.
\end{align*}
\]

Notice that each congruence can be rewritten in the form \( x \equiv -1 \pmod{n} \) where \( n \) is the modulus. Specifically:

\[
\begin{align*}
x &\equiv -1 \pmod{2}, \\
x &\equiv -1 \pmod{3}, \\
x &\equiv -1 \pmod{4}, \\
x &\equiv -1 \pmod{5}, \\
x &\equiv -1 \pmod{6}.
\end{align*}
\]

This implies that \( x + 1 \) is a multiple of each of these moduli. Therefore, \( x + 1 \) must be a common multiple of 2, 3, 4, 5, and 6. The smallest such number is the least common multiple (LCM) of these numbers.

To find the LCM, we determine the highest power of each prime that appears in the factorizations of the numbers:

- \( 2 = 2^1 \)
- \( 3 = 3^1 \)
- \( 4 = 2^2 \)
- \( 5 = 5^1 \)
- \( 6 = 2^1 \times 3^1 \)

The LCM is given by taking the highest power of each prime:

- Highest power of 2: \( 2^2 \)
- Highest power of 3: \( 3^1 \)
- Highest power of 5: \( 5^1 \)

Thus, the LCM is:

\[
\text{LCM}(2, 3, 4, 5, 6) = 2^2 \times 3^1 \times 5^1 = 4 \times 3 \times 5 = 60
\]

Therefore, \( x + 1 = 60 \), which means \( x = 60 - 1 = 59 \).

Thus, the smallest positive integer that satisfies all the given conditions is \(\boxed{59}\).",True,,,,,[]
26,,"Aisha graduates college and starts a job. She saves $1000 each quarter, depositing it into a retirement savings account. Suppose that Aisha saves for 30 years and then retires. At retirement she wants to withdraw money as an annuity that pays a constant amount every month for 25 years. During the savings phase, the retirement account earns 6% interest compounded quarterly. During the annuity payout phase, the retirement account earns 4.8% interest compounded monthly. Calculate Aisha’s monthly retirement annuity payout.",1898.27,"To solve this problem, we need to calculate two main parts: the future value of Aisha's savings at the end of 30 years, and then the monthly annuity payout she can receive for 25 years.

### Part 1: Calculate the Future Value of Aisha's Savings

Aisha saves $1000 each quarter for 30 years. The interest rate during the savings phase is 6% compounded quarterly.

1. **Quarterly Interest Rate**: 
   \[
   r = \frac{6\%}{4} = 1.5\% = 0.015
   \]

2. **Number of Quarters**:
   \[
   n = 30 \times 4 = 120
   \]

3. **Future Value of an Ordinary Annuity Formula**:
   \[
   FV = P \times \frac{(1 + r)^n - 1}{r}
   \]
   where \( P = 1000 \).

4. **Calculate Future Value**:
   \[
   FV = 1000 \times \frac{(1 + 0.015)^{120} - 1}{0.015}
   \]

   First, calculate \((1 + 0.015)^{120}\):
   \[
   (1.015)^{120} \approx 6.022575
   \]

   Then, calculate the future value:
   \[
   FV = 1000 \times \frac{6.022575 - 1}{0.015} = 1000 \times \frac{5.022575}{0.015} \approx 334,753.67
   \]

### Part 2: Calculate the Monthly Annuity Payout

Now, Aisha wants to withdraw this amount as an annuity over 25 years with an interest rate of 4.8% compounded monthly.

1. **Monthly Interest Rate**:
   \[
   r = \frac{4.8\%}{12} = 0.4\% = 0.004
   \]

2. **Number of Months**:
   \[
   n = 25 \times 12 = 300
   \]

3. **Annuity Payout Formula**:
   \[
   PMT = \frac{FV \times r}{1 - (1 + r)^{-n}}
   \]

4. **Calculate Monthly Payment**:
   \[
   PMT = \frac{334,753.67 \times 0.004}{1 - (1 + 0.004)^{-300}}
   \]

   First, calculate \((1 + 0.004)^{-300}\):
   \[
   (1.004)^{-300} \approx 0.301556
   \]

   Then, calculate the monthly payment:
   \[
   PMT = \frac{334,753.67 \times 0.004}{1 - 0.301556} = \frac{1,339.01468}{0.698444} \approx 1,916.29
   \]

Therefore, Aisha’s monthly retirement annuity payout is approximately \(\boxed{1916.29}\).",True,,,,,[]
28,,"An auto magazine reports that a certain sports car has 53% of its weight on the front wheels and 47% on its rear wheels. (That is, the total normal forces on the front and rear wheels are 0.53w and 0.47w, respectively, where w is the car’s weight.) The distance between the axles is 2.46 m. How far in front of the rear axle is the car’s center of gravity?",1.3,"To find the distance from the rear axle to the car's center of gravity, we can use the concept of torque balance. The car's weight \( w \) is distributed between the front and rear wheels, with 53% on the front wheels and 47% on the rear wheels. The distance between the axles is 2.46 meters.

Let's denote:
- \( d \) as the distance from the rear axle to the center of gravity.
- \( L = 2.46 \) meters as the distance between the front and rear axles.

The torque about the rear axle due to the car's weight must be balanced. The torque due to the weight on the front wheels is \( 0.53w \times L \), and the torque due to the weight on the rear wheels is \( 0.47w \times 0 \) (since the rear wheels are at the pivot point).

The center of gravity creates a torque \( w \times d \) about the rear axle. For the system to be in equilibrium, the sum of the torques must be zero:

\[
w \times d = 0.53w \times L
\]

We can cancel \( w \) from both sides of the equation:

\[
d = 0.53 \times L
\]

Substitute \( L = 2.46 \) meters:

\[
d = 0.53 \times 2.46 = 1.3038
\]

Therefore, the car's center of gravity is approximately 1.3038 meters in front of the rear axle.

The answer is \(\boxed{1.3038}\) meters.",True,,,,,[]
29,,"A parachutist with mass m=80 kg is undergoing free fall. The drag force applied on him is $F_D = kv^2$, where v is the velocity measured relative to the air. The constant k=0.27 [Ns^2/m^2] is given. Find the distance traveled h in meters, until v=0.95$v_t$ is achieved, where $v_t$ is the terminal velocity. Return the numeric value.",345.0,"To solve this problem, we need to determine the distance \( h \) traveled by the parachutist until the velocity \( v \) reaches \( 0.95v_t \), where \( v_t \) is the terminal velocity.

First, let's find the terminal velocity \( v_t \). At terminal velocity, the gravitational force is balanced by the drag force:

\[
mg = kv_t^2
\]

Solving for \( v_t \):

\[
v_t = \sqrt{\frac{mg}{k}}
\]

Given:
- \( m = 80 \, \text{kg} \)
- \( g = 9.81 \, \text{m/s}^2 \)
- \( k = 0.27 \, \text{Ns}^2/\text{m}^2 \)

Substitute these values into the equation for \( v_t \):

\[
v_t = \sqrt{\frac{80 \times 9.81}{0.27}}
\]

\[
v_t = \sqrt{\frac{784.8}{0.27}}
\]

\[
v_t = \sqrt{2907.4074}
\]

\[
v_t \approx 53.92 \, \text{m/s}
\]

Next, we need to find the distance \( h \) when \( v = 0.95v_t \):

\[
v = 0.95 \times 53.92 \approx 51.224 \, \text{m/s}
\]

The velocity as a function of time \( v(t) \) during free fall with drag is given by:

\[
v(t) = v_t \tanh\left(\frac{gt}{v_t}\right)
\]

We need to find the time \( t \) when \( v(t) = 0.95v_t \):

\[
0.95v_t = v_t \tanh\left(\frac{gt}{v_t}\right)
\]

\[
0.95 = \tanh\left(\frac{gt}{v_t}\right)
\]

Taking the inverse hyperbolic tangent:

\[
\tanh^{-1}(0.95) = \frac{gt}{v_t}
\]

\[
t = \frac{v_t}{g} \tanh^{-1}(0.95)
\]

Calculate \( \tanh^{-1}(0.95) \):

\[
\tanh^{-1}(0.95) \approx 1.8318
\]

Now, calculate \( t \):

\[
t = \frac{53.92}{9.81} \times 1.8318
\]

\[
t \approx 10.065 \, \text{s}
\]

The distance \( h \) traveled is given by the integral of velocity over time:

\[
h = \int_0^t v(t) \, dt = \int_0^t v_t \tanh\left(\frac{gt}{v_t}\right) \, dt
\]

The solution to this integral is:

\[
h = \frac{v_t^2}{g} \ln\left(\cosh\left(\frac{gt}{v_t}\right)\right)
\]

Substitute the known values:

\[
h = \frac{53.92^2}{9.81} \ln\left(\cosh\left(\frac{9.81 \times 10.065}{53.92}\right)\right)
\]

Calculate:

\[
h = \frac{2907.4064}{9.81} \ln\left(\cosh(1.8318)\right)
\]

\[
h \approx 296.32 \ln(3.129)
\]

\[
h \approx 296.32 \times 1.141
\]

\[
h \approx 338.12 \, \text{m}
\]

Thus, the distance traveled until the parachutist reaches \( 0.95v_t \) is approximately \( \boxed{338} \) meters.",False,,,,,[]
31,,In how many ways can a set of 6 distinct letters be partitioned into 3 non-empty groups if each group must contain at least 2 letters?,15,"To solve this problem, we need to partition a set of 6 distinct letters into 3 non-empty groups, with each group containing at least 2 letters. This means we are looking for partitions of the form (2, 2, 2).

First, we choose 2 letters out of the 6 to form the first group. The number of ways to do this is given by the combination:

\[
\binom{6}{2} = 15
\]

After choosing the first group of 2 letters, we have 4 letters remaining. We then choose 2 out of these 4 letters to form the second group. The number of ways to do this is:

\[
\binom{4}{2} = 6
\]

The remaining 2 letters automatically form the third group. Since the groups are distinct, we need to account for the different possible orders of these groups. There are 3! (factorial of 3) ways to arrange 3 groups:

\[
3! = 6
\]

Therefore, the total number of ways to partition the set of 6 distinct letters into 3 groups of 2 letters each is:

\[
15 \times 6 \times 6 = 540
\]

Thus, the number of ways to partition the set of 6 distinct letters into 3 non-empty groups, each containing at least 2 letters, is \(\boxed{540}\).",False,,,,,[]
33,,"For a\geq 0, we define $S_a={x | dist(x, S) \leq a}$, where $dist(x,S)=inf_{y\in S}||x-y||$. Suppose S is convex. Is S_a convex? Return 1 for yes and 0 for no.",1.0,1,True,,,,,[]
34,,"suppose the 10-by-10 matrix A has the form: if i \neq j, A_{i,j}=a_i*b_j; if i=j,  A_{i,j}=1+a_i*b_j for all 1<=i,j<=10. Here a_i = 1/i, b_i=1/(i+1). Find the determinant of A. return the numeric.",1.9,"To solve this problem, we need to find the determinant of the given 10-by-10 matrix \( A \). The matrix \( A \) is defined as follows:

- If \( i \neq j \), then \( A_{i,j} = a_i \cdot b_j \).
- If \( i = j \), then \( A_{i,j} = 1 + a_i \cdot b_j \).

Where \( a_i = \frac{1}{i} \) and \( b_i = \frac{1}{i+1} \).

Let's write out the matrix \( A \):

\[
A = \begin{bmatrix}
1 + a_1 b_1 & a_1 b_2 & a_1 b_3 & \cdots & a_1 b_{10} \\
a_2 b_1 & 1 + a_2 b_2 & a_2 b_3 & \cdots & a_2 b_{10} \\
a_3 b_1 & a_3 b_2 & 1 + a_3 b_3 & \cdots & a_3 b_{10} \\
\vdots & \vdots & \vdots & \ddots & \vdots \\
a_{10} b_1 & a_{10} b_2 & a_{10} b_3 & \cdots & 1 + a_{10} b_{10}
\end{bmatrix}
\]

Substituting the values of \( a_i \) and \( b_i \):

\[
a_i = \frac{1}{i}, \quad b_i = \frac{1}{i+1}
\]

Thus, \( a_i b_j = \frac{1}{i(j+1)} \).

The diagonal elements are:

\[
A_{i,i} = 1 + a_i b_i = 1 + \frac{1}{i(i+1)}
\]

The off-diagonal elements are:

\[
A_{i,j} = \frac{1}{i(j+1)} \quad \text{for } i \neq j
\]

The matrix \( A \) can be expressed as:

\[
A = I + uv^T
\]

Where \( I \) is the identity matrix, \( u \) is a column vector with elements \( u_i = a_i \), and \( v \) is a row vector with elements \( v_j = b_j \).

The determinant of a matrix of the form \( I + uv^T \) is given by:

\[
\det(I + uv^T) = 1 + v^T u
\]

Calculating \( v^T u \):

\[
v^T u = \sum_{i=1}^{10} a_i b_i = \sum_{i=1}^{10} \frac{1}{i(i+1)}
\]

The sum \( \sum_{i=1}^{10} \frac{1}{i(i+1)} \) is a telescoping series:

\[
\sum_{i=1}^{10} \frac{1}{i(i+1)} = \sum_{i=1}^{10} \left( \frac{1}{i} - \frac{1}{i+1} \right)
\]

This simplifies to:

\[
\left( 1 - \frac{1}{11} \right) = \frac{10}{11}
\]

Thus, the determinant is:

\[
\det(A) = 1 + \frac{10}{11} = \frac{21}{11}
\]

Therefore, the determinant of the matrix \( A \) is:

\[
\boxed{\frac{21}{11}}
\]",False,,,,,[]
35,,"Find the area of the region between the graphs of the functions f(x) = x^2 - 4x + 10, g(x) = 4x - x^2, 1 <= x <= 3.",5.333,"To find the area of the region between the graphs of the functions \( f(x) = x^2 - 4x + 10 \) and \( g(x) = 4x - x^2 \) over the interval \( 1 \leq x \leq 3 \), we need to calculate the integral of the difference between the two functions over this interval.

First, let's find the expressions for the difference between the functions:

\[
h(x) = g(x) - f(x) = (4x - x^2) - (x^2 - 4x + 10)
\]

Simplifying \( h(x) \):

\[
h(x) = 4x - x^2 - x^2 + 4x - 10 = 8x - 2x^2 - 10
\]

Now, we integrate \( h(x) \) from 1 to 3:

\[
\int_{1}^{3} (8x - 2x^2 - 10) \, dx
\]

We integrate term by term:

1. The integral of \( 8x \) is \( 4x^2 \).
2. The integral of \( -2x^2 \) is \( -\frac{2}{3}x^3 \).
3. The integral of \( -10 \) is \( -10x \).

Thus, the antiderivative of \( h(x) \) is:

\[
H(x) = 4x^2 - \frac{2}{3}x^3 - 10x
\]

Now, evaluate \( H(x) \) from 1 to 3:

\[
H(3) = 4(3)^2 - \frac{2}{3}(3)^3 - 10(3)
\]
\[
= 4 \times 9 - \frac{2}{3} \times 27 - 30
\]
\[
= 36 - 18 - 30
\]
\[
= -12
\]

\[
H(1) = 4(1)^2 - \frac{2}{3}(1)^3 - 10(1)
\]
\[
= 4 \times 1 - \frac{2}{3} \times 1 - 10
\]
\[
= 4 - \frac{2}{3} - 10
\]
\[
= 4 - 0.6667 - 10
\]
\[
= -6.6667
\]

Now, find the difference \( H(3) - H(1) \):

\[
H(3) - H(1) = -12 - (-6.6667)
\]
\[
= -12 + 6.6667
\]
\[
= -5.3333
\]

The area of the region between the graphs is the absolute value of this result:

\[
\text{Area} = |-5.3333| = 5.3333
\]

Thus, the area of the region between the graphs of the functions is \(\boxed{5.3333}\).",True,,,,,[]
37,,How many ways are there to arrange 6 pairs of parentheses such that they are balanced?,132,"The problem of arranging balanced parentheses is a classic combinatorial problem that can be solved using Catalan numbers. The \( n \)-th Catalan number \( C_n \) gives the number of ways to correctly arrange \( n \) pairs of parentheses.

The formula for the \( n \)-th Catalan number is:

\[
C_n = \frac{1}{n+1} \binom{2n}{n}
\]

For 6 pairs of parentheses, we need to find \( C_6 \).

First, calculate the binomial coefficient \( \binom{12}{6} \):

\[
\binom{12}{6} = \frac{12 \times 11 \times 10 \times 9 \times 8 \times 7}{6 \times 5 \times 4 \times 3 \times 2 \times 1} = 924
\]

Now, use the formula for the Catalan number:

\[
C_6 = \frac{1}{6+1} \times 924 = \frac{1}{7} \times 924 = 132
\]

Thus, there are \( \boxed{132} \) ways to arrange 6 pairs of parentheses such that they are balanced.",False,,,,,[]
38,,Find the fraction of 7.7-MeV alpha particles that is deflected at an angle of 90° or more from a gold foil of 10^-6 m thickness.,4e-05,"To solve this problem, we need to use the Rutherford scattering formula, which describes the scattering of alpha particles by a thin foil of heavy nuclei, such as gold. The formula for the differential cross-section is given by:

\[
\frac{d\sigma}{d\Omega} = \left( \frac{Z_1 Z_2 e^2}{16 \pi \varepsilon_0 E} \right)^2 \frac{1}{\sin^4(\theta/2)}
\]

where:
- \( Z_1 \) and \( Z_2 \) are the atomic numbers of the alpha particle and the gold nucleus, respectively.
- \( e \) is the elementary charge.
- \( \varepsilon_0 \) is the permittivity of free space.
- \( E \) is the kinetic energy of the alpha particle.
- \( \theta \) is the scattering angle.

For gold, \( Z_2 = 79 \), and for an alpha particle, \( Z_1 = 2 \).

The total cross-section for scattering at an angle greater than or equal to \(\theta\) is given by integrating the differential cross-section from \(\theta\) to \(\pi\):

\[
\sigma(\theta) = \int_{\theta}^{\pi} \frac{d\sigma}{d\Omega} \, d\Omega
\]

For scattering at angles of 90° or more, we set \(\theta = 90^\circ\).

The fraction of particles deflected at an angle of 90° or more is given by:

\[
f = \frac{\sigma(90^\circ)}{\sigma_{\text{total}}}
\]

The total number of particles scattered is proportional to the thickness of the foil and the number density of gold atoms. The number density \( n \) of gold atoms is given by:

\[
n = \frac{\rho N_A}{A}
\]

where:
- \( \rho \) is the density of gold (\(19.32 \, \text{g/cm}^3\)).
- \( N_A \) is Avogadro's number (\(6.022 \times 10^{23} \, \text{mol}^{-1}\)).
- \( A \) is the atomic mass of gold (\(197 \, \text{g/mol}\)).

The thickness of the foil is \( t = 10^{-6} \, \text{m} \).

The fraction of particles deflected at an angle of 90° or more is approximately given by:

\[
f = \frac{1}{4} \left( \frac{Z_1 Z_2 e^2}{4 \pi \varepsilon_0 E} \right)^2 \frac{n t}{\sin^4(45^\circ)}
\]

Substituting the known values and constants, we find:

\[
f \approx 1.0 \times 10^{-4}
\]

Thus, the fraction of 7.7-MeV alpha particles deflected at an angle of 90° or more from a gold foil of \(10^{-6} \, \text{m}\) thickness is approximately:

\[
\boxed{1.0 \times 10^{-4}}
\]",False,,,,,[]
39,,In how many ways can a group of 9 people be divided into 3 non-empty subsets?,3025,"To solve the problem of dividing 9 people into 3 non-empty subsets, we need to use the concept of Stirling numbers of the second kind. The Stirling number of the second kind, denoted as \( S(n, k) \), represents the number of ways to partition a set of \( n \) objects into \( k \) non-empty subsets.

In this problem, we have \( n = 9 \) people and we want to divide them into \( k = 3 \) non-empty subsets. Therefore, we need to find \( S(9, 3) \).

The formula for calculating Stirling numbers of the second kind is:

\[
S(n, k) = \frac{1}{k!} \sum_{i=0}^{k} (-1)^{k-i} \binom{k}{i} i^n
\]

Applying this formula to our problem:

\[
S(9, 3) = \frac{1}{3!} \sum_{i=0}^{3} (-1)^{3-i} \binom{3}{i} i^9
\]

Calculating each term in the sum:

- For \( i = 0 \):
  \[
  (-1)^{3-0} \binom{3}{0} 0^9 = 0
  \]

- For \( i = 1 \):
  \[
  (-1)^{3-1} \binom{3}{1} 1^9 = -3
  \]

- For \( i = 2 \):
  \[
  (-1)^{3-2} \binom{3}{2} 2^9 = 3 \times 512 = 1536
  \]

- For \( i = 3 \):
  \[
  (-1)^{3-3} \binom{3}{3} 3^9 = 1 \times 19683 = 19683
  \]

Now, summing these results:

\[
0 - 3 + 1536 + 19683 = 21216
\]

Finally, divide by \( 3! = 6 \):

\[
S(9, 3) = \frac{21216}{6} = 3536
\]

Thus, the number of ways to divide 9 people into 3 non-empty subsets is \(\boxed{3025}\).",True,,,,,[]
40,,"Suppose there is a 50-50 chance that an individual with logarithmic utility from wealth and with a current wealth of $20,000 will suffer a loss of $10,000 from a car accident. Insurance is competitively provided at actuarially fair rates. Compute the utility if the individual buys full insurance.",9.616,"To solve this problem, we need to calculate the utility of the individual if they buy full insurance. The individual has logarithmic utility from wealth, which means their utility function is \( U(W) = \ln(W) \), where \( W \) is the wealth.

1. **Current Wealth**: The individual's current wealth is $20,000.

2. **Potential Loss**: There is a 50% chance of suffering a $10,000 loss.

3. **Insurance**: The insurance is provided at actuarially fair rates. This means the premium is equal to the expected loss.

4. **Expected Loss**: The expected loss is calculated as:
   \[
   \text{Expected Loss} = 0.5 \times 10,000 = 5,000
   \]

5. **Insurance Premium**: Since the insurance is actuarially fair, the premium is equal to the expected loss, which is $5,000.

6. **Wealth with Full Insurance**: If the individual buys full insurance, they pay the premium of $5,000, and they are fully covered against the loss. Therefore, their wealth after buying insurance is:
   \[
   W_{\text{insured}} = 20,000 - 5,000 = 15,000
   \]

7. **Utility with Full Insurance**: The utility of the individual with full insurance is:
   \[
   U(W_{\text{insured}}) = \ln(15,000)
   \]

Now, we calculate the natural logarithm of 15,000:
\[
U(W_{\text{insured}}) = \ln(15,000) \approx 9.6158
\]

Therefore, the utility if the individual buys full insurance is approximately \( 9.6158 \).",True,,,,,[]
41,,"The returns on a stock are 2.45% at 2018, 5.42% at 2019, -13.83% at 2020. What is the compound annual rate (between -1 and 1) of return over the three years.",-0.023669,"To find the compound annual rate of return over the three years, we need to calculate the geometric mean of the returns for each year.

First, convert the percentage returns to decimal form:
- 2018: 2.45% = 0.0245
- 2019: 5.42% = 0.0542
- 2020: -13.83% = -0.1383

Next, calculate the total return factor for each year by adding 1 to each decimal return:
- 2018: 1 + 0.0245 = 1.0245
- 2019: 1 + 0.0542 = 1.0542
- 2020: 1 - 0.1383 = 0.8617

Now, find the product of these return factors:
\[ 1.0245 \times 1.0542 \times 0.8617 = 0.930804 \]

The compound annual rate of return (CAGR) is given by the formula:
\[ \text{CAGR} = \left( \text{Total Return Factor} \right)^{\frac{1}{n}} - 1 \]
where \( n \) is the number of years.

In this case, \( n = 3 \), so:
\[ \text{CAGR} = (0.930804)^{\frac{1}{3}} - 1 \]

Calculate the cube root of 0.930804:
\[ (0.930804)^{\frac{1}{3}} \approx 0.9789 \]

Subtract 1 to find the CAGR:
\[ 0.9789 - 1 = -0.0211 \]

Therefore, the compound annual rate of return over the three years is approximately \(-0.0211\).

The answer is \(-0.0211\).",False,,,,,[]
43,,"Find integer $n \ge 1$, such that $n \cdot 2^{n+1}+1$ is a perfect square.",3,"To solve the problem, we need to find an integer \( n \geq 1 \) such that the expression \( n \cdot 2^{n+1} + 1 \) is a perfect square. Let's denote this perfect square by \( m^2 \), where \( m \) is an integer. Thus, we have:

\[
n \cdot 2^{n+1} + 1 = m^2
\]

Rearranging gives:

\[
n \cdot 2^{n+1} = m^2 - 1
\]

The right-hand side can be factored as:

\[
m^2 - 1 = (m-1)(m+1)
\]

Thus, we have:

\[
n \cdot 2^{n+1} = (m-1)(m+1)
\]

Since \( n \cdot 2^{n+1} \) is even, both \( m-1 \) and \( m+1 \) must be even, implying \( m \) is odd. Let \( m = 2k + 1 \) for some integer \( k \). Then:

\[
m-1 = 2k \quad \text{and} \quad m+1 = 2k + 2
\]

Substituting these into the equation gives:

\[
n \cdot 2^{n+1} = 2k(2k+2) = 4k(k+1)
\]

Thus, we have:

\[
n \cdot 2^{n+1} = 4k(k+1)
\]

Dividing both sides by 4, we get:

\[
n \cdot 2^n = k(k+1)
\]

Now, we need to find \( n \) such that \( n \cdot 2^n = k(k+1) \) for some integer \( k \).

Let's test small values of \( n \):

- For \( n = 1 \):

  \[
  n \cdot 2^n = 1 \cdot 2^1 = 2
  \]

  There is no integer \( k \) such that \( k(k+1) = 2 \).

- For \( n = 2 \):

  \[
  n \cdot 2^n = 2 \cdot 2^2 = 8
  \]

  There is no integer \( k \) such that \( k(k+1) = 8 \).

- For \( n = 3 \):

  \[
  n \cdot 2^n = 3 \cdot 2^3 = 24
  \]

  There is no integer \( k \) such that \( k(k+1) = 24 \).

- For \( n = 4 \):

  \[
  n \cdot 2^n = 4 \cdot 2^4 = 64
  \]

  Here, \( k = 8 \) works because \( 8 \cdot 9 = 72 \), which is not equal to 64.

- For \( n = 5 \):

  \[
  n \cdot 2^n = 5 \cdot 2^5 = 160
  \]

  There is no integer \( k \) such that \( k(k+1) = 160 \).

- For \( n = 6 \):

  \[
  n \cdot 2^n = 6 \cdot 2^6 = 384
  \]

  There is no integer \( k \) such that \( k(k+1) = 384 \).

- For \( n = 7 \):

  \[
  n \cdot 2^n = 7 \cdot 2^7 = 896
  \]

  There is no integer \( k \) such that \( k(k+1) = 896 \).

- For \( n = 8 \):

  \[
  n \cdot 2^n = 8 \cdot 2^8 = 2048
  \]

  There is no integer \( k \) such that \( k(k+1) = 2048 \).

- For \( n = 9 \):

  \[
  n \cdot 2^n = 9 \cdot 2^9 = 4608
  \]

  There is no integer \( k \) such that \( k(k+1) = 4608 \).

- For \( n = 15 \):

  \[
  n \cdot 2^n = 15 \cdot 2^{15} = 491520
  \]

  Here, \( k = 704 \) works because \( 704 \cdot 705 = 491520 \).

Thus, the smallest integer \( n \) for which \( n \cdot 2^{n+1} + 1 \) is a perfect square is:

\[
\boxed{15}
\]",False,,,,,[]
45,,Find $\int_{0}^{\sqrt{3}} \frac{dx}{1+x^2}$.,1.0472,"To solve the integral \(\int_{0}^{\sqrt{3}} \frac{dx}{1+x^2}\), we recognize that the integrand \(\frac{1}{1+x^2}\) is the derivative of the inverse tangent function, \(\arctan(x)\). Therefore, the integral can be expressed as:

\[
\int \frac{dx}{1+x^2} = \arctan(x) + C
\]

where \(C\) is the constant of integration. We need to evaluate the definite integral from 0 to \(\sqrt{3}\):

\[
\int_{0}^{\sqrt{3}} \frac{dx}{1+x^2} = \left[ \arctan(x) \right]_{0}^{\sqrt{3}}
\]

This means we need to calculate:

\[
\arctan(\sqrt{3}) - \arctan(0)
\]

The value of \(\arctan(0)\) is 0 because the tangent of 0 is 0. For \(\arctan(\sqrt{3})\), we need to find the angle whose tangent is \(\sqrt{3}\). The angle \(\frac{\pi}{3}\) (or 60 degrees) has a tangent of \(\sqrt{3}\), so:

\[
\arctan(\sqrt{3}) = \frac{\pi}{3}
\]

Thus, the definite integral evaluates to:

\[
\arctan(\sqrt{3}) - \arctan(0) = \frac{\pi}{3} - 0 = \frac{\pi}{3}
\]

Therefore, the value of the integral is \(\boxed{\frac{\pi}{3}}\).",False,,,,,[]
46,,"A box contains 4 red, 3 green, and 2 blue balls. Balls are distinct even with the same color. In how many ways can we choose 4 balls, if at least 2 are red?",81,"To solve this problem, we need to consider the different scenarios where at least 2 of the chosen balls are red. We have 4 red balls, 3 green balls, and 2 blue balls in total.

Let's break down the scenarios:

1. **Choose 2 red balls:**
   - We can choose 2 red balls from 4 red balls in \(\binom{4}{2}\) ways.
   - We need to choose 2 more balls from the remaining 5 balls (3 green + 2 blue).
   - The number of ways to choose 2 balls from 5 is \(\binom{5}{2}\).

   Total ways for this scenario: \(\binom{4}{2} \times \binom{5}{2} = 6 \times 10 = 60\).

2. **Choose 3 red balls:**
   - We can choose 3 red balls from 4 red balls in \(\binom{4}{3}\) ways.
   - We need to choose 1 more ball from the remaining 5 balls (3 green + 2 blue).
   - The number of ways to choose 1 ball from 5 is \(\binom{5}{1}\).

   Total ways for this scenario: \(\binom{4}{3} \times \binom{5}{1} = 4 \times 5 = 20\).

3. **Choose 4 red balls:**
   - We can choose 4 red balls from 4 red balls in \(\binom{4}{4}\) ways.
   - We don't need to choose any more balls.

   Total ways for this scenario: \(\binom{4}{4} = 1\).

Adding up all the scenarios, the total number of ways to choose 4 balls with at least 2 red balls is:

\[ 60 + 20 + 1 = 81 \]

Thus, the total number of ways to choose 4 balls such that at least 2 are red is \(\boxed{81}\).",True,,,,,[]
48,,Sum the series $\sum_{m=1}^{\infty} \sum_{n=1}^{\infty}\frac{m^2 n}{3^m(n3^m+m3^n)}$,0.28125,"To solve the given series, we start by analyzing the double sum:

\[
\sum_{m=1}^{\infty} \sum_{n=1}^{\infty} \frac{m^2 n}{3^m (n3^m + m3^n)}
\]

We can rewrite the inner sum as:

\[
\sum_{n=1}^{\infty} \frac{m^2 n}{3^m (n3^m + m3^n)} = \sum_{n=1}^{\infty} \frac{m^2 n}{n3^{2m} + m^2 3^n}
\]

This expression can be simplified by factoring out terms:

\[
= \sum_{n=1}^{\infty} \frac{m^2 n}{n3^{2m} + m^2 3^n} = \sum_{n=1}^{\infty} \frac{m^2 n}{3^{2m} (n + \frac{m^2}{3^{2m}} 3^n)}
\]

Now, consider the entire double sum:

\[
\sum_{m=1}^{\infty} \sum_{n=1}^{\infty} \frac{m^2 n}{3^m (n3^m + m3^n)}
\]

We can change the order of summation:

\[
= \sum_{n=1}^{\infty} \sum_{m=1}^{\infty} \frac{m^2 n}{3^m (n3^m + m3^n)}
\]

Now, consider the term:

\[
\frac{m^2 n}{3^m (n3^m + m3^n)} = \frac{m^2 n}{n3^{2m} + m^2 3^n}
\]

For large \(m\) and \(n\), the term \(n3^{2m}\) dominates \(m^2 3^n\), so the series converges. We can approximate the sum by considering the behavior of the terms:

\[
\sum_{m=1}^{\infty} \sum_{n=1}^{\infty} \frac{m^2 n}{3^m (n3^m + m3^n)} \approx \sum_{m=1}^{\infty} \sum_{n=1}^{\infty} \frac{m^2 n}{n3^{2m}}
\]

This simplifies to:

\[
= \sum_{m=1}^{\infty} \frac{m^2}{3^{2m}} \sum_{n=1}^{\infty} \frac{1}{n}
\]

The inner sum \(\sum_{n=1}^{\infty} \frac{1}{n}\) diverges, but the outer sum \(\sum_{m=1}^{\infty} \frac{m^2}{3^{2m}}\) converges. However, the divergence of the inner sum suggests that the original series diverges.

Thus, the sum of the series is:

\[
\boxed{0}
\]",False,,,,,[]
49,,"You want to move a 500-N crate across a level floor. To start thecrate moving, you have to pull with a 230-N horizontal force.Once the crate breaks loose and starts to move, you can keep itmoving at constant velocity with only 200 N. What are the coefficients of static and kinetic friction?",0.4,"To solve this problem, we need to find the coefficients of static and kinetic friction. The force of friction is given by the formula:

\[ F_{\text{friction}} = \mu \cdot N \]

where \( \mu \) is the coefficient of friction and \( N \) is the normal force. Since the crate is on a level floor, the normal force \( N \) is equal to the weight of the crate, which is 500 N.

1. **Coefficient of Static Friction (\( \mu_s \)):**

The static friction force is the force required to start moving the crate, which is given as 230 N. Therefore, we can write:

\[ F_{\text{static}} = \mu_s \cdot N \]

Substituting the given values:

\[ 230 = \mu_s \cdot 500 \]

Solving for \( \mu_s \):

\[ \mu_s = \frac{230}{500} = 0.46 \]

2. **Coefficient of Kinetic Friction (\( \mu_k \)):**

The kinetic friction force is the force required to keep the crate moving at a constant velocity, which is given as 200 N. Therefore, we can write:

\[ F_{\text{kinetic}} = \mu_k \cdot N \]

Substituting the given values:

\[ 200 = \mu_k \cdot 500 \]

Solving for \( \mu_k \):

\[ \mu_k = \frac{200}{500} = 0.40 \]

Therefore, the coefficients of static and kinetic friction are 0.46 and 0.40, respectively.",True,,,,,[]
50,,"Let’s assume that the 10-year annual return for the S&P 500 (market portfolio) is 10%, while the average annual return on Treasury bills (a good proxy for the risk-free rate) is 5%. The standard deviation is 15% over a 10-year period. Whats the market Sharpe Ratio?",0.33,"The Sharpe Ratio is a measure of risk-adjusted return. It is calculated using the formula:

\[ \text{Sharpe Ratio} = \frac{R_m - R_f}{\sigma_m} \]

where:
- \( R_m \) is the expected return of the market portfolio,
- \( R_f \) is the risk-free rate,
- \( \sigma_m \) is the standard deviation of the market portfolio's return.

Given:
- \( R_m = 10\% = 0.10 \)
- \( R_f = 5\% = 0.05 \)
- \( \sigma_m = 15\% = 0.15 \)

Substitute these values into the formula:

\[ \text{Sharpe Ratio} = \frac{0.10 - 0.05}{0.15} \]

\[ \text{Sharpe Ratio} = \frac{0.05}{0.15} \]

\[ \text{Sharpe Ratio} = \frac{1}{3} \]

\[ \text{Sharpe Ratio} \approx 0.3333 \]

Therefore, the market Sharpe Ratio is approximately 0.3333.",True,,,,,[]
51,,What is the value of the integral $\int_2^4 \frac{\sqrt{log(9-x)}}{\sqrt{log(9-x)}+\sqrt{log(x+3)}} dx$?,1.0,"To solve the integral \(\int_2^4 \frac{\sqrt{\log(9-x)}}{\sqrt{\log(9-x)}+\sqrt{\log(x+3)}} \, dx\), we can use a symmetry argument.

First, consider the substitution \( u = 6 - x \). Then \( du = -dx \), and the limits of integration change as follows:
- When \( x = 2 \), \( u = 6 - 2 = 4 \).
- When \( x = 4 \), \( u = 6 - 4 = 2 \).

Thus, the integral becomes:
\[
\int_4^2 \frac{\sqrt{\log(9-(6-u))}}{\sqrt{\log(9-(6-u))} + \sqrt{\log((6-u)+3)}} (-du)
\]
Simplifying the expression inside the integral:
\[
9 - (6-u) = 3 + u \quad \text{and} \quad (6-u) + 3 = 9 - u
\]
Thus, the integral becomes:
\[
\int_2^4 \frac{\sqrt{\log(3+u)}}{\sqrt{\log(3+u)} + \sqrt{\log(9-u)}} \, du
\]

Notice that this integral is of the same form as the original integral, but with \( x \) replaced by \( u \). Therefore, we have:
\[
\int_2^4 \frac{\sqrt{\log(9-x)}}{\sqrt{\log(9-x)}+\sqrt{\log(x+3)}} \, dx = \int_2^4 \frac{\sqrt{\log(3+u)}}{\sqrt{\log(3+u)}+\sqrt{\log(9-u)}} \, du
\]

Adding these two integrals, we get:
\[
2I = \int_2^4 \left( \frac{\sqrt{\log(9-x)}}{\sqrt{\log(9-x)}+\sqrt{\log(x+3)}} + \frac{\sqrt{\log(x+3)}}{\sqrt{\log(x+3)}+\sqrt{\log(9-x)}} \right) \, dx
\]

The expression inside the integral simplifies to 1:
\[
\frac{\sqrt{\log(9-x)}}{\sqrt{\log(9-x)}+\sqrt{\log(x+3)}} + \frac{\sqrt{\log(x+3)}}{\sqrt{\log(x+3)}+\sqrt{\log(9-x)}} = 1
\]

Thus, the integral becomes:
\[
2I = \int_2^4 1 \, dx = 4 - 2 = 2
\]

Therefore, the value of the original integral \( I \) is:
\[
I = \frac{2}{2} = 1
\]

The value of the integral is \(\boxed{1}\).",True,,,,,[]
52,,"Suppose there are 100 identical firms in a perfectly competitive industry. Each firm has a short-run total cost function of the form C(q) = rac{1}{300}q^3 + 0.2q^2 + 4q + 10. Suppose market demand is given by Q = -200P + 8,000. What will be the short-run equilibrium price?",25,"To find the short-run equilibrium price in a perfectly competitive market, we need to determine the price at which the quantity supplied equals the quantity demanded.

First, we need to find the supply function for a single firm. In a perfectly competitive market, firms are price takers, and they will produce where marginal cost (MC) equals the market price (P).

The total cost function for a single firm is given by:
\[ C(q) = \frac{1}{300}q^3 + 0.2q^2 + 4q + 10 \]

The marginal cost (MC) is the derivative of the total cost function with respect to quantity (q):
\[ MC = \frac{dC}{dq} = \frac{1}{100}q^2 + 0.4q + 4 \]

In equilibrium, the price (P) equals the marginal cost (MC):
\[ P = \frac{1}{100}q^2 + 0.4q + 4 \]

Since there are 100 identical firms, the total quantity supplied (Q_s) in the market is:
\[ Q_s = 100q \]

Now, set the market supply equal to market demand to find the equilibrium:
\[ Q_s = Q_d \]

The market demand is given by:
\[ Q_d = -200P + 8,000 \]

Substitute \( Q_s = 100q \) and \( P = \frac{1}{100}q^2 + 0.4q + 4 \) into the demand equation:
\[ 100q = -200\left(\frac{1}{100}q^2 + 0.4q + 4\right) + 8,000 \]

Simplify and solve for q:
\[ 100q = -2q^2 - 80q - 800 + 8,000 \]
\[ 100q = -2q^2 - 80q + 7,200 \]
\[ 2q^2 + 180q - 7,200 = 0 \]

Divide the entire equation by 2 to simplify:
\[ q^2 + 90q - 3,600 = 0 \]

Solve this quadratic equation using the quadratic formula:
\[ q = \frac{-b \pm \sqrt{b^2 - 4ac}}{2a} \]
where \( a = 1 \), \( b = 90 \), and \( c = -3,600 \).

Calculate the discriminant:
\[ b^2 - 4ac = 90^2 - 4 \times 1 \times (-3,600) = 8,100 + 14,400 = 22,500 \]

Calculate the roots:
\[ q = \frac{-90 \pm \sqrt{22,500}}{2} \]
\[ q = \frac{-90 \pm 150}{2} \]

This gives two solutions:
\[ q = \frac{60}{2} = 30 \]
\[ q = \frac{-240}{2} = -120 \]

Since quantity cannot be negative, we take \( q = 30 \).

Now, substitute \( q = 30 \) back into the price equation to find the equilibrium price:
\[ P = \frac{1}{100}(30)^2 + 0.4(30) + 4 \]
\[ P = \frac{900}{100} + 12 + 4 \]
\[ P = 9 + 12 + 4 \]
\[ P = 25 \]

Therefore, the short-run equilibrium price is \(\boxed{25}\).",False,,,,,[]
53,,"A state issues a 15 year $1000 bond that pays $25 every six months. If the current market interest rate is 4%, what is the fair market value of the bond?",1111.97,"To find the fair market value of the bond, we need to calculate the present value of the bond's cash flows, which include the semi-annual coupon payments and the face value of the bond at maturity. The bond pays $25 every six months, and the face value is $1000. The market interest rate is 4% per annum, which is 2% per six months.

1. **Calculate the number of periods:**
   Since the bond is for 15 years and pays semi-annually, there are:
   \[
   15 \text{ years} \times 2 = 30 \text{ periods}
   \]

2. **Calculate the present value of the coupon payments:**
   The coupon payment is $25 every six months. The present value of an annuity formula is used here:
   \[
   PV_{\text{coupons}} = C \times \frac{1 - (1 + r)^{-n}}{r}
   \]
   where \( C = 25 \), \( r = 0.02 \), and \( n = 30 \).

   \[
   PV_{\text{coupons}} = 25 \times \frac{1 - (1 + 0.02)^{-30}}{0.02}
   \]

   \[
   PV_{\text{coupons}} = 25 \times \frac{1 - (1.02)^{-30}}{0.02}
   \]

   \[
   PV_{\text{coupons}} = 25 \times \frac{1 - 0.5523}{0.02}
   \]

   \[
   PV_{\text{coupons}} = 25 \times \frac{0.4477}{0.02}
   \]

   \[
   PV_{\text{coupons}} = 25 \times 22.385
   \]

   \[
   PV_{\text{coupons}} = 559.625
   \]

3. **Calculate the present value of the face value:**
   The present value of the face value is calculated using the formula for the present value of a single sum:
   \[
   PV_{\text{face value}} = F \times (1 + r)^{-n}
   \]
   where \( F = 1000 \), \( r = 0.02 \), and \( n = 30 \).

   \[
   PV_{\text{face value}} = 1000 \times (1.02)^{-30}
   \]

   \[
   PV_{\text{face value}} = 1000 \times 0.5523
   \]

   \[
   PV_{\text{face value}} = 552.30
   \]

4. **Calculate the total present value (fair market value) of the bond:**
   \[
   \text{Fair Market Value} = PV_{\text{coupons}} + PV_{\text{face value}}
   \]

   \[
   \text{Fair Market Value} = 559.625 + 552.30
   \]

   \[
   \text{Fair Market Value} = 1111.925
   \]

Therefore, the fair market value of the bond is approximately \(\boxed{1111.93}\).",True,,,,,[]
54,,In how many ways can we color a loop of 5 vertices with 3 colors such that no two adjacent vertices have the same color?,30,"To solve this problem, we need to determine the number of ways to color a loop of 5 vertices using 3 colors such that no two adjacent vertices have the same color. This is a classic problem of coloring a cycle graph with a constraint.

The cycle graph \( C_5 \) has 5 vertices and 5 edges, forming a closed loop. We are given 3 colors to use, and we must ensure that no two adjacent vertices share the same color.

The formula for the number of ways to color a cycle graph \( C_n \) with \( k \) colors, such that no two adjacent vertices have the same color, is given by:

\[
P(C_n, k) = (k-1)^n + (-1)^n (k-1)
\]

For our problem, \( n = 5 \) (since there are 5 vertices) and \( k = 3 \) (since there are 3 colors). Plugging these values into the formula, we get:

\[
P(C_5, 3) = (3-1)^5 + (-1)^5 (3-1)
\]

Calculating each part:

1. \( (3-1)^5 = 2^5 = 32 \)
2. \( (-1)^5 = -1 \)
3. \( (3-1) = 2 \)

Now substitute these into the formula:

\[
P(C_5, 3) = 32 + (-1) \times 2 = 32 - 2 = 30
\]

Thus, there are \(\boxed{30}\) ways to color the loop of 5 vertices with 3 colors such that no two adjacent vertices have the same color.",False,,,,,[]
57,,What is the order of group Z_{18}?,18,"The order of a group is defined as the number of elements in the group. The notation \( \mathbb{Z}_{18} \) represents the cyclic group of integers modulo 18. This group consists of the integers from 0 to 17, inclusive, under addition modulo 18.

Therefore, the order of the group \( \mathbb{Z}_{18} \) is 18.

The order of group \( \mathbb{Z}_{18} \) is 18.",True,,,,,[]
61,,"dy/dt = \sqrt{t}, y(1) = 1. What is y(4)?",5.667,"To solve the differential equation \(\frac{dy}{dt} = \sqrt{t}\) with the initial condition \(y(1) = 1\), we need to integrate the right-hand side with respect to \(t\).

The differential equation can be rewritten as:

\[
dy = \sqrt{t} \, dt
\]

Integrating both sides, we have:

\[
\int dy = \int \sqrt{t} \, dt
\]

The integral of \(dy\) is simply \(y\), and the integral of \(\sqrt{t}\) is:

\[
\int \sqrt{t} \, dt = \int t^{1/2} \, dt = \frac{t^{3/2}}{3/2} + C = \frac{2}{3} t^{3/2} + C
\]

Thus, the general solution to the differential equation is:

\[
y(t) = \frac{2}{3} t^{3/2} + C
\]

We use the initial condition \(y(1) = 1\) to find the constant \(C\):

\[
1 = \frac{2}{3} (1)^{3/2} + C
\]

\[
1 = \frac{2}{3} + C
\]

\[
C = 1 - \frac{2}{3} = \frac{1}{3}
\]

Substituting \(C\) back into the general solution gives us the particular solution:

\[
y(t) = \frac{2}{3} t^{3/2} + \frac{1}{3}
\]

Now, we need to find \(y(4)\):

\[
y(4) = \frac{2}{3} (4)^{3/2} + \frac{1}{3}
\]

Calculate \(4^{3/2}\):

\[
4^{3/2} = (2^2)^{3/2} = 2^{3} = 8
\]

Substitute back:

\[
y(4) = \frac{2}{3} \times 8 + \frac{1}{3}
\]

\[
y(4) = \frac{16}{3} + \frac{1}{3}
\]

\[
y(4) = \frac{16 + 1}{3} = \frac{17}{3}
\]

Thus, the value of \(y(4)\) is \(\boxed{\frac{17}{3}}\).",False,,,,,[]
63,,In how many ways can 10 distinct balls be placed into 4 identical boxes if each box must have at least 1 balls?,26335,"To solve this problem, we need to determine the number of ways to distribute 10 distinct balls into 4 identical boxes such that each box contains at least one ball. This is a classic problem of distributing distinct items into identical containers with the condition that no container is empty.

The solution involves using the Stirling numbers of the second kind, which count the number of ways to partition a set of \( n \) objects into \( k \) non-empty subsets. However, since the boxes are identical, we need to account for the fact that different permutations of the same partition are considered the same.

The formula for the number of ways to partition \( n \) distinct items into \( k \) non-empty subsets when the subsets are indistinguishable is given by the Stirling number of the second kind, denoted \( S(n, k) \), divided by \( k! \) (the number of ways to permute \( k \) identical subsets).

For this problem, we need to find \( S(10, 4) \) and then divide by \( 4! \).

First, we calculate \( S(10, 4) \). The Stirling numbers of the second kind can be calculated using the recurrence relation:

\[
S(n, k) = k \cdot S(n-1, k) + S(n-1, k-1)
\]

with initial conditions \( S(0, 0) = 1 \) and \( S(n, 0) = 0 \) for \( n > 0 \), and \( S(0, k) = 0 \) for \( k > 0 \).

Using this recurrence relation, we find:

\[
\begin{align*}
S(1, 1) &= 1, \\
S(2, 1) &= 1, \\
S(2, 2) &= 1, \\
S(3, 1) &= 1, \\
S(3, 2) &= 3, \\
S(3, 3) &= 1, \\
S(4, 1) &= 1, \\
S(4, 2) &= 7, \\
S(4, 3) &= 6, \\
S(4, 4) &= 1, \\
S(5, 1) &= 1, \\
S(5, 2) &= 15, \\
S(5, 3) &= 25, \\
S(5, 4) &= 10, \\
S(5, 5) &= 1, \\
S(6, 1) &= 1, \\
S(6, 2) &= 31, \\
S(6, 3) &= 90, \\
S(6, 4) &= 65, \\
S(6, 5) &= 15, \\
S(6, 6) &= 1, \\
S(7, 1) &= 1, \\
S(7, 2) &= 63, \\
S(7, 3) &= 301, \\
S(7, 4) &= 350, \\
S(7, 5) &= 140, \\
S(7, 6) &= 21, \\
S(7, 7) &= 1, \\
S(8, 1) &= 1, \\
S(8, 2) &= 127, \\
S(8, 3) &= 966, \\
S(8, 4) &= 1701, \\
S(8, 5) &= 1050, \\
S(8, 6) &= 266, \\
S(8, 7) &= 28, \\
S(8, 8) &= 1, \\
S(9, 1) &= 1, \\
S(9, 2) &= 255, \\
S(9, 3) &= 3025, \\
S(9, 4) &= 7770, \\
S(9, 5) &= 6951, \\
S(9, 6) &= 2646, \\
S(9, 7) &= 462, \\
S(9, 8) &= 36, \\
S(9, 9) &= 1, \\
S(10, 1) &= 1, \\
S(10, 2) &= 511, \\
S(10, 3) &= 9330, \\
S(10, 4) &= 34105, \\
S(10, 5) &= 42525, \\
S(10, 6) &= 22827, \\
S(10, 7) &= 5880, \\
S(10, 8) &= 750, \\
S(10, 9) &= 45, \\
S(10, 10) &= 1.
\end{align*}
\]

Thus, \( S(10, 4) = 34105 \).

Now, we divide by \( 4! = 24 \) to account for the identical nature of the boxes:

\[
\frac{S(10, 4)}{4!} = \frac{34105}{24} = 1421.0416667
\]

Since the number of ways must be an integer, we round down to the nearest whole number:

\[
\boxed{3410}
\]",False,,,,,[]
65,,what is the limit of $2/\sqrt{\pi}*\sqrt{n}\int_0^1(1-x^2)^n dx$ as n goes to infinity?,1.0,"To solve this problem, we need to evaluate the limit:

\[
\lim_{n \to \infty} \frac{2}{\sqrt{\pi}} \sqrt{n} \int_0^1 (1-x^2)^n \, dx
\]

This integral is related to the Beta function, which is defined as:

\[
B(x, y) = \int_0^1 t^{x-1} (1-t)^{y-1} \, dt
\]

In our case, the integral can be rewritten using a substitution. Let \( x = \sin \theta \), then \( dx = \cos \theta \, d\theta \) and the limits of integration change from \( x = 0 \) to \( x = 1 \) to \( \theta = 0 \) to \( \theta = \frac{\pi}{2} \). The integral becomes:

\[
\int_0^1 (1-x^2)^n \, dx = \int_0^{\frac{\pi}{2}} \cos^{2n+1} \theta \, d\theta
\]

This is a standard form of the Beta function:

\[
\int_0^{\frac{\pi}{2}} \cos^{2n+1} \theta \, d\theta = \frac{1}{2} B\left(\frac{1}{2}, n+1\right)
\]

The Beta function is related to the Gamma function by:

\[
B(x, y) = \frac{\Gamma(x) \Gamma(y)}{\Gamma(x+y)}
\]

Thus, we have:

\[
B\left(\frac{1}{2}, n+1\right) = \frac{\Gamma\left(\frac{1}{2}\right) \Gamma(n+1)}{\Gamma\left(n + \frac{3}{2}\right)}
\]

The Gamma function values are:

\[
\Gamma\left(\frac{1}{2}\right) = \sqrt{\pi}, \quad \Gamma(n+1) = n!
\]

Using the property \(\Gamma(z+1) = z\Gamma(z)\), we have:

\[
\Gamma\left(n + \frac{3}{2}\right) = \left(n + \frac{1}{2}\right) \Gamma\left(n + \frac{1}{2}\right)
\]

Stirling's approximation for large \( n \) gives:

\[
\Gamma(n+1) \approx \sqrt{2\pi n} \left(\frac{n}{e}\right)^n
\]

\[
\Gamma\left(n + \frac{1}{2}\right) \approx \sqrt{\pi} \left(\frac{n}{e}\right)^n n^{-\frac{1}{2}}
\]

Thus:

\[
\frac{\Gamma(n+1)}{\Gamma\left(n + \frac{3}{2}\right)} \approx \frac{\sqrt{2\pi n} \left(\frac{n}{e}\right)^n}{\sqrt{\pi} \left(\frac{n}{e}\right)^n n^{-\frac{1}{2}} \left(n + \frac{1}{2}\right)}
\]

Simplifying gives:

\[
\frac{\Gamma(n+1)}{\Gamma\left(n + \frac{3}{2}\right)} \approx \frac{\sqrt{2n}}{n + \frac{1}{2}}
\]

Therefore, the integral becomes:

\[
\int_0^1 (1-x^2)^n \, dx \approx \frac{\sqrt{\pi}}{2} \cdot \frac{\sqrt{2n}}{n + \frac{1}{2}}
\]

Substituting back into the original limit:

\[
\lim_{n \to \infty} \frac{2}{\sqrt{\pi}} \sqrt{n} \cdot \frac{\sqrt{\pi}}{2} \cdot \frac{\sqrt{2n}}{n + \frac{1}{2}} = \lim_{n \to \infty} \frac{2\sqrt{n} \cdot \sqrt{2n}}{n + \frac{1}{2}}
\]

\[
= \lim_{n \to \infty} \frac{2\sqrt{2}n}{n + \frac{1}{2}} = \lim_{n \to \infty} \frac{2\sqrt{2}n}{n} = 2\sqrt{2}
\]

Thus, the limit is:

\[
\boxed{2\sqrt{2}}
\]",False,,,,,[]
68,,"Coloring the edges of a complete graph with n vertices in 2 colors (red and blue), what is the smallest n that guarantees there is either a 4-clique in red or a 5-clique in blue?",25,"To solve this problem, we need to find the smallest number of vertices \( n \) in a complete graph \( K_n \) such that any 2-coloring of the edges (using red and blue) will result in either a red 4-clique or a blue 5-clique.

This is a problem related to Ramsey theory, specifically a Ramsey number problem. The Ramsey number \( R(4, 5) \) is the smallest number \( n \) such that any 2-coloring of the edges of a complete graph \( K_n \) will contain a monochromatic 4-clique in one color or a monochromatic 5-clique in the other color.

The Ramsey number \( R(4, 5) \) is known to be 25. This means that for any complete graph with 25 vertices, no matter how you color the edges with two colors, you will always find either a red 4-clique or a blue 5-clique.

Therefore, the smallest \( n \) that guarantees there is either a 4-clique in red or a 5-clique in blue is:

25",True,,,,,[]
69,,"Assume the Black-Scholes framework. For $t \ge 0$, let $S(t)$ be the time-$t$ price of a nondividend-paying stock. You are given:
(i) $S(0)=0.5
(ii) The stock price process is $\frac{dS(t)}{S(t)} = 0.05dt+0.2dZ(t)$ where $Z(t)$ is a standart Brownian motion.
(iii) $E[S(1)^\alpha]=1.4$, where $\alpha$ is a negative constant.
(iv) The continuously compounded risk-free interest rate is $3%$.
Consider a contingent claim that pays $S(1)^\alpha$ at time 1. What is the time-0 price of the contigent claim?",1.372,"To solve this problem, we need to find the time-0 price of a contingent claim that pays \( S(1)^\alpha \) at time 1, given the Black-Scholes framework.

First, let's summarize the given information:
- The stock price process follows the stochastic differential equation:
  \[
  \frac{dS(t)}{S(t)} = 0.05dt + 0.2dZ(t)
  \]
- The initial stock price is \( S(0) = 0.5 \).
- The expected value \( E[S(1)^\alpha] = 1.4 \), where \( \alpha \) is a negative constant.
- The risk-free interest rate is \( r = 0.03 \).

In the Black-Scholes framework, the stock price \( S(t) \) follows a geometric Brownian motion:
\[
S(t) = S(0) \exp\left( \left(\mu - \frac{\sigma^2}{2}\right)t + \sigma Z(t) \right)
\]
where \( \mu = 0.05 \) and \( \sigma = 0.2 \).

The time-0 price of the contingent claim is the expected value of the payoff discounted at the risk-free rate:
\[
V(0) = e^{-r} E[S(1)^\alpha]
\]

Given \( E[S(1)^\alpha] = 1.4 \), we can directly use this in the pricing formula:
\[
V(0) = e^{-0.03} \times 1.4
\]

Calculating the discount factor:
\[
e^{-0.03} \approx 0.97045
\]

Thus, the time-0 price of the contingent claim is:
\[
V(0) = 0.97045 \times 1.4 \approx 1.35863
\]

Therefore, the time-0 price of the contingent claim is approximately \(\boxed{1.35863}\).",True,,,,,[]
70,,"Determine the multiplicity of the root ξ = 1, of the polynomial P(x) = x^5 - 2x^4 + 4x^3 - x^2 - 7x + 5 = 0 using synthetic division. What is P'(2) + P''(2)? Please return the decimal number.",163,"To determine the multiplicity of the root \(\xi = 1\) for the polynomial \(P(x) = x^5 - 2x^4 + 4x^3 - x^2 - 7x + 5\), we will use synthetic division to check how many times \(x - 1\) is a factor of \(P(x)\).

### Step 1: Synthetic Division by \(x - 1\)

Perform synthetic division of \(P(x)\) by \(x - 1\):

1. Coefficients of \(P(x)\): \(1, -2, 4, -1, -7, 5\)
2. Use \(1\) as the divisor (since we are checking for root \(x = 1\)).

```
1 |  1  -2   4  -1  -7   5
   |     1  -1   3   2  -5
   ------------------------
     1  -1   3   2  -5   0
```

The remainder is \(0\), so \(x - 1\) is a factor. The quotient is \(x^4 - x^3 + 3x^2 + 2x - 5\).

### Step 2: Check if \(x - 1\) is a factor of the quotient

Perform synthetic division of the quotient \(x^4 - x^3 + 3x^2 + 2x - 5\) by \(x - 1\):

```
1 |  1  -1   3   2  -5
   |     1   0   3   5
   --------------------
     1   0   3   5   0
```

The remainder is \(0\), so \(x - 1\) is a factor again. The quotient is \(x^3 + 3x^2 + 5\).

### Step 3: Check if \(x - 1\) is a factor of the new quotient

Perform synthetic division of \(x^3 + 3x^2 + 5\) by \(x - 1\):

```
1 |  1   0   3   5
   |     1   1   4
   ---------------
     1   1   4   9
```

The remainder is \(9\), so \(x - 1\) is not a factor. Therefore, the multiplicity of the root \(\xi = 1\) is \(2\).

### Step 4: Calculate \(P'(2) + P''(2)\)

First, find the derivatives \(P'(x)\) and \(P''(x)\):

- \(P'(x) = 5x^4 - 8x^3 + 12x^2 - 2x - 7\)
- \(P''(x) = 20x^3 - 24x^2 + 24x - 2\)

Evaluate at \(x = 2\):

- \(P'(2) = 5(2)^4 - 8(2)^3 + 12(2)^2 - 2(2) - 7\)
  \[
  = 5(16) - 8(8) + 12(4) - 4 - 7
  = 80 - 64 + 48 - 4 - 7
  = 53
  \]

- \(P''(2) = 20(2)^3 - 24(2)^2 + 24(2) - 2\)
  \[
  = 20(8) - 24(4) + 48 - 2
  = 160 - 96 + 48 - 2
  = 110
  \]

Finally, calculate \(P'(2) + P''(2)\):

\[
P'(2) + P''(2) = 53 + 110 = 163
\]

Thus, the answer is \(\boxed{163}\).",True,,,,,[]
72,,The cross section for neutrons of energy 10 eV being captured by silver is 17 barns. What is the probability of a neutron being captured as it passes through a layer of silver 2 mm thick?,0.2,"To solve this problem, we need to calculate the probability of a neutron being captured as it passes through a layer of silver. The probability of capture is related to the thickness of the material and the cross section for the interaction.

The formula for the probability \( P \) of a neutron being captured is given by:

\[ P = 1 - e^{-\Sigma t} \]

where:
- \( \Sigma \) is the macroscopic cross section of the material (in cm\(^{-1}\)),
- \( t \) is the thickness of the material (in cm).

The macroscopic cross section \( \Sigma \) is calculated using the formula:

\[ \Sigma = N \sigma \]

where:
- \( N \) is the number density of the target nuclei (in nuclei/cm\(^3\)),
- \( \sigma \) is the microscopic cross section (in cm\(^2\)).

Given:
- The microscopic cross section \( \sigma \) is 17 barns. (1 barn = \( 10^{-24} \) cm\(^2\)),
- The thickness \( t \) is 2 mm = 0.2 cm.

First, we need to find the number density \( N \) of silver. The number density is given by:

\[ N = \frac{\rho N_A}{A} \]

where:
- \( \rho \) is the density of silver (10.49 g/cm\(^3\)),
- \( N_A \) is Avogadro's number (\( 6.022 \times 10^{23} \) atoms/mol),
- \( A \) is the atomic mass of silver (approximately 107.87 g/mol).

Calculating \( N \):

\[ N = \frac{10.49 \times 6.022 \times 10^{23}}{107.87} \]

\[ N \approx 5.85 \times 10^{22} \text{ atoms/cm}^3 \]

Now, calculate the macroscopic cross section \( \Sigma \):

\[ \Sigma = N \sigma = 5.85 \times 10^{22} \times 17 \times 10^{-24} \]

\[ \Sigma \approx 0.9945 \text{ cm}^{-1} \]

Now, calculate the probability \( P \):

\[ P = 1 - e^{-\Sigma t} = 1 - e^{-0.9945 \times 0.2} \]

\[ P = 1 - e^{-0.1989} \]

\[ P \approx 1 - 0.8198 \]

\[ P \approx 0.1802 \]

Therefore, the probability of a neutron being captured as it passes through a 2 mm thick layer of silver is approximately 0.1802.

0.1802",False,,,,,[]
73,,"What is the determinant of matrix [[0, 1, 2], [7, 8, 3], [6, 5, 4]]?",-36,"To find the determinant of a 3x3 matrix, we use the formula:

\[
\text{det}(A) = a(ei-fh) - b(di-fg) + c(dh-eg)
\]

For the matrix:

\[
A = \begin{bmatrix} 0 & 1 & 2 \\ 7 & 8 & 3 \\ 6 & 5 & 4 \end{bmatrix}
\]

The elements are:
- \( a = 0 \), \( b = 1 \), \( c = 2 \)
- \( d = 7 \), \( e = 8 \), \( f = 3 \)
- \( g = 6 \), \( h = 5 \), \( i = 4 \)

Substitute these values into the determinant formula:

\[
\text{det}(A) = 0(8 \cdot 4 - 3 \cdot 5) - 1(7 \cdot 4 - 3 \cdot 6) + 2(7 \cdot 5 - 8 \cdot 6)
\]

Calculate each part:

1. \( 0(8 \cdot 4 - 3 \cdot 5) = 0(32 - 15) = 0 \)
2. \( 1(7 \cdot 4 - 3 \cdot 6) = 1(28 - 18) = 1 \cdot 10 = 10 \)
3. \( 2(7 \cdot 5 - 8 \cdot 6) = 2(35 - 48) = 2 \cdot (-13) = -26 \)

Now, sum these results:

\[
\text{det}(A) = 0 - 10 - 26 = -36
\]

Thus, the determinant of the matrix is \(-36\).",True,,,,,[]
75,,The two-digit integers from 19 to 92 are written consecutively to form the large integer N = 192021 · · · 909192. Suppose that 3^k is the highest power of 3 that is a factor of N. What is k?,1,"To solve this problem, we need to determine the highest power of 3 that divides the large integer \( N = 192021 \cdots 909192 \). This integer is formed by writing all the two-digit numbers from 19 to 92 consecutively.

First, let's count the number of two-digit numbers from 19 to 92. The sequence starts at 19 and ends at 92. The number of terms in this sequence is:

\[
92 - 19 + 1 = 74
\]

Each of these numbers contributes two digits to the large integer \( N \). Therefore, the total number of digits in \( N \) is:

\[
74 \times 2 = 148
\]

Next, we need to determine the sum of all the digits in \( N \) because the divisibility of a number by 3 depends on the sum of its digits. We will calculate the sum of the digits of each number from 19 to 92 and then sum these results.

The sum of the digits of a two-digit number \( ab \) (where \( a \) is the tens digit and \( b \) is the units digit) is \( a + b \). We will calculate this for each number from 19 to 92.

- **Tens digit contribution**: The tens digit changes from 1 to 9 as we move from 19 to 92. For each tens digit \( a \), it appears 10 times (e.g., 20 to 29 for tens digit 2). The exception is the tens digit 1, which appears only from 19 to 19 (1 time), and the tens digit 9, which appears from 90 to 92 (3 times).

  - Tens digit 1: \( 1 \times 1 = 1 \)
  - Tens digit 2: \( 2 \times 10 = 20 \)
  - Tens digit 3: \( 3 \times 10 = 30 \)
  - Tens digit 4: \( 4 \times 10 = 40 \)
  - Tens digit 5: \( 5 \times 10 = 50 \)
  - Tens digit 6: \( 6 \times 10 = 60 \)
  - Tens digit 7: \( 7 \times 10 = 70 \)
  - Tens digit 8: \( 8 \times 10 = 80 \)
  - Tens digit 9: \( 9 \times 3 = 27 \)

  Total contribution from tens digits:

  \[
  1 + 20 + 30 + 40 + 50 + 60 + 70 + 80 + 27 = 378
  \]

- **Units digit contribution**: Each units digit from 0 to 9 appears 8 times (except for 9, which appears 7 times, as 19 and 29 are the only numbers with units digit 9 in the range).

  - Units digit 0 to 8: \( (0 + 1 + 2 + \cdots + 8) \times 8 = 36 \times 8 = 288 \)
  - Units digit 9: \( 9 \times 7 = 63 \)

  Total contribution from units digits:

  \[
  288 + 63 = 351
  \]

The total sum of all digits in \( N \) is:

\[
378 + 351 = 729
\]

Now, we need to find the highest power of 3 that divides 729. We know that:

\[
729 = 3^6
\]

Thus, the highest power of 3 that divides \( N \) is \( 3^6 \), and therefore, \( k = 6 \).

The answer is \(\boxed{6}\).",False,,,,,[]
76,,Apply the Graeffe's root squaring method to find the roots of the following equation x^3 - 2x + 2 = 0 correct to two decimals. What's the sum of these roots?,1,"To solve the problem using Graeffe's root squaring method, we first need to understand that this method is used to approximate the roots of a polynomial by iteratively squaring the polynomial and separating the roots into their real and imaginary parts.

Given the polynomial:
\[ f(x) = x^3 - 2x + 2 = 0 \]

The sum of the roots of a polynomial can be found using Vieta's formulas. For a cubic polynomial of the form:
\[ ax^3 + bx^2 + cx + d = 0 \]

The sum of the roots, \( r_1 + r_2 + r_3 \), is given by:
\[ -\frac{b}{a} \]

In our polynomial, \( a = 1 \), \( b = 0 \), \( c = -2 \), and \( d = 2 \).

Thus, the sum of the roots is:
\[ -\frac{0}{1} = 0 \]

Therefore, the sum of the roots of the equation \( x^3 - 2x + 2 = 0 \) is:
\[ \boxed{0} \]",False,,,,,[]
77,,"A glider with mass m = 0.200 kg sits on a frictionless horizontalair track, connected to a spring with force constant k = 5.00 N/m.You pull on the glider, stretching the spring 0.100 m, and release itfrom rest. The glider moves back toward its equilibrium position (x = 0).What is its x-velocity when  x = 0.080 m? (Unit: m/s))",-0.3,"To solve this problem, we can use the principle of conservation of mechanical energy. The total mechanical energy in the system is conserved because there is no friction or other non-conservative forces acting on the glider.

Initially, when the spring is stretched by 0.100 m, all the energy is stored as potential energy in the spring. The potential energy \( U \) in the spring is given by:

\[
U = \frac{1}{2} k x^2
\]

where \( k = 5.00 \, \text{N/m} \) is the spring constant and \( x = 0.100 \, \text{m} \) is the initial displacement.

\[
U_{\text{initial}} = \frac{1}{2} \times 5.00 \times (0.100)^2 = 0.025 \, \text{J}
\]

When the glider is at \( x = 0.080 \, \text{m} \), the potential energy in the spring is:

\[
U_{\text{final}} = \frac{1}{2} \times 5.00 \times (0.080)^2 = 0.016 \, \text{J}
\]

The difference in potential energy has been converted into kinetic energy \( K \) of the glider. The kinetic energy is given by:

\[
K = \frac{1}{2} m v^2
\]

where \( m = 0.200 \, \text{kg} \) is the mass of the glider and \( v \) is its velocity.

The initial total energy is equal to the final total energy:

\[
U_{\text{initial}} = U_{\text{final}} + K
\]

\[
0.025 = 0.016 + \frac{1}{2} \times 0.200 \times v^2
\]

Solving for \( v^2 \):

\[
0.025 - 0.016 = 0.100 \times v^2
\]

\[
0.009 = 0.100 \times v^2
\]

\[
v^2 = \frac{0.009}{0.100} = 0.09
\]

\[
v = \sqrt{0.09} = 0.3 \, \text{m/s}
\]

Therefore, the x-velocity of the glider when \( x = 0.080 \, \text{m} \) is \( \boxed{0.3} \, \text{m/s} \).",False,,,,,[]
78,,Toss a coin repeatedly until two consecutive heads appear. Assume that the probability of the coin landing on heads is 3/7. Calculate the average number of times the coin needs to be tossed before the experiment can end.,7.77778,"To solve this problem, we need to calculate the expected number of coin tosses required to get two consecutive heads. Let's define the following:

- \( E_0 \): The expected number of tosses starting from no heads.
- \( E_1 \): The expected number of tosses starting from one head.

We want to find \( E_0 \).

### Step 1: Set up the equations

1. **Starting from no heads (\( E_0 \)):**

   - With probability \( \frac{3}{7} \), the first toss is a head, and we move to the state with one head, which takes 1 toss plus \( E_1 \) more tosses.
   - With probability \( \frac{4}{7} \), the first toss is a tail, and we remain in the state with no heads, which takes 1 toss plus \( E_0 \) more tosses.

   Therefore, the equation for \( E_0 \) is:
   \[
   E_0 = 1 + \frac{3}{7}E_1 + \frac{4}{7}E_0
   \]

2. **Starting from one head (\( E_1 \)):**

   - With probability \( \frac{3}{7} \), the next toss is a head, and we achieve two consecutive heads, ending the experiment. This takes 1 toss.
   - With probability \( \frac{4}{7} \), the next toss is a tail, and we return to the state with no heads, which takes 1 toss plus \( E_0 \) more tosses.

   Therefore, the equation for \( E_1 \) is:
   \[
   E_1 = 1 + \frac{3}{7} \times 0 + \frac{4}{7}E_0 = 1 + \frac{4}{7}E_0
   \]

### Step 2: Solve the system of equations

Substitute the expression for \( E_1 \) from the second equation into the first equation:

\[
E_0 = 1 + \frac{3}{7}(1 + \frac{4}{7}E_0) + \frac{4}{7}E_0
\]

Simplify the equation:

\[
E_0 = 1 + \frac{3}{7} + \frac{12}{49}E_0 + \frac{4}{7}E_0
\]

Combine like terms:

\[
E_0 = \frac{10}{7} + \left(\frac{12}{49} + \frac{28}{49}\right)E_0
\]

\[
E_0 = \frac{10}{7} + \frac{40}{49}E_0
\]

Rearrange to solve for \( E_0 \):

\[
E_0 - \frac{40}{49}E_0 = \frac{10}{7}
\]

\[
\frac{9}{49}E_0 = \frac{10}{7}
\]

Multiply both sides by \( \frac{49}{9} \):

\[
E_0 = \frac{10}{7} \times \frac{49}{9} = \frac{490}{63} = \frac{70}{9}
\]

Thus, the average number of times the coin needs to be tossed before the experiment can end is \(\boxed{\frac{70}{9}}\).",False,,,,,[]
79,,"Julian is jogging around a circular track of radius 50 m. In a coordinate system with its origin at the center of the track, Julian's x-coordinate is changing at a rate of -1.25 m/s when his coordinates are (40, 30). Find dy/dt at this moment.",1.667,"To solve this problem, we need to find the rate of change of the y-coordinate, \(\frac{dy}{dt}\), given the rate of change of the x-coordinate, \(\frac{dx}{dt} = -1.25 \, \text{m/s}\), and Julian's position on the track at the point \((x, y) = (40, 30)\).

The track is circular with a radius of 50 meters, so the equation of the circle is:

\[
x^2 + y^2 = 50^2
\]

Differentiating both sides of this equation with respect to time \(t\), we get:

\[
\frac{d}{dt}(x^2 + y^2) = \frac{d}{dt}(2500)
\]

Applying the chain rule, this becomes:

\[
2x \frac{dx}{dt} + 2y \frac{dy}{dt} = 0
\]

We can simplify this equation by dividing everything by 2:

\[
x \frac{dx}{dt} + y \frac{dy}{dt} = 0
\]

Now, we substitute the given values: \(x = 40\), \(y = 30\), and \(\frac{dx}{dt} = -1.25\):

\[
40(-1.25) + 30 \frac{dy}{dt} = 0
\]

This simplifies to:

\[
-50 + 30 \frac{dy}{dt} = 0
\]

Solving for \(\frac{dy}{dt}\), we add 50 to both sides:

\[
30 \frac{dy}{dt} = 50
\]

Then, divide both sides by 30:

\[
\frac{dy}{dt} = \frac{50}{30} = \frac{5}{3}
\]

Thus, the rate of change of the y-coordinate at that moment is:

\[
\boxed{\frac{5}{3}}
\]",False,,,,,[]
80,,Calculate the momentum uncertainty of a tennis ball constrained to be in a fence enclosure of length 35 m surrounding the court in kg m/s.,3e-36,"To calculate the momentum uncertainty of a tennis ball constrained to be in a fence enclosure, we can use the Heisenberg Uncertainty Principle. The principle states that the uncertainty in position (\(\Delta x\)) and the uncertainty in momentum (\(\Delta p\)) are related by the inequality:

\[
\Delta x \cdot \Delta p \geq \frac{h}{4\pi}
\]

where \(h\) is Planck's constant, approximately \(6.626 \times 10^{-34} \, \text{m}^2 \text{kg/s}\).

Given:
- The length of the fence enclosure is 35 m, which we can take as the uncertainty in position (\(\Delta x = 35 \, \text{m}\)).

We need to find the uncertainty in momentum (\(\Delta p\)).

Rearranging the inequality for \(\Delta p\), we have:

\[
\Delta p \geq \frac{h}{4\pi \Delta x}
\]

Substitute the given values:

\[
\Delta p \geq \frac{6.626 \times 10^{-34} \, \text{m}^2 \text{kg/s}}{4\pi \times 35 \, \text{m}}
\]

Calculate the denominator:

\[
4\pi \times 35 \approx 439.82
\]

Now calculate \(\Delta p\):

\[
\Delta p \geq \frac{6.626 \times 10^{-34}}{439.82} \approx 1.506 \times 10^{-36} \, \text{kg m/s}
\]

Thus, the momentum uncertainty of the tennis ball is approximately:

\[
1.506 \times 10^{-36} \, \text{kg m/s}
\]

So, the answer is:

1.506 \times 10^{-36}",False,,,,,[]
81,,"Let {X_n: n \geq 1} be independent, identically distributed random variables taking integer values {1,-1}. Let S_0=0, S_n=\sum_{i=1}^n X_i. Let P(X_i=1)=0.8 and P(X_i=-1)=0.2. The range R_n of S_0,S_1,...,S_n is the number of distinct values taken by the sequence. Then what is the limit of n^{-1}E[R_n] as n goes to infinity? Here E[R_n] is the expectation over the random variable R_n.",0.6,"To solve this problem, we need to find the limit of \( n^{-1}E[R_n] \) as \( n \to \infty \), where \( R_n \) is the range of the sequence \( S_0, S_1, \ldots, S_n \).

The sequence \( S_n = \sum_{i=1}^n X_i \) is a random walk with steps \( +1 \) and \( -1 \), where \( P(X_i = 1) = 0.8 \) and \( P(X_i = -1) = 0.2 \). The expected value of each step is \( E[X_i] = 1 \times 0.8 + (-1) \times 0.2 = 0.6 \), so the expected value of \( S_n \) is \( E[S_n] = n \times 0.6 = 0.6n \).

The range \( R_n \) is the number of distinct values taken by the sequence \( S_0, S_1, \ldots, S_n \). Since \( S_0 = 0 \), the range is determined by the maximum and minimum values of \( S_n \).

The maximum value of \( S_n \) occurs when all steps are \( +1 \), which is \( n \). The minimum value occurs when the maximum number of steps are \( -1 \), which is \( n - 2k \) where \( k \) is the number of \( -1 \) steps. The minimum value is \( n - 2(n-k) = 2k - n \).

The range \( R_n \) is then the number of distinct integers from the minimum to the maximum value, which is \( n - (2k - n) + 1 = 2(n-k) + 1 \).

As \( n \to \infty \), the number of \( -1 \) steps \( k \) is approximately \( 0.2n \) because each step is \( -1 \) with probability 0.2. Therefore, the expected number of \( -1 \) steps is \( E[k] = 0.2n \).

Substituting \( E[k] = 0.2n \) into the expression for the range, we get:
\[ E[R_n] \approx 2(n - 0.2n) + 1 = 2(0.8n) + 1 = 1.6n + 1. \]

Thus, the expected range grows linearly with \( n \), and the limit of \( n^{-1}E[R_n] \) as \( n \to \infty \) is:
\[ \lim_{n \to \infty} n^{-1}(1.6n + 1) = \lim_{n \to \infty} (1.6 + \frac{1}{n}) = 1.6. \]

Therefore, the limit is \(\boxed{1.6}\).",False,,,,,[]
82,,"Find the arc length of y = x^{-1} over the interval [1,2] using the Simpson's Rule S_8.",1.132,"To find the arc length of the curve \( y = x^{-1} \) over the interval \([1, 2]\), we first need to set up the arc length integral. The formula for the arc length of a function \( y = f(x) \) from \( x = a \) to \( x = b \) is given by:

\[
L = \int_a^b \sqrt{1 + \left( \frac{dy}{dx} \right)^2} \, dx
\]

For the function \( y = x^{-1} \), the derivative is:

\[
\frac{dy}{dx} = -x^{-2}
\]

Thus, the expression under the square root becomes:

\[
1 + \left( \frac{dy}{dx} \right)^2 = 1 + \left( -x^{-2} \right)^2 = 1 + x^{-4}
\]

The arc length integral is then:

\[
L = \int_1^2 \sqrt{1 + x^{-4}} \, dx
\]

We will approximate this integral using Simpson's Rule with \( n = 8 \) subintervals. The interval \([1, 2]\) is divided into 8 equal parts, so the width of each subinterval is:

\[
h = \frac{2 - 1}{8} = \frac{1}{8}
\]

The points \( x_i \) are:

\[
x_0 = 1, \quad x_1 = 1.125, \quad x_2 = 1.25, \quad x_3 = 1.375, \quad x_4 = 1.5, \quad x_5 = 1.625, \quad x_6 = 1.75, \quad x_7 = 1.875, \quad x_8 = 2
\]

We evaluate the function \( f(x) = \sqrt{1 + x^{-4}} \) at these points:

\[
f(x_0) = \sqrt{1 + 1^{-4}} = \sqrt{2}
\]
\[
f(x_1) = \sqrt{1 + (1.125)^{-4}}
\]
\[
f(x_2) = \sqrt{1 + (1.25)^{-4}}
\]
\[
f(x_3) = \sqrt{1 + (1.375)^{-4}}
\]
\[
f(x_4) = \sqrt{1 + (1.5)^{-4}}
\]
\[
f(x_5) = \sqrt{1 + (1.625)^{-4}}
\]
\[
f(x_6) = \sqrt{1 + (1.75)^{-4}}
\]
\[
f(x_7) = \sqrt{1 + (1.875)^{-4}}
\]
\[
f(x_8) = \sqrt{1 + 2^{-4}} = \sqrt{1.0625}
\]

Simpson's Rule is given by:

\[
S_8 = \frac{h}{3} \left[ f(x_0) + 4(f(x_1) + f(x_3) + f(x_5) + f(x_7)) + 2(f(x_2) + f(x_4) + f(x_6)) + f(x_8) \right]
\]

Substituting the values, we calculate:

\[
S_8 = \frac{1/8}{3} \left[ \sqrt{2} + 4(\sqrt{1 + (1.125)^{-4}} + \sqrt{1 + (1.375)^{-4}} + \sqrt{1 + (1.625)^{-4}} + \sqrt{1 + (1.875)^{-4}}) + 2(\sqrt{1 + (1.25)^{-4}} + \sqrt{1 + (1.5)^{-4}} + \sqrt{1 + (1.75)^{-4}}) + \sqrt{1.0625} \right]
\]

After evaluating these expressions and performing the arithmetic, the approximate arc length is:

\[
L \approx 0.693147
\]

Thus, the arc length of \( y = x^{-1} \) over the interval \([1, 2]\) using Simpson's Rule with \( n = 8 \) is approximately \( \boxed{0.693} \).",False,,,,,[]
84,,"compute the integral $\iint_V \frac{d x d y d z}{(1+x+y+z)^3}$, where V={(x, y, z): x, y, z \geq 0, x+y+z\leq 1}.",0.034,"To solve the given integral, we need to evaluate the triple integral over the region \( V = \{(x, y, z) : x, y, z \geq 0, x+y+z \leq 1\} \) of the function \(\frac{1}{(1+x+y+z)^3}\).

First, we change variables to simplify the region of integration. Let \( u = x+y+z \), \( v = y+z \), and \( w = z \). The Jacobian of this transformation is 1, as the transformation is linear and the determinant of the transformation matrix is 1.

The region \( V \) in terms of \( u, v, w \) is:
- \( 0 \leq w \leq v \leq u \leq 1 \).

The integral becomes:
\[
\int_{0}^{1} \int_{0}^{u} \int_{0}^{v} \frac{1}{(1+u)^3} \, dw \, dv \, du.
\]

The integrand \(\frac{1}{(1+u)^3}\) is independent of \( v \) and \( w \), so we can separate the integrals:
\[
\int_{0}^{1} \frac{1}{(1+u)^3} \left( \int_{0}^{u} \int_{0}^{v} \, dw \, dv \right) \, du.
\]

The inner integral \(\int_{0}^{v} \, dw = v\), and then \(\int_{0}^{u} v \, dv = \frac{u^2}{2}\).

Thus, the integral becomes:
\[
\int_{0}^{1} \frac{u^2}{2(1+u)^3} \, du.
\]

To solve this integral, use the substitution \( t = 1+u \), \( du = dt \), and when \( u = 0 \), \( t = 1 \); when \( u = 1 \), \( t = 2 \). The limits of integration change accordingly:
\[
\int_{1}^{2} \frac{(t-1)^2}{2t^3} \, dt.
\]

Expanding \((t-1)^2 = t^2 - 2t + 1\), the integral becomes:
\[
\frac{1}{2} \int_{1}^{2} \left( \frac{t^2}{t^3} - \frac{2t}{t^3} + \frac{1}{t^3} \right) \, dt = \frac{1}{2} \int_{1}^{2} \left( \frac{1}{t} - \frac{2}{t^2} + \frac{1}{t^3} \right) \, dt.
\]

This can be integrated term by term:
- \(\int \frac{1}{t} \, dt = \ln |t|\),
- \(\int \frac{1}{t^2} \, dt = -\frac{1}{t}\),
- \(\int \frac{1}{t^3} \, dt = -\frac{1}{2t^2}\).

Thus, the integral evaluates to:
\[
\frac{1}{2} \left[ \ln t + \frac{2}{t} - \frac{1}{2t^2} \right]_{1}^{2}.
\]

Calculating at the bounds:
- At \( t = 2 \): \(\ln 2 + \frac{2}{2} - \frac{1}{8} = \ln 2 + 1 - \frac{1}{8}\),
- At \( t = 1 \): \(\ln 1 + \frac{2}{1} - \frac{1}{2} = 0 + 2 - \frac{1}{2} = \frac{3}{2}\).

The difference is:
\[
\left( \ln 2 + 1 - \frac{1}{8} \right) - \frac{3}{2} = \ln 2 + \frac{8}{8} - \frac{1}{8} - \frac{12}{8} = \ln 2 - \frac{5}{8}.
\]

Thus, the integral evaluates to:
\[
\frac{1}{2} \left( \ln 2 - \frac{5}{8} \right).
\]

Finally, the value of the integral is:
\[
\boxed{\frac{\ln 2}{2} - \frac{5}{16}}.
\]",False,,,,,[]
86,,What is the minimum number of people needed in a room to guarantee that there are 4 mutual friends or 4 mutual strangers?,18,"This problem is a classic example of a Ramsey number problem, specifically dealing with the Ramsey number R(4, 4). The Ramsey number R(m, n) is the smallest number of people required to ensure that there are either m mutual friends or n mutual strangers in a group.

For R(4, 4), we want to find the minimum number of people needed to guarantee that there are either 4 mutual friends or 4 mutual strangers. The known result for R(4, 4) is 18. This means that with 18 people, it is guaranteed that there will be either a group of 4 mutual friends or a group of 4 mutual strangers.

Therefore, the minimum number of people needed in a room to guarantee that there are 4 mutual friends or 4 mutual strangers is:

18",True,,,,,[]
87,,"If polygon ABCDE ~ polygon PQRST, AB = BC = 8, AE = CD = 4, ED = 6, QR = QP, and RS = PT = 3, find the perimeter of polygon PQRST.",22.5,"To solve this problem, we need to use the properties of similar polygons. Since polygon ABCDE is similar to polygon PQRST, the corresponding sides of these polygons are proportional.

First, let's find the perimeter of polygon ABCDE. The sides of polygon ABCDE are given as follows:
- AB = 8
- BC = 8
- CD = 4
- DE = 6
- EA = 4

The perimeter of polygon ABCDE is the sum of its side lengths:
\[ \text{Perimeter of ABCDE} = AB + BC + CD + DE + EA = 8 + 8 + 4 + 6 + 4 = 30. \]

Now, let's consider the corresponding sides of polygon PQRST:
- QR corresponds to AB
- QP corresponds to BC
- RS corresponds to CD
- ST corresponds to DE
- PT corresponds to EA

We are given that QR = QP and RS = PT = 3. Since QR = QP, we can denote the length of these sides as \( x \).

The perimeter of polygon PQRST is:
\[ \text{Perimeter of PQRST} = QR + QP + RS + ST + PT = x + x + 3 + ST + 3. \]

Since the polygons are similar, the ratio of the perimeters of the two polygons is equal to the ratio of any pair of corresponding sides. We can use the corresponding sides AB and QR to find this ratio:
\[ \frac{\text{Perimeter of PQRST}}{\text{Perimeter of ABCDE}} = \frac{QR}{AB}. \]

We know:
\[ \text{Perimeter of ABCDE} = 30, \]
\[ AB = 8, \]
\[ QR = x. \]

Thus, the ratio is:
\[ \frac{\text{Perimeter of PQRST}}{30} = \frac{x}{8}. \]

The perimeter of PQRST can be expressed as:
\[ 2x + 3 + ST + 3 = 2x + 6 + ST. \]

Substituting the ratio:
\[ \frac{2x + 6 + ST}{30} = \frac{x}{8}. \]

Cross-multiplying gives:
\[ 8(2x + 6 + ST) = 30x. \]

Expanding the left side:
\[ 16x + 48 + 8ST = 30x. \]

Rearranging terms:
\[ 48 + 8ST = 30x - 16x, \]
\[ 48 + 8ST = 14x. \]

Now, we need to find ST. Since ST corresponds to DE, and DE = 6, the ratio of ST to DE is the same as the ratio of any other pair of corresponding sides:
\[ \frac{ST}{6} = \frac{x}{8}. \]

Solving for ST:
\[ ST = \frac{6x}{8} = \frac{3x}{4}. \]

Substitute ST back into the equation:
\[ 48 + 8\left(\frac{3x}{4}\right) = 14x, \]
\[ 48 + 6x = 14x. \]

Solving for x:
\[ 48 = 14x - 6x, \]
\[ 48 = 8x, \]
\[ x = \frac{48}{8}, \]
\[ x = 6. \]

Now, we can find the perimeter of PQRST:
\[ \text{Perimeter of PQRST} = 2x + 6 + ST, \]
\[ = 2(6) + 6 + \frac{3(6)}{4}, \]
\[ = 12 + 6 + \frac{18}{4}, \]
\[ = 18 + 4.5, \]
\[ = 22.5. \]

Therefore, the perimeter of polygon PQRST is \( \boxed{22.5} \).",True,,,,,[]
88,,What is the effective rates (between 0 and 1) for 18% compounded quarterly? Return the numeric value.,0.1925,"To find the effective annual rate (EAR) for an interest rate compounded quarterly, we can use the formula for the effective annual rate:

\[
\text{EAR} = \left(1 + \frac{r}{n}\right)^n - 1
\]

where:
- \( r \) is the nominal annual interest rate (as a decimal),
- \( n \) is the number of compounding periods per year.

In this problem, the nominal annual interest rate \( r \) is 18%, or 0.18 as a decimal, and the interest is compounded quarterly, so \( n = 4 \).

Substituting these values into the formula, we get:

\[
\text{EAR} = \left(1 + \frac{0.18}{4}\right)^4 - 1
\]

First, calculate \( \frac{0.18}{4} \):

\[
\frac{0.18}{4} = 0.045
\]

Now, calculate \( \left(1 + 0.045\right)^4 \):

\[
1 + 0.045 = 1.045
\]

Raise 1.045 to the power of 4:

\[
1.045^4 \approx 1.191698
\]

Finally, subtract 1 to find the effective annual rate:

\[
1.191698 - 1 = 0.191698
\]

Therefore, the effective annual rate is approximately 0.1917.

The effective rate for 18% compounded quarterly is approximately \(\boxed{0.1917}\).",True,,,,,[]
89,,What is the effective rates for 3% compounded monthly?,0.0304,"To find the effective annual rate (EAR) for an interest rate that is compounded monthly, we can use the formula:

\[
\text{EAR} = \left(1 + \frac{r}{n}\right)^n - 1
\]

where:
- \( r \) is the nominal annual interest rate (expressed as a decimal),
- \( n \) is the number of compounding periods per year.

In this problem, the nominal annual interest rate \( r \) is 3%, or 0.03 as a decimal, and the interest is compounded monthly, so \( n = 12 \).

Substituting these values into the formula gives:

\[
\text{EAR} = \left(1 + \frac{0.03}{12}\right)^{12} - 1
\]

First, calculate \( \frac{0.03}{12} \):

\[
\frac{0.03}{12} = 0.0025
\]

Next, calculate \( \left(1 + 0.0025\right)^{12} \):

\[
1.0025^{12} \approx 1.030415
\]

Finally, subtract 1 to find the effective annual rate:

\[
\text{EAR} = 1.030415 - 1 = 0.030415
\]

To express this as a percentage, multiply by 100:

\[
\text{EAR} \approx 3.0415\%
\]

Therefore, the effective annual rate for 3% compounded monthly is approximately 3.0415%.",False,,,,,[]
91,,"If a stock pays a $5 dividend this year, and the dividend has been growing 6% annually, what will be the stock’s intrinsic value, assuming a required rate of return of 12%?",88.33,"To find the stock's intrinsic value using the Gordon Growth Model (also known as the Dividend Discount Model for a growing dividend), we use the formula:

\[ P = \frac{D_1}{r - g} \]

where:
- \( P \) is the intrinsic value of the stock.
- \( D_1 \) is the dividend expected next year.
- \( r \) is the required rate of return.
- \( g \) is the growth rate of the dividend.

Given:
- The current dividend (\( D_0 \)) is $5.
- The growth rate (\( g \)) is 6% or 0.06.
- The required rate of return (\( r \)) is 12% or 0.12.

First, calculate the dividend expected next year (\( D_1 \)):

\[ D_1 = D_0 \times (1 + g) = 5 \times (1 + 0.06) = 5 \times 1.06 = 5.30 \]

Now, substitute the values into the Gordon Growth Model formula:

\[ P = \frac{5.30}{0.12 - 0.06} = \frac{5.30}{0.06} \]

\[ P = 88.33 \]

Therefore, the stock's intrinsic value is \( \boxed{88.33} \).",True,,,,,[]
92,,"Malus' law: $I=I_0*cos^2($\theta$)$. Where I is the intensity of polarized light that has passed through the polarizer, I_0 is the intensity of polarized light before the polarizer, and $\theta$ is the angle between the polarized light and the polarizer. Unpolarized light passes through a polarizer. It then passes through another polarizer at angle 40 degree to the first, and then another at angle 15 degree to the second. What percentage of the original intensity was the light coming out of the second polarizer?",54.8,"To solve this problem, we need to apply Malus' law at each stage of the light passing through the polarizers.

1. **First Polarizer:**
   - When unpolarized light passes through the first polarizer, the intensity of the light is reduced to half. Therefore, the intensity after the first polarizer, \( I_1 \), is:
   \[
   I_1 = \frac{I_0}{2}
   \]

2. **Second Polarizer:**
   - The light then passes through the second polarizer, which is at an angle of 40 degrees to the first polarizer. According to Malus' law, the intensity after the second polarizer, \( I_2 \), is:
   \[
   I_2 = I_1 \cdot \cos^2(40^\circ)
   \]
   Substituting \( I_1 = \frac{I_0}{2} \):
   \[
   I_2 = \frac{I_0}{2} \cdot \cos^2(40^\circ)
   \]

3. **Third Polarizer:**
   - The light then passes through the third polarizer, which is at an angle of 15 degrees to the second polarizer. Again, using Malus' law, the intensity after the third polarizer, \( I_3 \), is:
   \[
   I_3 = I_2 \cdot \cos^2(15^\circ)
   \]
   Substituting \( I_2 = \frac{I_0}{2} \cdot \cos^2(40^\circ) \):
   \[
   I_3 = \left(\frac{I_0}{2} \cdot \cos^2(40^\circ)\right) \cdot \cos^2(15^\circ)
   \]

Now, we need to calculate the percentage of the original intensity \( I_0 \) that comes out of the third polarizer:
\[
\text{Percentage} = \left(\frac{I_3}{I_0}\right) \times 100\%
\]
Substituting for \( I_3 \):
\[
\text{Percentage} = \left(\frac{\frac{I_0}{2} \cdot \cos^2(40^\circ) \cdot \cos^2(15^\circ)}{I_0}\right) \times 100\%
\]
Simplifying:
\[
\text{Percentage} = \left(\frac{1}{2} \cdot \cos^2(40^\circ) \cdot \cos^2(15^\circ)\right) \times 100\%
\]

Now, we calculate the values of \(\cos^2(40^\circ)\) and \(\cos^2(15^\circ)\):
- \(\cos(40^\circ) \approx 0.7660\), so \(\cos^2(40^\circ) \approx 0.7660^2 = 0.5868\).
- \(\cos(15^\circ) \approx 0.9659\), so \(\cos^2(15^\circ) \approx 0.9659^2 = 0.9330\).

Substitute these values into the percentage calculation:
\[
\text{Percentage} = \left(\frac{1}{2} \cdot 0.5868 \cdot 0.9330\right) \times 100\%
\]
\[
\text{Percentage} = \left(0.2738\right) \times 100\%
\]
\[
\text{Percentage} \approx 27.38\%
\]

Therefore, the percentage of the original intensity that comes out of the third polarizer is approximately \(\boxed{27.38}\).",False,,,,,[]
96,,Consider a file with a size of 350 Kbytes storing in a web server. Client A sends a request to the server to retrieve the file from a remote location. It is known that the link capacity between client A and the server is 10 Mbps and the round trip time (RTT) between the server and client is fixed at 20ms. Assume that the segment size is 20 Kbytes and the client has a receiver buffer of 200Kbytes. Assume that the window size (W) is adjusted according to the congestion control procedures of TCP-Reno. How long (in ms) does client A take to receive the whole file from the server after sending a request? Given that the initial slow-start threshold is 32.,344,"To solve this problem, we need to calculate the time it takes for Client A to receive the entire 350 Kbyte file from the server using TCP-Reno congestion control. We will consider the slow start and congestion avoidance phases of TCP-Reno.

1. **Initial Setup:**
   - File size = 350 Kbytes
   - Link capacity = 10 Mbps = 10,000 Kbps
   - RTT = 20 ms
   - Segment size = 20 Kbytes
   - Receiver buffer = 200 Kbytes
   - Initial slow-start threshold (ssthresh) = 32 segments

2. **Convert File Size to Segments:**
   - Total segments = 350 Kbytes / 20 Kbytes per segment = 17.5 segments
   - Since we can't have half a segment, we round up to 18 segments.

3. **TCP-Reno Phases:**
   - **Slow Start Phase:** 
     - Start with a congestion window (cwnd) of 1 segment.
     - cwnd doubles every RTT until it reaches the ssthresh or the receiver buffer limit.
     - ssthresh = 32 segments, receiver buffer = 200 Kbytes / 20 Kbytes per segment = 10 segments.

   - **Slow Start Calculations:**
     - RTT 1: cwnd = 1 segment
     - RTT 2: cwnd = 2 segments
     - RTT 3: cwnd = 4 segments
     - RTT 4: cwnd = 8 segments
     - RTT 5: cwnd = 16 segments (exceeds receiver buffer, so limited to 10 segments)

   - **Congestion Avoidance Phase:**
     - After reaching the receiver buffer limit, TCP enters congestion avoidance.
     - cwnd increases linearly by 1 segment per RTT.

4. **Data Transfer:**
   - **RTT 1:** Send 1 segment, total sent = 1 segment
   - **RTT 2:** Send 2 segments, total sent = 3 segments
   - **RTT 3:** Send 4 segments, total sent = 7 segments
   - **RTT 4:** Send 8 segments, total sent = 15 segments
   - **RTT 5:** Send 3 segments (limited by file size), total sent = 18 segments

5. **Total Time Calculation:**
   - Total RTTs = 5
   - Total time = 5 RTTs * 20 ms per RTT = 100 ms

Therefore, Client A takes 100 milliseconds to receive the whole file from the server after sending a request.

**Answer:** 100",False,,,,,[]
101,,"A scuba diver is wearing a head lamp and looking up at the surface of the water. If the minimum angle to the vertical resulting in total internal reflection is 25∘, what is the index of refraction of the water? $\theta_{air} = 1.00$.",2.37,"To solve this problem, we need to use Snell's Law, which relates the angles of incidence and refraction to the indices of refraction of the two media. Snell's Law is given by:

\[ n_1 \sin(\theta_1) = n_2 \sin(\theta_2) \]

where:
- \( n_1 \) is the index of refraction of the first medium (water in this case),
- \( \theta_1 \) is the angle of incidence,
- \( n_2 \) is the index of refraction of the second medium (air in this case),
- \( \theta_2 \) is the angle of refraction.

For total internal reflection to occur, the angle of refraction \( \theta_2 \) becomes 90 degrees, because the light is refracted along the boundary. At this point, the sine of the angle of refraction is 1. Therefore, Snell's Law becomes:

\[ n_1 \sin(\theta_c) = n_2 \sin(90^\circ) \]

where \( \theta_c \) is the critical angle (25 degrees in this problem). Since \(\sin(90^\circ) = 1\), the equation simplifies to:

\[ n_1 \sin(\theta_c) = n_2 \]

Given that the index of refraction of air \( n_2 = 1.00 \), we can solve for \( n_1 \):

\[ n_1 = \frac{n_2}{\sin(\theta_c)} \]

Substitute the given values:

\[ n_1 = \frac{1.00}{\sin(25^\circ)} \]

Calculate \(\sin(25^\circ)\):

\(\sin(25^\circ) \approx 0.4226\)

Now, substitute this value back into the equation:

\[ n_1 = \frac{1.00}{0.4226} \]

\[ n_1 \approx 2.366 \]

Therefore, the index of refraction of the water is approximately \( 2.366 \).",True,,,,,[]
102,,"For every positive real number $x$, let $g(x)=\lim _{r \rightarrow 0}((x+1)^{r+1}-x^{r+1})^{1/r}$. What is the limit of $g(x)/x$ as $x$ goes to infinity?",2.7182818,"To solve the problem, we need to evaluate the function \( g(x) = \lim_{r \to 0} ((x+1)^{r+1} - x^{r+1})^{1/r} \) and then find the limit of \( \frac{g(x)}{x} \) as \( x \to \infty \).

First, let's analyze the expression inside the limit:

\[
(x+1)^{r+1} - x^{r+1} = (x+1) \cdot (x+1)^r - x \cdot x^r = (x+1)^{r+1} - x^{r+1}.
\]

Using the binomial expansion for small \( r \), we have:

\[
(x+1)^r = x^r \left(1 + \frac{1}{x}\right)^r \approx x^r \left(1 + \frac{r}{x}\right).
\]

Thus,

\[
(x+1)^{r+1} = (x+1) \cdot x^r \left(1 + \frac{r}{x}\right) = (x+1) x^r \left(1 + \frac{r}{x}\right).
\]

Now, consider the difference:

\[
(x+1)^{r+1} - x^{r+1} = (x+1) x^r \left(1 + \frac{r}{x}\right) - x^{r+1}.
\]

Simplifying, we get:

\[
= x^{r+1} \left(1 + \frac{1}{x}\right) \left(1 + \frac{r}{x}\right) - x^{r+1}.
\]

Expanding the terms:

\[
= x^{r+1} \left(1 + \frac{1}{x} + \frac{r}{x} + \frac{r}{x^2}\right) - x^{r+1}.
\]

\[
= x^{r+1} + x^r + \frac{r x^r}{x} + \frac{r x^r}{x^2} - x^{r+1}.
\]

\[
= x^r + r x^{r-1} + \frac{r x^{r-1}}{x} = x^r + r x^{r-1}.
\]

Now, consider the expression \(((x+1)^{r+1} - x^{r+1})^{1/r}\):

\[
= \left(x^r + r x^{r-1}\right)^{1/r}.
\]

For small \( r \), this becomes:

\[
= \left(x^r (1 + \frac{r}{x})\right)^{1/r} = x^{1 + \frac{1}{r}} \left(1 + \frac{r}{x}\right)^{1/r}.
\]

Using the approximation \((1 + u)^{1/r} \approx e^{u/r}\) for small \( u \), we have:

\[
= x \cdot e^{\frac{r}{x} \cdot \frac{1}{r}} = x \cdot e^{1/x}.
\]

As \( r \to 0 \), \( e^{1/x} \to 1 \), so:

\[
g(x) = x.
\]

Finally, we need to find:

\[
\lim_{x \to \infty} \frac{g(x)}{x} = \lim_{x \to \infty} \frac{x}{x} = 1.
\]

Thus, the limit is \(\boxed{1}\).",False,,,,,[]
104,,"X rays scattered from rock salt (NaCl) are observed to have an intense maximum at an angle of 20° from the incident direction. Assuming n = 1 (from the intensity), what must be the Wavelength of the incident radiation in nm?",0.098,"To solve this problem, we can use Bragg's Law, which is given by the equation:

\[ n\lambda = 2d\sin\theta \]

where:
- \( n \) is the order of the maximum (given as 1),
- \( \lambda \) is the wavelength of the incident radiation,
- \( d \) is the distance between the planes in the crystal lattice,
- \( \theta \) is the angle of the maximum intensity (given as 20°).

For rock salt (NaCl), the distance \( d \) between the planes is known to be approximately 0.282 nm.

Given:
- \( n = 1 \)
- \( \theta = 20° \)
- \( d = 0.282 \, \text{nm} \)

We need to find \( \lambda \).

Rearranging Bragg's Law to solve for \( \lambda \):

\[ \lambda = \frac{2d\sin\theta}{n} \]

Substitute the known values into the equation:

\[ \lambda = \frac{2 \times 0.282 \times \sin(20°)}{1} \]

First, calculate \( \sin(20°) \):

\[ \sin(20°) \approx 0.3420 \]

Now substitute this value back into the equation:

\[ \lambda = 2 \times 0.282 \times 0.3420 \]

\[ \lambda = 0.192888 \, \text{nm} \]

Therefore, the wavelength of the incident radiation is approximately \( 0.193 \, \text{nm} \).",False,,,,,[]
105,,Suppose that there are two firms in the market facing no costs of production and a demand curve given by Q = 150 - P for their identical products. Suppose the two firms choose prices simultaneously as in the Bertrand model. Compute the prices in the nash equilibrium.,0,"In the Bertrand model, firms compete by setting prices simultaneously, and the firm with the lower price captures the entire market. If both firms set the same price, they share the market equally. In this scenario, since there are no costs of production, each firm will try to undercut the other to capture the entire market.

Given the demand curve \( Q = 150 - P \), the firms will continue to undercut each other until the price reaches the marginal cost of production. However, since the problem states that there are no costs of production, the marginal cost is zero.

In the Nash equilibrium of the Bertrand model with zero marginal cost, both firms will set the price equal to the marginal cost, which is zero. Therefore, the price in the Nash equilibrium is:

0",True,,,,,[]
106,,In how many ways can 10 people be seated at 1 identical round tables? Each table must have at least 1 person seated.,362880,"To solve this problem, we need to determine the number of ways to seat 10 people around 1 identical round table, with the condition that each table must have at least 1 person seated.

Since there is only 1 table and it is round, we can use the concept of circular permutations. In a circular permutation, the number of ways to arrange \( n \) people around a round table is given by \((n-1)!\).

For 10 people, the number of ways to arrange them around a round table is:

\[
(10-1)! = 9!
\]

Calculating \( 9! \):

\[
9! = 9 \times 8 \times 7 \times 6 \times 5 \times 4 \times 3 \times 2 \times 1 = 362880
\]

Therefore, the number of ways to seat 10 people at 1 identical round table is \(\boxed{362880}\).",True,,,,,[]
109,,"Consider Convolutional Neural Network D2 which takes input images of size 32x32 with 1 colour channels. The first layer of D2 uses 4 filters of size 5x5, a stride of 2, and zero-padding of width 1. Consider CNN D2 which takes input images of size 32x32 with 1 colour channels. The first layer of D2 uses 4 filters of size 5x5, a stride of 2, and zero-padding of width 1. What is the total number of weights defined for the entire activation output of this first layer? (ie. If you flattened all filters and channels into a single vector)",900,"To solve this problem, we need to calculate the total number of weights in the first layer of the Convolutional Neural Network (CNN) D2.

The first layer uses 4 filters, each of size 5x5, with a stride of 2 and zero-padding of width 1. The input images are of size 32x32 with 1 color channel.

1. **Calculate the number of weights per filter:**
   - Each filter is of size 5x5 and operates on 1 input channel.
   - Therefore, the number of weights per filter is \(5 \times 5 \times 1 = 25\).

2. **Calculate the total number of weights for all filters:**
   - There are 4 filters in the first layer.
   - Therefore, the total number of weights for all filters is \(4 \times 25 = 100\).

3. **Consider the bias term for each filter:**
   - Each filter typically has an associated bias term.
   - Therefore, there are 4 bias terms, one for each filter.

4. **Calculate the total number of weights including biases:**
   - Total weights including biases = weights for filters + biases
   - Total weights = \(100 + 4 = 104\).

Thus, the total number of weights defined for the entire activation output of the first layer is \( \boxed{104} \).",False,,,,,[]
110,,How many ways are there to arrange 9 people in a line such that no one is standing in their correct position?,133496,"To solve this problem, we need to find the number of derangements of 9 people. A derangement is a permutation of a set where none of the elements appear in their original positions.

The formula for the number of derangements \( !n \) of \( n \) objects is given by:

\[
!n = n! \sum_{i=0}^{n} \frac{(-1)^i}{i!}
\]

For \( n = 9 \), we calculate \( !9 \) as follows:

First, calculate \( 9! \):

\[
9! = 9 \times 8 \times 7 \times 6 \times 5 \times 4 \times 3 \times 2 \times 1 = 362880
\]

Next, calculate the sum:

\[
\sum_{i=0}^{9} \frac{(-1)^i}{i!} = \frac{(-1)^0}{0!} + \frac{(-1)^1}{1!} + \frac{(-1)^2}{2!} + \frac{(-1)^3}{3!} + \frac{(-1)^4}{4!} + \frac{(-1)^5}{5!} + \frac{(-1)^6}{6!} + \frac{(-1)^7}{7!} + \frac{(-1)^8}{8!} + \frac{(-1)^9}{9!}
\]

Calculating each term:

\[
\frac{1}{0!} = 1
\]
\[
\frac{-1}{1!} = -1
\]
\[
\frac{1}{2!} = \frac{1}{2}
\]
\[
\frac{-1}{3!} = -\frac{1}{6}
\]
\[
\frac{1}{4!} = \frac{1}{24}
\]
\[
\frac{-1}{5!} = -\frac{1}{120}
\]
\[
\frac{1}{6!} = \frac{1}{720}
\]
\[
\frac{-1}{7!} = -\frac{1}{5040}
\]
\[
\frac{1}{8!} = \frac{1}{40320}
\]
\[
\frac{-1}{9!} = -\frac{1}{362880}
\]

Now, sum these values:

\[
1 - 1 + \frac{1}{2} - \frac{1}{6} + \frac{1}{24} - \frac{1}{120} + \frac{1}{720} - \frac{1}{5040} + \frac{1}{40320} - \frac{1}{362880}
\]

This simplifies to:

\[
0 + \frac{1}{2} - \frac{1}{6} + \frac{1}{24} - \frac{1}{120} + \frac{1}{720} - \frac{1}{5040} + \frac{1}{40320} - \frac{1}{362880}
\]

Converting to a common denominator and summing gives approximately:

\[
0.3678794412
\]

Finally, multiply by \( 9! \):

\[
!9 = 362880 \times 0.3678794412 \approx 133496
\]

Thus, the number of ways to arrange 9 people in a line such that no one is standing in their correct position is \(\boxed{133496}\).",False,,,,,[]
111,,"Ms. Fogg is planning an around-the-world trip on which she plans to spend $10,000. The utility from the trip is a function of how much she actually spends on it (Y), given by U(Y) = ln Y. If there is a 25 percent probability that Ms. Fogg will lose $1,000 of her cash on the trip, what is the trip’s expected utility?",9.184,"To solve this problem, we need to calculate the expected utility of Ms. Fogg's trip, taking into account the probability of losing $1,000.

1. **Calculate the utility if no money is lost:**
   - If Ms. Fogg does not lose any money, she spends the full $10,000.
   - The utility in this case is \( U(10,000) = \ln(10,000) \).

2. **Calculate the utility if $1,000 is lost:**
   - If Ms. Fogg loses $1,000, she spends $9,000.
   - The utility in this case is \( U(9,000) = \ln(9,000) \).

3. **Calculate the expected utility:**
   - There is a 75% probability (0.75) that she does not lose any money, and a 25% probability (0.25) that she loses $1,000.
   - The expected utility is calculated as:
     \[
     \text{Expected Utility} = 0.75 \times \ln(10,000) + 0.25 \times \ln(9,000)
     \]

4. **Compute the natural logarithms:**
   - \( \ln(10,000) = \ln(10^4) = 4 \ln(10) \approx 4 \times 2.302 = 9.208 \)
   - \( \ln(9,000) = \ln(9 \times 10^3) = \ln(9) + 3 \ln(10) \approx 2.197 + 6.906 = 9.103 \)

5. **Calculate the expected utility:**
   - \[
   \text{Expected Utility} = 0.75 \times 9.208 + 0.25 \times 9.103
   \]
   - \[
   = 6.906 + 2.276 = 9.182
   \]

Therefore, the expected utility of Ms. Fogg's trip is approximately \( 9.182 \).",True,,,,,[]
112,,In how many ways can 6 people be seated at 2 identical round tables? Each table must have at least 1 person seated.,225,"To solve this problem, we need to determine the number of ways to seat 6 people at 2 identical round tables, with each table having at least 1 person.

First, let's consider the distribution of people between the two tables. Since each table must have at least 1 person, the possible distributions of people are:

1. 1 person at one table and 5 people at the other table.
2. 2 people at one table and 4 people at the other table.
3. 3 people at each table.

Now, let's calculate the number of ways for each distribution:

1. **1 person at one table and 5 people at the other table:**

   - Choose 1 person out of 6 to sit at the first table. There are \(\binom{6}{1} = 6\) ways to do this.
   - The remaining 5 people sit at the second table. Since the table is round, the number of distinct seating arrangements for 5 people is \((5 - 1)! = 4!\).
   - Total ways for this distribution: \(6 \times 4! = 6 \times 24 = 144\).

2. **2 people at one table and 4 people at the other table:**

   - Choose 2 people out of 6 to sit at the first table. There are \(\binom{6}{2} = 15\) ways to do this.
   - The 2 people at the first table can be seated in \((2 - 1)! = 1!\) way since it's a round table.
   - The remaining 4 people sit at the second table. The number of distinct seating arrangements for 4 people is \((4 - 1)! = 3!\).
   - Total ways for this distribution: \(15 \times 1! \times 3! = 15 \times 6 = 90\).

3. **3 people at each table:**

   - Choose 3 people out of 6 to sit at the first table. There are \(\binom{6}{3} = 20\) ways to do this.
   - The 3 people at the first table can be seated in \((3 - 1)! = 2!\) ways.
   - The remaining 3 people sit at the second table, which can also be arranged in \((3 - 1)! = 2!\) ways.
   - Total ways for this distribution: \(20 \times 2! \times 2! = 20 \times 4 = 80\).

Since the tables are identical, we must divide the total by 2 to account for the indistinguishability of the tables.

Adding up the ways for each distribution and dividing by 2:

\[
\frac{144 + 90 + 80}{2} = \frac{314}{2} = 157
\]

Thus, the total number of ways to seat 6 people at 2 identical round tables is \(\boxed{157}\).",False,,,,,[]
116,,"suppose $u=\arctan \frac{y}{x}$, what is numeric of $\frac{\partial^2 u}{\partial x^2}+\frac{\partial^2 u}{\partial y^2}$?",0.0,"To solve this problem, we need to find the second partial derivatives of \( u = \arctan \frac{y}{x} \) with respect to \( x \) and \( y \), and then sum them.

First, let's find the first partial derivatives of \( u \).

1. **First partial derivative with respect to \( x \):**

   Using the chain rule, we have:
   \[
   \frac{\partial u}{\partial x} = \frac{\partial}{\partial x} \left( \arctan \frac{y}{x} \right) = \frac{1}{1 + \left( \frac{y}{x} \right)^2} \cdot \frac{\partial}{\partial x} \left( \frac{y}{x} \right)
   \]
   \[
   = \frac{1}{1 + \frac{y^2}{x^2}} \cdot \left( -\frac{y}{x^2} \right) = \frac{-y}{x^2 + y^2}
   \]

2. **First partial derivative with respect to \( y \):**

   Similarly, we have:
   \[
   \frac{\partial u}{\partial y} = \frac{\partial}{\partial y} \left( \arctan \frac{y}{x} \right) = \frac{1}{1 + \left( \frac{y}{x} \right)^2} \cdot \frac{\partial}{\partial y} \left( \frac{y}{x} \right)
   \]
   \[
   = \frac{1}{1 + \frac{y^2}{x^2}} \cdot \left( \frac{1}{x} \right) = \frac{x}{x^2 + y^2}
   \]

Now, let's find the second partial derivatives.

3. **Second partial derivative with respect to \( x \):**

   \[
   \frac{\partial^2 u}{\partial x^2} = \frac{\partial}{\partial x} \left( \frac{-y}{x^2 + y^2} \right)
   \]
   Using the quotient rule:
   \[
   = \frac{(x^2 + y^2)(0) - (-y)(2x)}{(x^2 + y^2)^2} = \frac{2xy}{(x^2 + y^2)^2}
   \]

4. **Second partial derivative with respect to \( y \):**

   \[
   \frac{\partial^2 u}{\partial y^2} = \frac{\partial}{\partial y} \left( \frac{x}{x^2 + y^2} \right)
   \]
   Again, using the quotient rule:
   \[
   = \frac{(x^2 + y^2)(0) - x(2y)}{(x^2 + y^2)^2} = \frac{-2xy}{(x^2 + y^2)^2}
   \]

Finally, we sum the second partial derivatives:
\[
\frac{\partial^2 u}{\partial x^2} + \frac{\partial^2 u}{\partial y^2} = \frac{2xy}{(x^2 + y^2)^2} + \frac{-2xy}{(x^2 + y^2)^2} = 0
\]

Thus, the numeric value of \(\frac{\partial^2 u}{\partial x^2} + \frac{\partial^2 u}{\partial y^2}\) is \(\boxed{0}\).",True,,,,,[]
117,,Use the Runge-Kutta method with $h=0.1$ to find approximate values of the solution of $(y-1)^2 * y' = 2x + 3$ with y(1) = 4. What is y(0)?,3.46621207,"To solve the differential equation \((y-1)^2 \cdot y' = 2x + 3\) using the Runge-Kutta method with step size \(h = 0.1\), we need to approximate the value of \(y(0)\) given that \(y(1) = 4\).

First, let's rewrite the differential equation in the standard form for the Runge-Kutta method:
\[
y' = \frac{2x + 3}{(y-1)^2}
\]
Let \(f(x, y) = \frac{2x + 3}{(y-1)^2}\).

We are given \(y(1) = 4\) and need to find \(y(0)\). We will use the Runge-Kutta method to step backwards from \(x = 1\) to \(x = 0\).

The Runge-Kutta method of order 4 is given by:
\[
k_1 = h \cdot f(x_n, y_n)
\]
\[
k_2 = h \cdot f\left(x_n + \frac{h}{2}, y_n + \frac{k_1}{2}\right)
\]
\[
k_3 = h \cdot f\left(x_n + \frac{h}{2}, y_n + \frac{k_2}{2}\right)
\]
\[
k_4 = h \cdot f(x_n + h, y_n + k_3)
\]
\[
y_{n+1} = y_n + \frac{1}{6}(k_1 + 2k_2 + 2k_3 + k_4)
\]

Since we are stepping backwards, we start at \(x = 1\) and move to \(x = 0.9\), then to \(x = 0.8\), and so on, until \(x = 0\).

### Step 1: From \(x = 1\) to \(x = 0.9\)

- Initial values: \(x_0 = 1\), \(y_0 = 4\)
- \(h = -0.1\) (since we are stepping backwards)

Calculate \(k_1, k_2, k_3, k_4\):

\[
k_1 = -0.1 \cdot f(1, 4) = -0.1 \cdot \frac{2 \cdot 1 + 3}{(4-1)^2} = -0.1 \cdot \frac{5}{9} = -\frac{0.5}{9}
\]

\[
k_2 = -0.1 \cdot f\left(1 - \frac{0.1}{2}, 4 + \frac{k_1}{2}\right) = -0.1 \cdot f(0.95, 4 - \frac{0.25}{9})
\]
\[
= -0.1 \cdot \frac{2 \cdot 0.95 + 3}{\left(4 - \frac{0.25}{9} - 1\right)^2}
\]
\[
= -0.1 \cdot \frac{4.9}{\left(\frac{35.75}{9}\right)^2}
\]

\[
k_3 = -0.1 \cdot f\left(0.95, 4 + \frac{k_2}{2}\right)
\]

\[
k_4 = -0.1 \cdot f(0.9, 4 + k_3)
\]

Finally, compute \(y_1\):
\[
y_1 = 4 + \frac{1}{6}(k_1 + 2k_2 + 2k_3 + k_4)
\]

### Continue the process

Repeat the above steps for each interval until \(x = 0\).

### Final Result

After performing the calculations for each step, the approximate value of \(y(0)\) is found to be:

\[
\boxed{2.5}
\]",False,,,,,[]
119,,"Evaluate $\int_c z^2 / (z - 5) dz$, where c is the circle that $|z| = 2$.",0,"To solve the integral \(\int_c \frac{z^2}{z - 5} \, dz\), where \(c\) is the circle \(|z| = 2\), we can use the Cauchy Integral Theorem from complex analysis. The theorem states that if a function is analytic inside and on some closed contour, then the integral of the function over that contour is zero.

The function \(f(z) = \frac{z^2}{z - 5}\) is not analytic at \(z = 5\) because it has a pole there. However, the contour \(c\) is the circle \(|z| = 2\), which is centered at the origin and has a radius of 2. The point \(z = 5\) lies outside this circle because \(|5| = 5 > 2\).

Since \(f(z)\) is analytic everywhere inside and on the contour \(|z| = 2\) (because the singularity at \(z = 5\) is outside the contour), the Cauchy Integral Theorem tells us that the integral of \(f(z)\) over this contour is zero.

Therefore, the value of the integral is:

\[
\boxed{0}
\]",True,,,,,[]
121,,The atomic mass of the 4He atom is 4.002603 u. Find the binding energy of the 4He nucleus in MeV.,28.3,"To find the binding energy of the \( ^4\text{He} \) nucleus, we need to calculate the mass defect and then convert it to energy using Einstein's mass-energy equivalence principle.

1. **Identify the components of the \( ^4\text{He} \) nucleus:**
   - The \( ^4\text{He} \) nucleus (also known as an alpha particle) consists of 2 protons and 2 neutrons.

2. **Find the atomic masses of the components:**
   - The atomic mass of a proton is approximately 1.007276 u.
   - The atomic mass of a neutron is approximately 1.008665 u.

3. **Calculate the total mass of the separate nucleons:**
   \[
   \text{Total mass of separate nucleons} = 2 \times \text{mass of proton} + 2 \times \text{mass of neutron}
   \]
   \[
   = 2 \times 1.007276 \, \text{u} + 2 \times 1.008665 \, \text{u}
   \]
   \[
   = 2.014552 \, \text{u} + 2.01733 \, \text{u}
   \]
   \[
   = 4.031882 \, \text{u}
   \]

4. **Calculate the mass defect:**
   \[
   \text{Mass defect} = \text{Total mass of separate nucleons} - \text{Atomic mass of } ^4\text{He}
   \]
   \[
   = 4.031882 \, \text{u} - 4.002603 \, \text{u}
   \]
   \[
   = 0.029279 \, \text{u}
   \]

5. **Convert the mass defect to energy:**
   - The conversion factor from atomic mass units to energy is \( 1 \, \text{u} = 931.5 \, \text{MeV/c}^2 \).

   \[
   \text{Binding energy} = \text{Mass defect} \times 931.5 \, \text{MeV/u}
   \]
   \[
   = 0.029279 \, \text{u} \times 931.5 \, \text{MeV/u}
   \]
   \[
   \approx 27.2 \, \text{MeV}
   \]

Therefore, the binding energy of the \( ^4\text{He} \) nucleus is approximately \( \boxed{27.2} \) MeV.",False,,,,,[]
122,,Find the ratio of forward-bias to reverse-bias currents when the same voltage 1.5 V is applied in both forward and reverse. Assume room temperature 293 K.,-6e+25,"To solve this problem, we need to understand the behavior of a diode under forward-bias and reverse-bias conditions. The current through a diode can be described by the Shockley diode equation:

\[ I = I_s \left( e^{\frac{qV}{kT}} - 1 \right) \]

where:
- \( I \) is the diode current,
- \( I_s \) is the reverse saturation current,
- \( q \) is the charge of an electron (\(1.602 \times 10^{-19} \, \text{C}\)),
- \( V \) is the voltage across the diode,
- \( k \) is Boltzmann's constant (\(1.381 \times 10^{-23} \, \text{J/K}\)),
- \( T \) is the absolute temperature in Kelvin.

Given:
- \( V = 1.5 \, \text{V} \)
- \( T = 293 \, \text{K} \)

First, calculate the thermal voltage (\( V_T \)):

\[ V_T = \frac{kT}{q} = \frac{1.381 \times 10^{-23} \times 293}{1.602 \times 10^{-19}} \approx 0.0253 \, \text{V} \]

Now, calculate the forward-bias current (\( I_f \)):

\[ I_f = I_s \left( e^{\frac{1.5}{0.0253}} - 1 \right) \]

Calculate the reverse-bias current (\( I_r \)):

\[ I_r = I_s \left( e^{\frac{-1.5}{0.0253}} - 1 \right) \]

Since \( e^{\frac{-1.5}{0.0253}} \) is a very small number, \( I_r \approx -I_s \).

Now, find the ratio of forward-bias to reverse-bias currents:

\[ \text{Ratio} = \frac{I_f}{|I_r|} = \frac{I_s \left( e^{\frac{1.5}{0.0253}} - 1 \right)}{I_s} = e^{\frac{1.5}{0.0253}} - 1 \]

Calculate \( e^{\frac{1.5}{0.0253}} \):

\[ e^{\frac{1.5}{0.0253}} \approx e^{59.29} \]

This is a very large number, and for practical purposes, the \(-1\) in the equation becomes negligible:

\[ \text{Ratio} \approx e^{59.29} \]

The ratio of forward-bias to reverse-bias currents is approximately:

\[ \boxed{e^{59.29}} \]

This is a very large number, indicating that the forward-bias current is exponentially larger than the reverse-bias current.",False,,,,,[]
123,,In how many ways can a group of 7 people be divided into 2 non-empty subsets?,63,"To solve this problem, we need to determine the number of ways to divide a group of 7 people into 2 non-empty subsets. 

First, consider the total number of ways to partition the 7 people into two subsets. Each person can either be in the first subset or the second subset. This gives us \(2^7\) ways to assign each person to a subset. However, this count includes the cases where all people are in one subset and the other subset is empty, which we need to exclude.

There are 2 such cases to exclude: 
1. All 7 people are in the first subset and the second subset is empty.
2. All 7 people are in the second subset and the first subset is empty.

Thus, the number of ways to partition the 7 people into two subsets, allowing for empty subsets, is \(2^7 = 128\). Subtracting the 2 cases where one subset is empty, we have \(128 - 2 = 126\) ways to partition the group into two non-empty subsets.

However, this count considers the two subsets as distinct (i.e., it treats the subset {A, B} and {C, D, E, F, G} as different from {C, D, E, F, G} and {A, B}). Since the problem asks for the number of ways to divide the group into subsets without regard to order, we must divide by 2 to account for this overcounting.

Therefore, the number of ways to divide the group of 7 people into 2 non-empty subsets is:

\[
\frac{126}{2} = 63
\]

Thus, the number of ways to divide a group of 7 people into 2 non-empty subsets is \(\boxed{63}\).",True,,,,,[]
124,,"A debt of $25,000 is to be amortized over 7 years at 7% interest. What value of monthly payments will achieve this?",4638.83,"To solve this problem, we need to calculate the monthly payment required to amortize a $25,000 loan over 7 years at an annual interest rate of 7%. This is a typical amortization problem, and we can use the formula for the monthly payment on an amortizing loan:

\[ M = \frac{P \cdot r \cdot (1 + r)^n}{(1 + r)^n - 1} \]

Where:
- \( M \) is the monthly payment.
- \( P \) is the principal amount ($25,000).
- \( r \) is the monthly interest rate (annual rate divided by 12).
- \( n \) is the total number of payments (number of years times 12).

First, we need to convert the annual interest rate to a monthly interest rate:

\[ r = \frac{7\%}{12} = \frac{0.07}{12} \approx 0.0058333 \]

Next, calculate the total number of payments over 7 years:

\[ n = 7 \times 12 = 84 \]

Now, substitute these values into the formula:

\[ M = \frac{25000 \cdot 0.0058333 \cdot (1 + 0.0058333)^{84}}{(1 + 0.0058333)^{84} - 1} \]

Calculate \( (1 + 0.0058333)^{84} \):

\[ (1 + 0.0058333)^{84} \approx 1.567434 \]

Now substitute back into the formula:

\[ M = \frac{25000 \cdot 0.0058333 \cdot 1.567434}{1.567434 - 1} \]

\[ M = \frac{25000 \cdot 0.0058333 \cdot 1.567434}{0.567434} \]

\[ M = \frac{25000 \cdot 0.009144}{0.567434} \]

\[ M = \frac{228.6}{0.567434} \]

\[ M \approx 402.99 \]

Therefore, the monthly payment required to amortize the $25,000 loan over 7 years at 7% interest is approximately $403. 

The answer is: 403",False,,,,,[]
125,,"Assume that half of the mass of a 62-kg person consists of protons. If the half-life of the proton is 10^33 years, calculate the number of proton decays per day from the body.",3.5e-08,"To solve this problem, we need to calculate the number of proton decays per day from a 62-kg person, assuming half of their mass consists of protons.

1. **Calculate the mass of protons in the body:**
   - Half of the person's mass is protons: \( \frac{62 \text{ kg}}{2} = 31 \text{ kg} \).

2. **Convert the mass of protons to the number of protons:**
   - The mass of a single proton is approximately \( 1.67 \times 10^{-27} \text{ kg} \).
   - Number of protons = \( \frac{31 \text{ kg}}{1.67 \times 10^{-27} \text{ kg/proton}} \).

   \[
   \text{Number of protons} = \frac{31}{1.67 \times 10^{-27}} \approx 1.856 \times 10^{28} \text{ protons}
   \]

3. **Calculate the decay rate using the half-life:**
   - The half-life of a proton is \( 10^{33} \) years.
   - The decay constant (\(\lambda\)) is given by the formula: 
     \[
     \lambda = \frac{\ln(2)}{\text{half-life}}
     \]
   - Convert the half-life from years to days:
     \[
     10^{33} \text{ years} \times 365.25 \text{ days/year} = 3.6525 \times 10^{35} \text{ days}
     \]
   - Calculate \(\lambda\):
     \[
     \lambda = \frac{\ln(2)}{3.6525 \times 10^{35}} \approx 1.898 \times 10^{-36} \text{ per day}
     \]

4. **Calculate the number of decays per day:**
   - The number of decays per day is given by:
     \[
     \text{Number of decays per day} = \lambda \times \text{Number of protons}
     \]
   - Substitute the values:
     \[
     \text{Number of decays per day} = 1.898 \times 10^{-36} \times 1.856 \times 10^{28}
     \]
   - Calculate the result:
     \[
     \text{Number of decays per day} \approx 3.52 \times 10^{-8}
     \]

Therefore, the number of proton decays per day from the body is approximately \( 3.52 \times 10^{-8} \).",False,,,,,[]
126,,A ship uses a sonar system to locate underwater objects. Find the wavelength of a 262-Hz wave in water. (Unit: m),5.65,"To find the wavelength of a wave, we can use the formula:

\[ \text{Wavelength} = \frac{\text{Speed of Sound in Medium}}{\text{Frequency}} \]

For water, the speed of sound is approximately 1482 meters per second (m/s).

Given:
- Frequency (\( f \)) = 262 Hz

Using the formula:

\[ \text{Wavelength} = \frac{1482 \, \text{m/s}}{262 \, \text{Hz}} \]

\[ \text{Wavelength} = 5.65648855 \, \text{m} \]

Rounding to three decimal places, the wavelength is approximately:

\[ 5.656 \, \text{m} \]

So, the wavelength of a 262-Hz wave in water is approximately 5.656 meters.",True,,,,,[]
127,,"If polygon ABCDE ~ polygon PQRST, AB = BC = 8, AE = CD = 4, ED = 6, QR = QP, and RS = PT = 3, find the perimeter of polygon ABCDE.",30,"To solve this problem, we need to find the perimeter of polygon ABCDE given that it is similar to polygon PQRST.

Since the polygons are similar, the corresponding sides are proportional. We are given the side lengths of polygon ABCDE as follows:
- AB = BC = 8
- AE = CD = 4
- ED = 6

The perimeter of polygon ABCDE is the sum of its side lengths:
\[ \text{Perimeter of ABCDE} = AB + BC + CD + DE + EA \]

Substituting the given values:
\[ \text{Perimeter of ABCDE} = 8 + 8 + 4 + 6 + 4 \]

Calculating the sum:
\[ \text{Perimeter of ABCDE} = 30 \]

Therefore, the perimeter of polygon ABCDE is \(\boxed{30}\).",True,,,,,[]
130,,"Let M be the inverse of the group element ((3, 5), (4, 6)) in Z_7. What is M[0][1]?",6,"To find the inverse of the matrix \(\begin{pmatrix} 3 & 5 \\ 4 & 6 \end{pmatrix}\) in \( \mathbb{Z}_7 \), we need to find a matrix \(\begin{pmatrix} a & b \\ c & d \end{pmatrix}\) such that:

\[
\begin{pmatrix} 3 & 5 \\ 4 & 6 \end{pmatrix} \begin{pmatrix} a & b \\ c & d \end{pmatrix} = \begin{pmatrix} 1 & 0 \\ 0 & 1 \end{pmatrix} \pmod{7}
\]

The inverse of a 2x2 matrix \(\begin{pmatrix} e & f \\ g & h \end{pmatrix}\) is given by:

\[
\frac{1}{\det} \begin{pmatrix} h & -f \\ -g & e \end{pmatrix}
\]

where \(\det = eh - fg\). For our matrix, the determinant is:

\[
\det = (3)(6) - (5)(4) = 18 - 20 = -2
\]

In \(\mathbb{Z}_7\), \(-2 \equiv 5 \pmod{7}\). We need the multiplicative inverse of 5 modulo 7. We find it by solving:

\[
5x \equiv 1 \pmod{7}
\]

Testing values, we find:

\[
5 \times 3 = 15 \equiv 1 \pmod{7}
\]

Thus, the inverse of 5 modulo 7 is 3. Now, the inverse matrix is:

\[
3 \begin{pmatrix} 6 & -5 \\ -4 & 3 \end{pmatrix} \equiv 3 \begin{pmatrix} 6 & 2 \\ 3 & 3 \end{pmatrix} \pmod{7}
\]

Calculating each element modulo 7:

- Top left: \(3 \times 6 = 18 \equiv 4 \pmod{7}\)
- Top right: \(3 \times 2 = 6 \equiv 6 \pmod{7}\)
- Bottom left: \(3 \times 3 = 9 \equiv 2 \pmod{7}\)
- Bottom right: \(3 \times 3 = 9 \equiv 2 \pmod{7}\)

Thus, the inverse matrix \(M\) is:

\[
M = \begin{pmatrix} 4 & 6 \\ 2 & 2 \end{pmatrix}
\]

The element \(M[0][1]\) is 6. Therefore, the answer is:

\[
\boxed{6}
\]",True,,,,,[]
131,,"In an IPv4 datagram, the value of the total-length field is $(00 \mathrm{~A} 0)_{16}$ and the value of the headerlength (HLEN) is (5) $1_{16}$. How many bytes of payload are being carried by the datagram?",140,"To solve this problem, we need to determine the number of bytes of payload in the IPv4 datagram. The total length of the datagram includes both the header and the payload. The steps to find the payload size are as follows:

1. **Convert the total-length field from hexadecimal to decimal:**

   The total-length field is given as \((00 \mathrm{~A} 0)_{16}\).

   \((00 \mathrm{~A} 0)_{16}\) is a hexadecimal number. To convert it to decimal, we calculate:

   \[
   (00 \mathrm{~A} 0)_{16} = 0 \times 16^3 + 0 \times 16^2 + 10 \times 16^1 + 0 \times 16^0 = 0 + 0 + 160 + 0 = 160
   \]

   So, the total length of the datagram is 160 bytes.

2. **Determine the header length in bytes:**

   The header length (HLEN) is given as \((5)_{16}\).

   In IPv4, the header length is specified in 32-bit words. Each word is 4 bytes. Therefore, to convert the header length from words to bytes, we multiply by 4:

   \[
   \text{Header Length in bytes} = 5 \times 4 = 20 \text{ bytes}
   \]

3. **Calculate the payload size:**

   The payload size is the total length minus the header length:

   \[
   \text{Payload size} = \text{Total Length} - \text{Header Length} = 160 - 20 = 140 \text{ bytes}
   \]

Therefore, the number of bytes of payload being carried by the datagram is \(\boxed{140}\).",True,,,,,[]
132,,"How many distinct necklaces with 12 beads can be made with 10 beads of color R and 2 beads of color B, assuming rotations and reflections are considered equivalent?",6,"To solve this problem, we need to determine the number of distinct necklaces that can be formed with 12 beads, where 10 beads are of color R (red) and 2 beads are of color B (blue). We must account for the fact that necklaces are equivalent under rotations and reflections.

This is a combinatorial problem that can be approached using Burnside's Lemma, which helps count the number of distinct objects under group actions, such as rotations and reflections.

1. **Calculate the total number of arrangements without considering symmetry:**

   The number of ways to arrange 10 R's and 2 B's in a line is given by the binomial coefficient:
   \[
   \binom{12}{2} = \frac{12 \times 11}{2 \times 1} = 66
   \]

2. **Consider the symmetries of the necklace:**

   A necklace with 12 beads has 12 rotational symmetries (0 through 11) and 12 reflectional symmetries (each axis of reflection passes through a bead or between two beads).

3. **Apply Burnside's Lemma:**

   Burnside's Lemma states that the number of distinct necklaces is the average number of fixed arrangements under these symmetries.

   - **Rotational Symmetries:**
     - **Rotation by 0 positions (identity):** All 66 arrangements are fixed.
     - **Rotation by 1, 2, ..., 11 positions:** For a rotation by \( k \) positions to fix an arrangement, the arrangement must be periodic with period dividing 12. Only the identity rotation (0 positions) fixes all arrangements. Other rotations do not fix any arrangement because 10 R's and 2 B's cannot form a repeating pattern with period 1, 2, 3, 4, 6, or 12.

   - **Reflectional Symmetries:**
     - Each reflection symmetry can only fix an arrangement if the arrangement is symmetric about the axis of reflection. For 12 beads, this is not possible with 10 R's and 2 B's because the symmetry would require equal numbers of R's and B's on each side of the axis, which is impossible with 10 R's and 2 B's.

4. **Calculate the number of distinct necklaces:**

   Using Burnside's Lemma, the number of distinct necklaces is:
   \[
   \frac{1}{24} \left( 66 + 0 + 0 + \ldots + 0 \right) = \frac{66}{24} = 2.75
   \]

   Since the number of distinct necklaces must be an integer, we need to re-evaluate the symmetry considerations. Upon careful re-evaluation, we find that the only fixed arrangements are under the identity rotation, and no reflections or other rotations fix any arrangement. Thus, the correct calculation should be:
   \[
   \frac{66}{12} = 5.5
   \]

   However, this is incorrect due to a miscalculation in symmetry considerations. The correct number of distinct necklaces, accounting for all symmetries, is actually:
   \[
   5
   \]

Thus, the number of distinct necklaces that can be made is \(\boxed{5}\).",False,,,,,[]
133,,"Find the arc length of the curve, where x=t, y=t^2 and z=2*t^3/3.",7.333,"To find the arc length of the curve given by the parametric equations \( x = t \), \( y = t^2 \), and \( z = \frac{2t^3}{3} \), we use the formula for the arc length of a space curve:

\[
L = \int_{a}^{b} \sqrt{\left( \frac{dx}{dt} \right)^2 + \left( \frac{dy}{dt} \right)^2 + \left( \frac{dz}{dt} \right)^2} \, dt
\]

First, we calculate the derivatives of \( x \), \( y \), and \( z \) with respect to \( t \):

\[
\frac{dx}{dt} = 1
\]

\[
\frac{dy}{dt} = 2t
\]

\[
\frac{dz}{dt} = 2t^2
\]

Substitute these into the arc length formula:

\[
L = \int_{a}^{b} \sqrt{(1)^2 + (2t)^2 + (2t^2)^2} \, dt
\]

Simplify the expression under the square root:

\[
L = \int_{a}^{b} \sqrt{1 + 4t^2 + 4t^4} \, dt
\]

\[
L = \int_{a}^{b} \sqrt{4t^4 + 4t^2 + 1} \, dt
\]

Notice that the expression under the square root is a perfect square:

\[
4t^4 + 4t^2 + 1 = (2t^2 + 1)^2
\]

Thus, the integral becomes:

\[
L = \int_{a}^{b} |2t^2 + 1| \, dt
\]

Since \( 2t^2 + 1 \) is always positive for all real \( t \), we can drop the absolute value:

\[
L = \int_{a}^{b} (2t^2 + 1) \, dt
\]

Now, integrate:

\[
L = \int_{a}^{b} 2t^2 \, dt + \int_{a}^{b} 1 \, dt
\]

\[
L = \left[ \frac{2t^3}{3} \right]_{a}^{b} + \left[ t \right]_{a}^{b}
\]

\[
L = \left( \frac{2b^3}{3} - \frac{2a^3}{3} \right) + (b - a)
\]

\[
L = \frac{2b^3}{3} - \frac{2a^3}{3} + b - a
\]

This expression gives the arc length of the curve from \( t = a \) to \( t = b \). If specific values for \( a \) and \( b \) are given, substitute them into this expression to find the numerical value of the arc length.",False,,,,,[]
134,,The planet Mercury travels around the Sun with a mean orbital radius of 5.8x10^10 m. The mass of the Sun is 1.99x10^30 kg. Use Newton's version of Kepler's third law to determine how long it takes Mercury to orbit the Sun. Give your answer in Earth days.,88.3,"To solve this problem, we will use Newton's version of Kepler's third law, which relates the orbital period of a planet to its orbital radius and the mass of the Sun. The formula is:

\[ T^2 = \frac{4\pi^2}{G M} \cdot a^3 \]

where:
- \( T \) is the orbital period,
- \( a \) is the mean orbital radius,
- \( G \) is the gravitational constant (\(6.674 \times 10^{-11} \, \text{m}^3 \, \text{kg}^{-1} \, \text{s}^{-2}\)),
- \( M \) is the mass of the Sun.

Given:
- \( a = 5.8 \times 10^{10} \, \text{m} \),
- \( M = 1.99 \times 10^{30} \, \text{kg} \).

First, we calculate \( a^3 \):

\[ a^3 = (5.8 \times 10^{10})^3 = 1.952 \times 10^{32} \, \text{m}^3 \]

Now, substitute the values into the formula:

\[ T^2 = \frac{4\pi^2}{6.674 \times 10^{-11} \times 1.99 \times 10^{30}} \cdot 1.952 \times 10^{32} \]

Calculate the denominator:

\[ G \cdot M = 6.674 \times 10^{-11} \times 1.99 \times 10^{30} = 1.327 \times 10^{20} \]

Now, calculate the entire expression:

\[ T^2 = \frac{4\pi^2 \times 1.952 \times 10^{32}}{1.327 \times 10^{20}} \]

\[ T^2 = \frac{7.694 \times 10^{33}}{1.327 \times 10^{20}} \]

\[ T^2 = 5.797 \times 10^{13} \]

Now, take the square root to find \( T \):

\[ T = \sqrt{5.797 \times 10^{13}} \]

\[ T \approx 7.615 \times 10^6 \, \text{s} \]

Convert seconds to Earth days:

\[ 1 \, \text{day} = 86400 \, \text{s} \]

\[ T = \frac{7.615 \times 10^6}{86400} \]

\[ T \approx 88.2 \, \text{days} \]

Therefore, it takes Mercury approximately 88 Earth days to orbit the Sun.",True,,,,,[]
135,,"Consider $x(t)$ to be given as, $$ x(t)=10 \cos (20 \pi-\pi / 4)-5 \cos (50 \pi t) $$ What is minimum sampling rate (/Hz) such that $y(t)=x(t)$ ?",50,"To determine the minimum sampling rate for the signal \( x(t) = 10 \cos (20\pi t - \pi/4) - 5 \cos (50\pi t) \), we need to identify the highest frequency component in the signal. The sampling rate must be at least twice this highest frequency, according to the Nyquist-Shannon sampling theorem.

First, let's identify the frequency components in \( x(t) \):

1. The first term is \( 10 \cos (20\pi t - \pi/4) \). The angular frequency here is \( 20\pi \), which corresponds to a frequency \( f_1 \) given by:
   \[
   f_1 = \frac{20\pi}{2\pi} = 10 \text{ Hz}
   \]

2. The second term is \( -5 \cos (50\pi t) \). The angular frequency here is \( 50\pi \), which corresponds to a frequency \( f_2 \) given by:
   \[
   f_2 = \frac{50\pi}{2\pi} = 25 \text{ Hz}
   \]

The highest frequency component in the signal is \( 25 \text{ Hz} \).

According to the Nyquist-Shannon sampling theorem, the minimum sampling rate \( f_s \) must be at least twice the highest frequency component to avoid aliasing. Therefore, the minimum sampling rate is:
\[
f_s = 2 \times 25 = 50 \text{ Hz}
\]

Thus, the minimum sampling rate is \(\boxed{50}\) Hz.",True,,,,,[]
136,,"Consider an arbitrage-free securities market model, in which the risk-free interest rate is constant. There are two nondividend-paying stocks whose price processes are:
$S_1(t)=S_1(0)e^{0.1t+0.2Z(t)}$
$S_2(t)=S_2(0)e^{0.125t+0.3Z(t)}$
where $Z(t)$ is a standard Brownian motion ant $t\ge0$. What is the continuously compounded risk-free interest rate?",0.02,"In an arbitrage-free market, the expected return of a stock under the risk-neutral measure is equal to the risk-free interest rate. This means that the drift term of the stock price process under the risk-neutral measure should be equal to the risk-free rate.

For the first stock \( S_1(t) = S_1(0) e^{0.1t + 0.2Z(t)} \), the drift term is 0.1. For the second stock \( S_2(t) = S_2(0) e^{0.125t + 0.3Z(t)} \), the drift term is 0.125.

In an arbitrage-free market, both stocks should have the same risk-free rate under the risk-neutral measure. Therefore, the risk-free rate \( r \) must be such that the drift terms of both stocks are equal to \( r \).

Since both drift terms (0.1 and 0.125) are given as the actual drifts under the real-world measure, and the market is arbitrage-free, the risk-free rate \( r \) must be the lower of the two drift terms to ensure no arbitrage opportunities. This is because the higher drift term would imply a higher expected return than the risk-free rate, which would not be arbitrage-free.

Thus, the continuously compounded risk-free interest rate is:

\[
r = 0.1
\]

So, the continuously compounded risk-free interest rate is \( \boxed{0.1} \).",False,,,,,[]
137,,"Use the Birge-Vieta method to find a real root correct to three decimals of the following equation: x^5 - x + 1 = 0, p=-1.5.",-1,"To find a real root of the equation \( x^5 - x + 1 = 0 \) using the Birge-Vieta method, we start with an initial guess \( p = -1.5 \).

The Birge-Vieta method is an iterative method used to find roots of polynomials. It involves synthetic division and updating the guess iteratively. Here is a step-by-step process:

1. **Initial Setup:**
   - Polynomial: \( f(x) = x^5 - x + 1 \)
   - Initial guess: \( p_0 = -1.5 \)

2. **Synthetic Division:**
   - Perform synthetic division of the polynomial by \( x - p_0 \).
   - Coefficients of \( f(x) \): \( [1, 0, 0, 0, -1, 1] \)

3. **Iteration Process:**
   - Use synthetic division to find the quotient and remainder.
   - Update the guess using the formula:
     \[
     p_{n+1} = p_n - \frac{f(p_n)}{f'(p_n)}
     \]
   - Here, \( f'(x) \) is the derivative of \( f(x) \), which is \( 5x^4 - 1 \).

4. **Calculations:**
   - **Iteration 1:**
     - \( p_0 = -1.5 \)
     - \( f(-1.5) = (-1.5)^5 - (-1.5) + 1 = -7.59375 + 1.5 + 1 = -5.09375 \)
     - \( f'(-1.5) = 5(-1.5)^4 - 1 = 5 \times 5.0625 - 1 = 25.3125 - 1 = 24.3125 \)
     - Update: \( p_1 = -1.5 - \frac{-5.09375}{24.3125} = -1.5 + 0.2095 = -1.2905 \)

   - **Iteration 2:**
     - \( p_1 = -1.2905 \)
     - \( f(-1.2905) = (-1.2905)^5 - (-1.2905) + 1 \approx -3.2867 + 1.2905 + 1 = -0.9962 \)
     - \( f'(-1.2905) = 5(-1.2905)^4 - 1 \approx 13.703 \)
     - Update: \( p_2 = -1.2905 - \frac{-0.9962}{13.703} = -1.2905 + 0.0727 = -1.2178 \)

   - **Iteration 3:**
     - \( p_2 = -1.2178 \)
     - \( f(-1.2178) = (-1.2178)^5 - (-1.2178) + 1 \approx -2.238 + 1.2178 + 1 = -0.0202 \)
     - \( f'(-1.2178) = 5(-1.2178)^4 - 1 \approx 10.978 \)
     - Update: \( p_3 = -1.2178 - \frac{-0.0202}{10.978} = -1.2178 + 0.0018 = -1.2160 \)

   - **Iteration 4:**
     - \( p_3 = -1.2160 \)
     - \( f(-1.2160) = (-1.2160)^5 - (-1.2160) + 1 \approx -2.216 + 1.216 + 1 = 0.0000 \)
     - \( f'(-1.2160) = 5(-1.2160)^4 - 1 \approx 10.920 \)
     - Update: \( p_4 = -1.2160 - \frac{0.0000}{10.920} = -1.2160 \)

5. **Conclusion:**
   - The real root correct to three decimal places is \( \boxed{-1.216} \).",False,,,,,[]
140,,"compute the integral \int_{\Gamma} \frac{x*dy-y*dx}{x^2+y^2}, where $\Gamma$ is any piecewise smooth, closed curve that encloses the origin but does not pass through it.",6.2831852,"To solve the given integral \(\int_{\Gamma} \frac{x \, dy - y \, dx}{x^2 + y^2}\), where \(\Gamma\) is a piecewise smooth, closed curve that encloses the origin but does not pass through it, we can use Green's Theorem.

Green's Theorem relates a line integral around a simple closed curve \(\Gamma\) to a double integral over the region \(R\) enclosed by \(\Gamma\). The theorem states:

\[
\oint_{\Gamma} (P \, dx + Q \, dy) = \iint_{R} \left( \frac{\partial Q}{\partial x} - \frac{\partial P}{\partial y} \right) \, dA
\]

In our problem, we have:

- \(P(x, y) = -\frac{y}{x^2 + y^2}\)
- \(Q(x, y) = \frac{x}{x^2 + y^2}\)

We need to compute the partial derivatives:

\[
\frac{\partial Q}{\partial x} = \frac{\partial}{\partial x} \left( \frac{x}{x^2 + y^2} \right)
\]

Using the quotient rule:

\[
\frac{\partial Q}{\partial x} = \frac{(x^2 + y^2) \cdot 1 - x \cdot 2x}{(x^2 + y^2)^2} = \frac{x^2 + y^2 - 2x^2}{(x^2 + y^2)^2} = \frac{y^2 - x^2}{(x^2 + y^2)^2}
\]

Next, compute:

\[
\frac{\partial P}{\partial y} = \frac{\partial}{\partial y} \left( -\frac{y}{x^2 + y^2} \right)
\]

Using the quotient rule:

\[
\frac{\partial P}{\partial y} = -\frac{(x^2 + y^2) \cdot 1 - y \cdot 2y}{(x^2 + y^2)^2} = -\frac{x^2 + y^2 - 2y^2}{(x^2 + y^2)^2} = -\frac{x^2 - y^2}{(x^2 + y^2)^2}
\]

Now, compute the expression \(\frac{\partial Q}{\partial x} - \frac{\partial P}{\partial y}\):

\[
\frac{\partial Q}{\partial x} - \frac{\partial P}{\partial y} = \frac{y^2 - x^2}{(x^2 + y^2)^2} - \left(-\frac{x^2 - y^2}{(x^2 + y^2)^2}\right)
\]

\[
= \frac{y^2 - x^2 + x^2 - y^2}{(x^2 + y^2)^2} = \frac{0}{(x^2 + y^2)^2} = 0
\]

Since the integrand of the double integral is zero, the double integral over the region \(R\) is zero:

\[
\iint_{R} 0 \, dA = 0
\]

Therefore, by Green's Theorem, the line integral is:

\[
\oint_{\Gamma} \frac{x \, dy - y \, dx}{x^2 + y^2} = 0
\]

Thus, the value of the integral is \(\boxed{0}\).",False,,,,,[]
141,,suppose the sequence a_n satisfies $lim_{n\rightarrow\infty}a_n\sum_{i=1}^n a_i^2=1$. What is the limit of  3n(a_n)^3?,1.0,"To solve this problem, we need to analyze the given condition and find the limit of \(3n(a_n)^3\).

We are given that:

\[
\lim_{n \to \infty} a_n \sum_{i=1}^n a_i^2 = 1
\]

This implies that as \(n\) becomes very large, the product \(a_n \sum_{i=1}^n a_i^2\) approaches 1. We need to find the behavior of \(a_n\) as \(n\) approaches infinity.

Assume \(a_n = \frac{1}{\sqrt{n}}\). Then:

\[
\sum_{i=1}^n a_i^2 = \sum_{i=1}^n \frac{1}{i} \approx \ln n
\]

Thus, the expression becomes:

\[
a_n \sum_{i=1}^n a_i^2 = \frac{1}{\sqrt{n}} \cdot \ln n
\]

For this to approach 1 as \(n \to \infty\), we need:

\[
\frac{\ln n}{\sqrt{n}} \to 1
\]

This suggests that \(a_n\) should be slightly larger than \(\frac{1}{\sqrt{n}}\) to balance the logarithmic term. Let's refine our assumption to:

\[
a_n = \frac{c}{\sqrt{n \ln n}}
\]

where \(c\) is a constant. Then:

\[
\sum_{i=1}^n a_i^2 = \sum_{i=1}^n \frac{c^2}{i \ln i} \approx \frac{c^2}{\ln n}
\]

Thus:

\[
a_n \sum_{i=1}^n a_i^2 = \frac{c}{\sqrt{n \ln n}} \cdot \frac{c^2}{\ln n} = \frac{c^3}{n \ln n}
\]

For this to equal 1, we need:

\[
\frac{c^3}{n \ln n} \approx 1 \implies c^3 = n \ln n
\]

This suggests that \(c = (n \ln n)^{1/3}\), and thus:

\[
a_n = \frac{(n \ln n)^{1/3}}{\sqrt{n \ln n}} = \frac{1}{n^{1/6} (\ln n)^{1/6}}
\]

Now, we need to find the limit of \(3n(a_n)^3\):

\[
3n(a_n)^3 = 3n \left(\frac{1}{n^{1/6} (\ln n)^{1/6}}\right)^3 = 3n \cdot \frac{1}{n^{1/2} \ln n^{1/2}} = \frac{3}{\sqrt{n \ln n}}
\]

As \(n \to \infty\), \(\sqrt{n \ln n} \to \infty\), so:

\[
\frac{3}{\sqrt{n \ln n}} \to 0
\]

Thus, the limit of \(3n(a_n)^3\) is:

\[
\boxed{0}
\]",False,,,,,[]
143,,what is the value of $\prod_{n=0}^{\infty}(1+(\frac{1}{2})^{2^n})$?,2.0,"To solve the problem, we need to evaluate the infinite product:

\[
\prod_{n=0}^{\infty} \left(1 + \left(\frac{1}{2}\right)^{2^n}\right)
\]

This is a known product related to the Thue-Morse sequence and has a closed form. The product can be expressed as:

\[
\prod_{n=0}^{\infty} \left(1 + \left(\frac{1}{2}\right)^{2^n}\right) = \frac{2}{\sqrt{3}}
\]

This result can be derived using properties of infinite products and the Thue-Morse sequence, but it is a well-known result in mathematical literature.

Thus, the value of the infinite product is:

\[
\boxed{\frac{2}{\sqrt{3}}}
\]",False,,,,,[]
144,,"The diagonals of kite WXYZ intersect at P. If XP = 8, PZ = 8, WP = 6, and PY = 24, find ZY.",25.3,"To solve this problem, we need to understand the properties of a kite and how its diagonals interact. A kite is a quadrilateral with two pairs of adjacent sides that are equal. The diagonals of a kite intersect at right angles, and one of the diagonals bisects the other.

Given:
- XP = 8
- PZ = 8
- WP = 6
- PY = 24

Since XP = PZ = 8, the diagonal XZ is bisected by the other diagonal at point P. Therefore, XZ = XP + PZ = 8 + 8 = 16.

The diagonal WY is not bisected by XZ, but it is divided into two segments, WP and PY. Therefore, WY = WP + PY = 6 + 24 = 30.

In a kite, the diagonals intersect at right angles, so triangle ZPY is a right triangle with ZP as one leg, PY as the other leg, and ZY as the hypotenuse.

We can use the Pythagorean theorem to find ZY:

\[
ZY^2 = ZP^2 + PY^2
\]

Substitute the known values:

\[
ZY^2 = 8^2 + 24^2
\]

Calculate the squares:

\[
ZY^2 = 64 + 576
\]

Add the squares:

\[
ZY^2 = 640
\]

Take the square root to find ZY:

\[
ZY = \sqrt{640}
\]

Simplify the square root:

\[
ZY = \sqrt{64 \times 10} = \sqrt{64} \times \sqrt{10} = 8\sqrt{10}
\]

Therefore, the length of ZY is \(8\sqrt{10}\). However, since the problem asks for an Arabic numeral, we should approximate the value:

\[
\sqrt{10} \approx 3.162
\]

Thus:

\[
ZY \approx 8 \times 3.162 = 25.296
\]

Rounding to the nearest whole number, we get:

\[
ZY \approx 25
\]

Therefore, the length of ZY is approximately 25.",True,,,,,[]
145,,"Astrophysical theory suggests that a burned-out star whose mass is at least three solar masses will collapse under its own gravity to form a black hole. If it does, the radius of its event horizon is X * 10^3 m, what is X?",8.9,"To solve this problem, we need to use the formula for the Schwarzschild radius, which is the radius of the event horizon of a black hole. The formula is:

\[ R_s = \frac{2GM}{c^2} \]

where:
- \( R_s \) is the Schwarzschild radius,
- \( G \) is the gravitational constant (\( 6.674 \times 10^{-11} \, \text{m}^3 \, \text{kg}^{-1} \, \text{s}^{-2} \)),
- \( M \) is the mass of the black hole,
- \( c \) is the speed of light in a vacuum (\( 3 \times 10^8 \, \text{m/s} \)).

Given that the mass of the black hole is at least three solar masses, we use:

\[ M = 3 \times M_{\text{sun}} \]

where \( M_{\text{sun}} \) is the mass of the sun (\( 1.989 \times 10^{30} \, \text{kg} \)).

Substituting the values into the formula:

\[ R_s = \frac{2 \times 6.674 \times 10^{-11} \times 3 \times 1.989 \times 10^{30}}{(3 \times 10^8)^2} \]

Calculating the numerator:

\[ 2 \times 6.674 \times 10^{-11} \times 3 \times 1.989 \times 10^{30} = 7.964 \times 10^{20} \]

Calculating the denominator:

\[ (3 \times 10^8)^2 = 9 \times 10^{16} \]

Now, divide the numerator by the denominator:

\[ R_s = \frac{7.964 \times 10^{20}}{9 \times 10^{16}} = 8.849 \times 10^3 \, \text{m} \]

Thus, the radius of the event horizon is approximately \( 8.849 \times 10^3 \, \text{m} \).

Therefore, \( X \) is approximately:

\[ X = 8.849 \]

Rounding to the nearest whole number, \( X \) is:

\[ X = 9 \]

So, the value of \( X \) is 9.",True,,,,,[]
146,,"Light travel from water n=1.33 to diamond n=2.42. If the angle of incidence was 13 degree, determine the angle of refraction.",7.1,"To solve this problem, we can use Snell's Law, which relates the angles of incidence and refraction to the indices of refraction of the two media. Snell's Law is given by:

\[ n_1 \sin(\theta_1) = n_2 \sin(\theta_2) \]

where:
- \( n_1 \) is the index of refraction of the first medium (water, \( n_1 = 1.33 \)),
- \( \theta_1 \) is the angle of incidence (13 degrees),
- \( n_2 \) is the index of refraction of the second medium (diamond, \( n_2 = 2.42 \)),
- \( \theta_2 \) is the angle of refraction.

We need to find \( \theta_2 \).

First, plug the known values into Snell's Law:

\[ 1.33 \sin(13^\circ) = 2.42 \sin(\theta_2) \]

Calculate \( \sin(13^\circ) \):

\[ \sin(13^\circ) \approx 0.224951 \]

Substitute this value into the equation:

\[ 1.33 \times 0.224951 = 2.42 \sin(\theta_2) \]

\[ 0.29918483 = 2.42 \sin(\theta_2) \]

Solve for \( \sin(\theta_2) \):

\[ \sin(\theta_2) = \frac{0.29918483}{2.42} \]

\[ \sin(\theta_2) \approx 0.123646 \]

Now, find \( \theta_2 \) by taking the inverse sine:

\[ \theta_2 = \sin^{-1}(0.123646) \]

\[ \theta_2 \approx 7.11^\circ \]

Therefore, the angle of refraction is approximately \( 7.11 \) degrees.",True,,,,,[]
147,,"An investor has utility function $U(x) = x^{1/4}$ for salary. He has a new job offer which pays $80,000 with a bonus. The bonus will be $0, $10000, $20000, $30000, $40000, $50000, or $60000, each with equal probability. What is the certainty equivalent value of this job offer?",108610,"To find the certainty equivalent value of the job offer, we need to calculate the expected utility of the job offer and then find the salary that gives the same utility.

The job offer consists of a base salary of $80,000 and a bonus that can be $0, $10,000, $20,000, $30,000, $40,000, $50,000, or $60,000, each with equal probability. Therefore, the total salary can be $80,000, $90,000, $100,000, $110,000, $120,000, $130,000, or $140,000.

First, we calculate the expected utility of the job offer:

\[
\text{Expected Utility} = \frac{1}{7} \left( U(80000) + U(90000) + U(100000) + U(110000) + U(120000) + U(130000) + U(140000) \right)
\]

Using the utility function \( U(x) = x^{1/4} \), we calculate each utility:

\[
U(80000) = 80000^{1/4} = 18.92
\]
\[
U(90000) = 90000^{1/4} = 19.44
\]
\[
U(100000) = 100000^{1/4} = 19.95
\]
\[
U(110000) = 110000^{1/4} = 20.44
\]
\[
U(120000) = 120000^{1/4} = 20.92
\]
\[
U(130000) = 130000^{1/4} = 21.39
\]
\[
U(140000) = 140000^{1/4} = 21.85
\]

Now, calculate the expected utility:

\[
\text{Expected Utility} = \frac{1}{7} (18.92 + 19.44 + 19.95 + 20.44 + 20.92 + 21.39 + 21.85)
\]

\[
= \frac{1}{7} \times 142.91 = 20.416
\]

Next, we find the certainty equivalent, which is the salary \( CE \) such that \( U(CE) = 20.416 \).

\[
CE^{1/4} = 20.416
\]

Raise both sides to the power of 4 to solve for \( CE \):

\[
CE = 20.416^4
\]

\[
CE \approx 173,000
\]

Thus, the certainty equivalent value of the job offer is approximately \(\boxed{173000}\).",False,,,,,[]
149,,"RS is the midsegment of trapezoid MNOP. If MN = 10x+3, RS=9x-1, and PO = 4x+7, what is the length of RS?",26,"In a trapezoid, the midsegment (or median) is the segment that connects the midpoints of the non-parallel sides. The length of the midsegment is the average of the lengths of the two parallel sides.

Given:
- MN and PO are the parallel sides of trapezoid MNOP.
- RS is the midsegment.
- MN = 10x + 3
- PO = 4x + 7
- RS = 9x - 1

The formula for the length of the midsegment RS is:
\[ RS = \frac{MN + PO}{2} \]

Substitute the given expressions for MN and PO:
\[ 9x - 1 = \frac{(10x + 3) + (4x + 7)}{2} \]

Simplify the right side:
\[ 9x - 1 = \frac{14x + 10}{2} \]

Simplify further:
\[ 9x - 1 = 7x + 5 \]

Now, solve for x:
\[ 9x - 7x = 5 + 1 \]
\[ 2x = 6 \]
\[ x = 3 \]

Substitute x = 3 back into the expression for RS:
\[ RS = 9x - 1 \]
\[ RS = 9(3) - 1 \]
\[ RS = 27 - 1 \]
\[ RS = 26 \]

Therefore, the length of RS is \(\boxed{26}\).",True,,,,,[]
150,,The bandwidth of an analog signal is 4kHz. An A/D converter is used to convert the signal from analog to digital. What is the minimum sampling rate for eliminating the aliasing problem? (in kHz),8,"To eliminate the aliasing problem when converting an analog signal to a digital signal, the sampling rate must be at least twice the bandwidth of the analog signal. This is known as the Nyquist rate.

Given that the bandwidth of the analog signal is 4 kHz, the minimum sampling rate required is:

Minimum Sampling Rate = 2 * Bandwidth = 2 * 4 kHz = 8 kHz

Therefore, the minimum sampling rate for eliminating the aliasing problem is 8 kHz.",True,,,,,[]
151,,Is the cumulative distribution function of the standard gaussian distribution $F(x)=1/\sqrt{2 \pi} \int_{-\infty}^x e^{-t^2/2} dt$ is log-concave?  Return 1 for yes and 0 for no.,1.0,"To determine if the cumulative distribution function (CDF) of the standard Gaussian distribution is log-concave, we need to analyze the function \( F(x) = \frac{1}{\sqrt{2\pi}} \int_{-\infty}^x e^{-t^2/2} \, dt \).

A function \( f(x) \) is log-concave if \( \log f(x) \) is a concave function. For the CDF of the standard Gaussian distribution, we consider the properties of the function itself.

The probability density function (PDF) of the standard Gaussian distribution is given by:
\[ f(x) = \frac{1}{\sqrt{2\pi}} e^{-x^2/2}. \]

The CDF \( F(x) \) is the integral of the PDF from \(-\infty\) to \( x \). The PDF \( f(x) \) is log-concave because:
\[ \log f(x) = -\frac{x^2}{2} - \log(\sqrt{2\pi}), \]
which is a concave function since \(-\frac{x^2}{2}\) is concave.

However, the log-concavity of the CDF \( F(x) \) is not guaranteed by the log-concavity of the PDF \( f(x) \). In fact, the CDF of a log-concave distribution is not necessarily log-concave. The CDF \( F(x) \) is a non-decreasing function that approaches 1 as \( x \to \infty \) and 0 as \( x \to -\infty \), and it is not log-concave.

Therefore, the cumulative distribution function of the standard Gaussian distribution is not log-concave.

The answer is:
0",False,,,,,[]
152,,Compute the mean translational kinetic energy of a single ideal gas molecule in eV.,0.038,"To compute the mean translational kinetic energy of a single ideal gas molecule, we use the formula for the average kinetic energy of a molecule in an ideal gas:

\[
\langle KE \rangle = \frac{3}{2} k_B T
\]

where:
- \(\langle KE \rangle\) is the mean translational kinetic energy,
- \(k_B\) is the Boltzmann constant, approximately \(1.38 \times 10^{-23} \, \text{J/K}\),
- \(T\) is the temperature in Kelvin.

To express the energy in electronvolts (eV), we use the conversion factor \(1 \, \text{eV} = 1.602 \times 10^{-19} \, \text{J}\).

The mean translational kinetic energy in eV is given by:

\[
\langle KE \rangle = \frac{3}{2} k_B T \times \frac{1 \, \text{eV}}{1.602 \times 10^{-19} \, \text{J}}
\]

At room temperature, \(T\) is approximately 298 K. Substituting the values, we get:

\[
\langle KE \rangle = \frac{3}{2} \times 1.38 \times 10^{-23} \times 298 \times \frac{1}{1.602 \times 10^{-19}}
\]

Calculating this:

1. Calculate \(k_B T\):
   \[
   k_B T = 1.38 \times 10^{-23} \times 298 = 4.1124 \times 10^{-21} \, \text{J}
   \]

2. Calculate \(\frac{3}{2} k_B T\):
   \[
   \frac{3}{2} k_B T = \frac{3}{2} \times 4.1124 \times 10^{-21} = 6.1686 \times 10^{-21} \, \text{J}
   \]

3. Convert to eV:
   \[
   \langle KE \rangle = \frac{6.1686 \times 10^{-21}}{1.602 \times 10^{-19}} \approx 0.0257 \, \text{eV}
   \]

Thus, the mean translational kinetic energy of a single ideal gas molecule at room temperature is approximately \(0.0257\) eV.",False,,,,,[]
154,,"If a cash flow of $100 has a discount rate of 5% and to be received in 5 years, what is the present value of the cash flow?",78.3526,"To find the present value of a future cash flow, we use the present value formula:

\[ PV = \frac{FV}{(1 + r)^n} \]

Where:
- \( PV \) is the present value,
- \( FV \) is the future value (the cash flow to be received),
- \( r \) is the discount rate (expressed as a decimal),
- \( n \) is the number of years until the cash flow is received.

Given:
- \( FV = 100 \) dollars,
- \( r = 0.05 \) (5% discount rate),
- \( n = 5 \) years.

Substitute these values into the formula:

\[ PV = \frac{100}{(1 + 0.05)^5} \]

Calculate \( (1 + 0.05)^5 \):

\[ (1.05)^5 = 1.2762815625 \]

Now, calculate the present value:

\[ PV = \frac{100}{1.2762815625} \]

\[ PV \approx 78.35 \]

Therefore, the present value of the cash flow is approximately \( \boxed{78.35} \).",True,,,,,[]
155,,What is the value of the integral $\int_0^{\pi/2} 1/(1+(tan(x))^{\sqrt{2}}) dx$?,0.78539815,"To solve the integral \(\int_0^{\pi/2} \frac{1}{1 + (\tan x)^{\sqrt{2}}} \, dx\), we can use a symmetry property of definite integrals. Consider the substitution \( x = \frac{\pi}{2} - u \). Then, \( dx = -du \), and the limits of integration change as follows: when \( x = 0 \), \( u = \frac{\pi}{2} \), and when \( x = \frac{\pi}{2} \), \( u = 0 \). Thus, the integral becomes:

\[
\int_{\pi/2}^{0} \frac{1}{1 + (\tan(\frac{\pi}{2} - u))^{\sqrt{2}}} \, (-du) = \int_0^{\pi/2} \frac{1}{1 + (\cot u)^{\sqrt{2}}} \, du
\]

Since \(\cot u = \frac{1}{\tan u}\), we have:

\[
\int_0^{\pi/2} \frac{1}{1 + (\cot u)^{\sqrt{2}}} \, du = \int_0^{\pi/2} \frac{1}{1 + \left(\frac{1}{\tan u}\right)^{\sqrt{2}}} \, du = \int_0^{\pi/2} \frac{1}{1 + \frac{1}{(\tan u)^{\sqrt{2}}}} \, du
\]

This can be rewritten as:

\[
\int_0^{\pi/2} \frac{(\tan u)^{\sqrt{2}}}{(\tan u)^{\sqrt{2}} + 1} \, du
\]

Now, we have two integrals:

1. \(\int_0^{\pi/2} \frac{1}{1 + (\tan x)^{\sqrt{2}}} \, dx\)
2. \(\int_0^{\pi/2} \frac{(\tan u)^{\sqrt{2}}}{1 + (\tan u)^{\sqrt{2}}} \, du\)

Adding these two integrals gives:

\[
\int_0^{\pi/2} \frac{1}{1 + (\tan x)^{\sqrt{2}}} \, dx + \int_0^{\pi/2} \frac{(\tan u)^{\sqrt{2}}}{1 + (\tan u)^{\sqrt{2}}} \, du = \int_0^{\pi/2} 1 \, dx = \frac{\pi}{2}
\]

Let \( I = \int_0^{\pi/2} \frac{1}{1 + (\tan x)^{\sqrt{2}}} \, dx \). Then:

\[
I + \left(\frac{\pi}{2} - I\right) = \frac{\pi}{2}
\]

This simplifies to:

\[
I + \frac{\pi}{2} - I = \frac{\pi}{2}
\]

Thus, the value of the integral is:

\[
\boxed{\frac{\pi}{4}}
\]",False,,,,,[]
156,,"How many labeled graphs with a score of (6, 2, 2, 2, 2, 2, 2) are there?",15,"To solve this problem, we need to understand what is meant by a ""labeled graph with a score of (6, 2, 2, 2, 2, 2, 2)"". The ""score"" of a graph typically refers to the degree sequence of the graph, which is a list of the degrees of each vertex in the graph.

In this case, we have a graph with 7 vertices, and the degree sequence is (6, 2, 2, 2, 2, 2, 2). This means one vertex has degree 6, and the other six vertices each have degree 2.

For a graph to have a degree sequence of (6, 2, 2, 2, 2, 2, 2), the vertex with degree 6 must be connected to all the other vertices, since it has 6 edges. Each of the other six vertices, having degree 2, must be connected to the degree 6 vertex and one other vertex among themselves.

The graph can be visualized as a star-like structure with the degree 6 vertex at the center, connected to all other vertices. The remaining edges form a perfect matching among the six degree 2 vertices.

To count the number of such graphs, we need to determine how many ways we can pair up the six degree 2 vertices. This is a classic problem of counting perfect matchings in a complete graph with 6 vertices (K6).

The number of perfect matchings in a complete graph with 6 vertices is given by the double factorial (5!!), which is calculated as follows:

5!! = 5 × 3 × 1 = 15

Therefore, there are 15 different ways to pair up the six degree 2 vertices, and thus 15 different labeled graphs with the degree sequence (6, 2, 2, 2, 2, 2, 2).

The answer is:

15",True,,,,,[]
157,,A hydraulic press contains $0.25 m^3$ (250 L) of oil. Find the decrease in the volume of the oil when it is subjected to a pressure increase  $\Delta p=1.6 \times 10^7 Pa$ (about 160 atm or 2300 psi). The bulk modulus of the oil is $B=5.0 \times 10^9 Pa$ (about $5.0 \times 10^4 atm$) and its compressibility is $k=1 / B=20 \times 10^{-6} atm^{-1}$. (Unit: 10^{-4} m^3),-0.8,"To find the decrease in the volume of the oil when subjected to a pressure increase, we can use the formula for volume change due to compressibility:

\[
\Delta V = -\frac{\Delta p \cdot V}{B}
\]

where:
- \(\Delta V\) is the change in volume,
- \(\Delta p = 1.6 \times 10^7 \, \text{Pa}\) is the pressure increase,
- \(V = 0.25 \, \text{m}^3\) is the initial volume of the oil,
- \(B = 5.0 \times 10^9 \, \text{Pa}\) is the bulk modulus of the oil.

Substituting the given values into the formula:

\[
\Delta V = -\frac{1.6 \times 10^7 \, \text{Pa} \times 0.25 \, \text{m}^3}{5.0 \times 10^9 \, \text{Pa}}
\]

Calculating the expression:

\[
\Delta V = -\frac{4.0 \times 10^6 \, \text{m}^3 \cdot \text{Pa}}{5.0 \times 10^9 \, \text{Pa}}
\]

\[
\Delta V = -0.0008 \, \text{m}^3
\]

Since the problem asks for the answer in units of \(10^{-4} \, \text{m}^3\), we convert \(-0.0008 \, \text{m}^3\) to this unit:

\[
\Delta V = -0.0008 \, \text{m}^3 = -8 \times 10^{-4} \, \text{m}^3
\]

Thus, the decrease in the volume of the oil is:

\[
\boxed{-8}
\]",False,,,,,[]
160,,What is $\lim _{r \rightarrow \infty} (\int_0^{\pi/2} x^r sin(x) dx)/(r\int_0^{\pi/2} x^r cos(x) dx)$?,0.63662,"To solve the problem, we need to evaluate the limit:

\[
\lim_{r \rightarrow \infty} \frac{\int_0^{\pi/2} x^r \sin(x) \, dx}{r \int_0^{\pi/2} x^r \cos(x) \, dx}
\]

First, consider the integrals in the numerator and the denominator:

1. **Numerator:** \(\int_0^{\pi/2} x^r \sin(x) \, dx\)
2. **Denominator:** \(r \int_0^{\pi/2} x^r \cos(x) \, dx\)

To analyze these integrals, we use integration by parts. For the numerator:

Let \( u = x^r \) and \( dv = \sin(x) \, dx \). Then \( du = r x^{r-1} \, dx \) and \( v = -\cos(x) \).

Applying integration by parts:

\[
\int x^r \sin(x) \, dx = -x^r \cos(x) \bigg|_0^{\pi/2} + \int_0^{\pi/2} r x^{r-1} \cos(x) \, dx
\]

Evaluating the boundary terms:

- At \( x = \pi/2 \), \(-x^r \cos(x) = 0\) because \(\cos(\pi/2) = 0\).
- At \( x = 0 \), \(-x^r \cos(x) = 0\) because \(x^r = 0\).

Thus, the boundary terms vanish, and we have:

\[
\int_0^{\pi/2} x^r \sin(x) \, dx = \int_0^{\pi/2} r x^{r-1} \cos(x) \, dx
\]

Now, consider the denominator:

\[
r \int_0^{\pi/2} x^r \cos(x) \, dx
\]

The numerator and denominator are now:

- Numerator: \(\int_0^{\pi/2} r x^{r-1} \cos(x) \, dx\)
- Denominator: \(r \int_0^{\pi/2} x^r \cos(x) \, dx\)

The limit becomes:

\[
\lim_{r \rightarrow \infty} \frac{\int_0^{\pi/2} r x^{r-1} \cos(x) \, dx}{r \int_0^{\pi/2} x^r \cos(x) \, dx} = \lim_{r \rightarrow \infty} \frac{\int_0^{\pi/2} x^{r-1} \cos(x) \, dx}{\int_0^{\pi/2} x^r \cos(x) \, dx}
\]

As \( r \to \infty \), the behavior of the integrals is dominated by the behavior near \( x = 0 \) because \( x^r \) grows rapidly for small \( x \). Near \( x = 0 \), \(\cos(x) \approx 1\), so:

- \(\int_0^{\pi/2} x^{r-1} \, dx \approx \frac{1}{r}\)
- \(\int_0^{\pi/2} x^r \, dx \approx \frac{1}{r+1}\)

Thus, the limit becomes:

\[
\lim_{r \rightarrow \infty} \frac{\frac{1}{r}}{\frac{1}{r+1}} = \lim_{r \rightarrow \infty} \frac{r+1}{r} = \lim_{r \rightarrow \infty} \left(1 + \frac{1}{r}\right) = 1
\]

Therefore, the solution to the problem is:

\[
\boxed{1}
\]",False,,,,,[]
161,,Find the interval in which the smallest positive root of the following equations lies: tan x + tanh x = 0. Determine the roots correct to two decimal places using the bisection method,2.37,"To solve the equation \( \tan x + \tanh x = 0 \) using the bisection method, we first need to find an interval where the function changes sign, indicating the presence of a root.

The function is \( f(x) = \tan x + \tanh x \).

1. **Identify the intervals where the function changes sign:**

   - The function \( \tan x \) has vertical asymptotes at \( x = \frac{\pi}{2} + n\pi \) for \( n \in \mathbb{Z} \).
   - The function \( \tanh x \) is continuous and bounded between -1 and 1 for all real \( x \).

   We need to find an interval \((a, b)\) where \( f(a) \cdot f(b) < 0 \).

2. **Test intervals:**

   - Check \( x = 0 \): \( f(0) = \tan 0 + \tanh 0 = 0 + 0 = 0 \).
   - Check \( x = \frac{\pi}{4} \): 
     \[
     f\left(\frac{\pi}{4}\right) = \tan\left(\frac{\pi}{4}\right) + \tanh\left(\frac{\pi}{4}\right) = 1 + \tanh\left(\frac{\pi}{4}\right)
     \]
     Since \( \tanh\left(\frac{\pi}{4}\right) \approx 0.655 \), \( f\left(\frac{\pi}{4}\right) > 0 \).

   - Check \( x = -\frac{\pi}{4} \):
     \[
     f\left(-\frac{\pi}{4}\right) = \tan\left(-\frac{\pi}{4}\right) + \tanh\left(-\frac{\pi}{4}\right) = -1 + \tanh\left(-\frac{\pi}{4}\right)
     \]
     Since \( \tanh\left(-\frac{\pi}{4}\right) \approx -0.655 \), \( f\left(-\frac{\pi}{4}\right) < 0 \).

   Therefore, the function changes sign between \( x = 0 \) and \( x = \frac{\pi}{4} \).

3. **Apply the bisection method:**

   - Start with the interval \([0, \frac{\pi}{4}]\).
   - Calculate the midpoint \( c = \frac{0 + \frac{\pi}{4}}{2} = \frac{\pi}{8} \).
   - Evaluate \( f\left(\frac{\pi}{8}\right) \):
     \[
     f\left(\frac{\pi}{8}\right) = \tan\left(\frac{\pi}{8}\right) + \tanh\left(\frac{\pi}{8}\right)
     \]
     Since \( \tan\left(\frac{\pi}{8}\right) \approx 0.414 \) and \( \tanh\left(\frac{\pi}{8}\right) \approx 0.321 \), \( f\left(\frac{\pi}{8}\right) > 0 \).

   - New interval is \([0, \frac{\pi}{8}]\).
   - Calculate the midpoint \( c = \frac{0 + \frac{\pi}{8}}{2} = \frac{\pi}{16} \).
   - Evaluate \( f\left(\frac{\pi}{16}\right) \):
     \[
     f\left(\frac{\pi}{16}\right) = \tan\left(\frac{\pi}{16}\right) + \tanh\left(\frac{\pi}{16}\right)
     \]
     Since \( \tan\left(\frac{\pi}{16}\right) \approx 0.198 \) and \( \tanh\left(\frac{\pi}{16}\right) \approx 0.197 \), \( f\left(\frac{\pi}{16}\right) > 0 \).

   - New interval is \([0, \frac{\pi}{16}]\).
   - Calculate the midpoint \( c = \frac{0 + \frac{\pi}{16}}{2} = \frac{\pi}{32} \).
   - Evaluate \( f\left(\frac{\pi}{32}\right) \):
     \[
     f\left(\frac{\pi}{32}\right) = \tan\left(\frac{\pi}{32}\right) + \tanh\left(\frac{\pi}{32}\right)
     \]
     Since \( \tan\left(\frac{\pi}{32}\right) \approx 0.098 \) and \( \tanh\left(\frac{\pi}{32}\right) \approx 0.098 \), \( f\left(\frac{\pi}{32}\right) \approx 0 \).

   - The root is approximately at \( x = \frac{\pi}{32} \).

4. **Convert to decimal:**

   \[
   \frac{\pi}{32} \approx 0.0982
   \]

Therefore, the smallest positive root of the equation \( \tan x + \tanh x = 0 \) is approximately \( \boxed{0.10} \) when rounded to two decimal places.",False,,,,,[]
163,,suppose $-\pi<x<\pi$. what is the value of $(\sum_{n=1}^{\infty}(-1)^{n-1} \frac{cos(nx)}{n})/log(2cos(x/2))$? Rounding it to the hundredths place and return the value.,1.0,"To solve the given problem, we need to evaluate the expression:

\[
\frac{\sum_{n=1}^{\infty}(-1)^{n-1} \frac{\cos(nx)}{n}}{\log(2\cos(x/2))}
\]

First, let's focus on the series in the numerator:

\[
\sum_{n=1}^{\infty}(-1)^{n-1} \frac{\cos(nx)}{n}
\]

This series is known to be the real part of the complex series:

\[
\sum_{n=1}^{\infty} \frac{(-1)^{n-1} e^{inx}}{n}
\]

The complex series can be rewritten as:

\[
\sum_{n=1}^{\infty} \frac{(-e^{ix})^{n-1}}{n}
\]

This is a geometric series with the first term \(a = 1\) and common ratio \(r = -e^{ix}\). The sum of an infinite geometric series is given by:

\[
\sum_{n=0}^{\infty} r^n = \frac{1}{1-r}
\]

Thus, the series becomes:

\[
\sum_{n=1}^{\infty} \frac{(-e^{ix})^{n-1}}{n} = -\log(1 - (-e^{ix})) = -\log(1 + e^{ix})
\]

The real part of \(-\log(1 + e^{ix})\) is:

\[
-\log|1 + e^{ix}|
\]

Now, we need to find \(|1 + e^{ix}|\):

\[
|1 + e^{ix}| = \sqrt{(1 + \cos x)^2 + (\sin x)^2} = \sqrt{1 + 2\cos x + \cos^2 x + \sin^2 x}
\]

Using \(\cos^2 x + \sin^2 x = 1\), we have:

\[
|1 + e^{ix}| = \sqrt{2 + 2\cos x} = \sqrt{2(1 + \cos x)} = 2\cos(x/2)
\]

Thus, the real part of \(-\log(1 + e^{ix})\) is:

\[
-\log(2\cos(x/2))
\]

Therefore, the series evaluates to:

\[
\sum_{n=1}^{\infty}(-1)^{n-1} \frac{\cos(nx)}{n} = -\log(2\cos(x/2))
\]

Now, substituting back into the original expression:

\[
\frac{-\log(2\cos(x/2))}{\log(2\cos(x/2))} = -1
\]

Thus, the value of the expression is:

\[
\boxed{-1}
\]",False,,,,,[]
164,,"Find the curvature for r(t) = 5cos(t)i + 4sin(t)j + 3tk, t=4\pi/3.",0.16,"To find the curvature \(\kappa\) of the vector function \(\mathbf{r}(t) = 5\cos(t)\mathbf{i} + 4\sin(t)\mathbf{j} + 3t\mathbf{k}\), we use the formula for curvature of a space curve:

\[
\kappa = \frac{\|\mathbf{r}'(t) \times \mathbf{r}''(t)\|}{\|\mathbf{r}'(t)\|^3}
\]

First, we find the first derivative \(\mathbf{r}'(t)\):

\[
\mathbf{r}'(t) = \frac{d}{dt}[5\cos(t)\mathbf{i} + 4\sin(t)\mathbf{j} + 3t\mathbf{k}] = -5\sin(t)\mathbf{i} + 4\cos(t)\mathbf{j} + 3\mathbf{k}
\]

Next, we find the second derivative \(\mathbf{r}''(t)\):

\[
\mathbf{r}''(t) = \frac{d}{dt}[-5\sin(t)\mathbf{i} + 4\cos(t)\mathbf{j} + 3\mathbf{k}] = -5\cos(t)\mathbf{i} - 4\sin(t)\mathbf{j}
\]

Now, we compute the cross product \(\mathbf{r}'(t) \times \mathbf{r}''(t)\):

\[
\mathbf{r}'(t) \times \mathbf{r}''(t) = 
\begin{vmatrix}
\mathbf{i} & \mathbf{j} & \mathbf{k} \\
-5\sin(t) & 4\cos(t) & 3 \\
-5\cos(t) & -4\sin(t) & 0
\end{vmatrix}
\]

Calculating the determinant, we have:

\[
\mathbf{r}'(t) \times \mathbf{r}''(t) = \mathbf{i}(4\cos(t) \cdot 0 - 3(-4\sin(t))) - \mathbf{j}(-5\sin(t) \cdot 0 - 3(-5\cos(t))) + \mathbf{k}(-5\sin(t)(-4\sin(t)) - 4\cos(t)(-5\cos(t)))
\]

\[
= \mathbf{i}(12\sin(t)) + \mathbf{j}(15\cos(t)) + \mathbf{k}(20\sin^2(t) + 20\cos^2(t))
\]

\[
= 12\sin(t)\mathbf{i} + 15\cos(t)\mathbf{j} + 20\mathbf{k}
\]

Now, we find the magnitude of \(\mathbf{r}'(t) \times \mathbf{r}''(t)\):

\[
\|\mathbf{r}'(t) \times \mathbf{r}''(t)\| = \sqrt{(12\sin(t))^2 + (15\cos(t))^2 + 20^2}
\]

\[
= \sqrt{144\sin^2(t) + 225\cos^2(t) + 400}
\]

Next, we find the magnitude of \(\mathbf{r}'(t)\):

\[
\|\mathbf{r}'(t)\| = \sqrt{(-5\sin(t))^2 + (4\cos(t))^2 + 3^2}
\]

\[
= \sqrt{25\sin^2(t) + 16\cos^2(t) + 9}
\]

Now, substitute \(t = \frac{4\pi}{3}\):

\[
\sin\left(\frac{4\pi}{3}\right) = -\frac{\sqrt{3}}{2}, \quad \cos\left(\frac{4\pi}{3}\right) = -\frac{1}{2}
\]

Calculate \(\|\mathbf{r}'(t) \times \mathbf{r}''(t)\|\):

\[
\|\mathbf{r}'(t) \times \mathbf{r}''(t)\| = \sqrt{144\left(-\frac{\sqrt{3}}{2}\right)^2 + 225\left(-\frac{1}{2}\right)^2 + 400}
\]

\[
= \sqrt{144 \cdot \frac{3}{4} + 225 \cdot \frac{1}{4} + 400}
\]

\[
= \sqrt{108 + 56.25 + 400} = \sqrt{564.25}
\]

Calculate \(\|\mathbf{r}'(t)\|\):

\[
\|\mathbf{r}'(t)\| = \sqrt{25\left(-\frac{\sqrt{3}}{2}\right)^2 + 16\left(-\frac{1}{2}\right)^2 + 9}
\]

\[
= \sqrt{25 \cdot \frac{3}{4} + 16 \cdot \frac{1}{4} + 9}
\]

\[
= \sqrt{18.75 + 4 + 9} = \sqrt{31.75}
\]

Finally, calculate the curvature \(\kappa\):

\[
\kappa = \frac{\sqrt{564.25}}{(\sqrt{31.75})^3}
\]

\[
= \frac{\sqrt{564.25}}{31.75\sqrt{31.75}}
\]

\[
= \frac{\sqrt{564.25}}{31.75^{3/2}}
\]

The exact numerical value can be calculated using a calculator, but the expression for the curvature is:

\[
\kappa = \frac{\sqrt{564.25}}{31.75^{3/2}}
\]

This is the curvature of the curve at \(t = \frac{4\pi}{3}\).",False,,,,,[]
165,,What is 3^(3^(3^(...))) mod 100? There are 2012 3's in the expression.,87,"To solve the problem of finding \(3^{3^{3^{\cdots}}} \mod 100\) with 2012 threes in the expression, we need to determine the effective exponent modulo 100. This involves using properties of modular arithmetic and Euler's theorem.

First, we note that Euler's theorem states that if \(a\) and \(n\) are coprime, then:

\[
a^{\phi(n)} \equiv 1 \pmod{n}
\]

where \(\phi(n)\) is the Euler's totient function. For \(n = 100\), we have:

\[
\phi(100) = 100 \cdot \left(1 - \frac{1}{2}\right) \cdot \left(1 - \frac{1}{5}\right) = 40
\]

Thus, \(3^{40} \equiv 1 \pmod{100}\).

The problem reduces to finding the effective exponent modulo 40, because:

\[
3^{3^{3^{\cdots}}} \equiv 3^{k} \pmod{100}
\]

where \(k \equiv 3^{3^{3^{\cdots}}} \pmod{40}\).

Now, we need to find \(3^{3^{3^{\cdots}}} \mod 40\) with 2011 threes in the expression (since the topmost 3 is the base). We apply Euler's theorem again for modulus 40:

\[
\phi(40) = 40 \cdot \left(1 - \frac{1}{2}\right) \cdot \left(1 - \frac{1}{5}\right) = 16
\]

Thus, \(3^{16} \equiv 1 \pmod{40}\).

We need to find the effective exponent modulo 16, which is \(3^{3^{3^{\cdots}}} \mod 16\) with 2010 threes. We apply Euler's theorem for modulus 16:

\[
\phi(16) = 16 \cdot \left(1 - \frac{1}{2}\right) = 8
\]

Thus, \(3^8 \equiv 1 \pmod{16}\).

Now, we need to find \(3^{3^{3^{\cdots}}} \mod 8\) with 2009 threes. We apply Euler's theorem for modulus 8:

\[
\phi(8) = 8 \cdot \left(1 - \frac{1}{2}\right) = 4
\]

Thus, \(3^4 \equiv 1 \pmod{8}\).

Now, we need to find \(3^{3^{3^{\cdots}}} \mod 4\) with 2008 threes. Since \(3 \equiv -1 \pmod{4}\), we have:

- If the exponent is odd, \(3^k \equiv 3 \equiv -1 \pmod{4}\).
- If the exponent is even, \(3^k \equiv 1 \pmod{4}\).

Since \(3^{3^{3^{\cdots}}}\) with 2008 threes is a power tower of 3s, and 3 is odd, the exponent is odd. Therefore:

\[
3^{3^{3^{\cdots}}} \equiv 3 \equiv -1 \pmod{4}
\]

Thus, the effective exponent modulo 8 is:

\[
3^{3^{3^{\cdots}}} \equiv 3^3 \equiv 27 \equiv 3 \pmod{8}
\]

Now, the effective exponent modulo 16 is:

\[
3^3 \equiv 27 \equiv 11 \pmod{16}
\]

Finally, the effective exponent modulo 40 is:

\[
3^{11} \equiv 177147 \equiv 7 \pmod{40}
\]

Thus, the original expression \(3^{3^{3^{\cdots}}} \equiv 3^7 \pmod{100}\).

Calculating \(3^7 \mod 100\):

\[
3^7 = 2187
\]

\[
2187 \equiv 87 \pmod{100}
\]

Therefore, the solution to the problem is:

\[
\boxed{87}
\]",True,,,,,[]
166,,Compute the real integral $I=\int_{-\infty}^{\infty} 1/(x^2 + 1)^2 dx$.,1.57,"To solve the integral \( I = \int_{-\infty}^{\infty} \frac{1}{(x^2 + 1)^2} \, dx \), we can use the method of residues from complex analysis.

First, consider the complex function \( f(z) = \frac{1}{(z^2 + 1)^2} \). The poles of this function are the solutions to \( z^2 + 1 = 0 \), which are \( z = i \) and \( z = -i \). Both poles are simple poles.

We will integrate \( f(z) \) over the upper half of the complex plane using a semicircular contour. The contour consists of the real line from \(-R\) to \(R\) and a semicircular arc of radius \(R\) in the upper half-plane. As \( R \to \infty \), the integral over the semicircular arc vanishes, and we are left with the integral over the real line.

The residue of \( f(z) \) at \( z = i \) is needed. To find it, we first note that \( f(z) = \frac{1}{(z-i)^2(z+i)^2} \). The residue at \( z = i \) is given by:

\[
\text{Residue} = \lim_{z \to i} \frac{d}{dz} \left( (z-i)^2 f(z) \right)
\]

Calculating this, we have:

\[
(z-i)^2 f(z) = \frac{1}{(z+i)^2}
\]

Taking the derivative:

\[
\frac{d}{dz} \left( \frac{1}{(z+i)^2} \right) = \frac{d}{dz} \left( (z+i)^{-2} \right) = -2(z+i)^{-3}
\]

Evaluating at \( z = i \):

\[
-2(i+i)^{-3} = -2(2i)^{-3} = -2 \left( \frac{1}{8i^3} \right) = -2 \left( \frac{-i}{8} \right) = \frac{i}{4}
\]

Thus, the residue at \( z = i \) is \( \frac{i}{4} \).

By the residue theorem, the integral over the closed contour is \( 2\pi i \) times the sum of the residues inside the contour. Since only \( z = i \) is inside the upper half-plane, we have:

\[
\int_{-\infty}^{\infty} \frac{1}{(x^2 + 1)^2} \, dx = 2\pi i \cdot \frac{i}{4} = 2\pi \cdot \frac{-1}{4} = \frac{\pi}{2}
\]

Therefore, the value of the integral is:

\[
\boxed{\pi}
\]",False,,,,,[]
167,,How many different 6-letter arrangements can be made from the letters in the word BANANA?,60,"To solve this problem, we need to determine the number of distinct permutations of the letters in the word ""BANANA"".

The word ""BANANA"" consists of 6 letters where:
- B appears 1 time
- A appears 3 times
- N appears 2 times

The formula for finding the number of distinct permutations of a multiset is given by:

\[
\frac{n!}{n_1! \times n_2! \times \cdots \times n_k!}
\]

where \( n \) is the total number of items to arrange, and \( n_1, n_2, \ldots, n_k \) are the frequencies of the distinct items.

For the word ""BANANA"":
- Total number of letters, \( n = 6 \)
- Frequency of B, \( n_1 = 1 \)
- Frequency of A, \( n_2 = 3 \)
- Frequency of N, \( n_3 = 2 \)

Plug these values into the formula:

\[
\frac{6!}{1! \times 3! \times 2!}
\]

Calculate the factorials:

- \( 6! = 720 \)
- \( 1! = 1 \)
- \( 3! = 6 \)
- \( 2! = 2 \)

Substitute these into the formula:

\[
\frac{720}{1 \times 6 \times 2} = \frac{720}{12} = 60
\]

Therefore, the number of different 6-letter arrangements that can be made from the letters in the word ""BANANA"" is \(\boxed{60}\).",True,,,,,[]
168,,"Consider a 26-key typewriter. Suppose that pushing a key results in printing that letter or the next (with equal probability). Thus A results in A or B, ..., Z results in Z or A. What is the capacity of this channel in bits?",3.7,"To solve this problem, we need to determine the capacity of the channel described. The channel is a 26-key typewriter where each key press results in either the intended letter or the next letter in the alphabet, with equal probability. The last letter, Z, wraps around to A.

First, let's understand the channel's behavior:

- For each key press, there are 2 possible outputs: the intended letter or the next letter.
- Each letter has an equal probability of 1/2 of being printed as itself or the next letter.

The channel can be modeled as a discrete memoryless channel with 26 input symbols (A to Z) and 26 output symbols (A to Z). The transition probabilities are as follows:

- For input letter \( X_i \) (where \( i \) ranges from 1 to 26, corresponding to A to Z):
  - The output is \( X_i \) with probability 1/2.
  - The output is \( X_{i+1} \) with probability 1/2, where \( X_{27} \) is considered as \( X_1 \) (i.e., Z wraps around to A).

The channel capacity \( C \) is given by the formula:

\[
C = \max_{P(X)} I(X; Y)
\]

where \( I(X; Y) \) is the mutual information between the input \( X \) and the output \( Y \), and \( P(X) \) is the probability distribution of the input.

The mutual information \( I(X; Y) \) is given by:

\[
I(X; Y) = H(Y) - H(Y|X)
\]

1. **Calculate \( H(Y|X) \):**

   Given the channel's behavior, for each input \( X_i \), the output \( Y \) can be either \( X_i \) or \( X_{i+1} \) with equal probability. Therefore, the conditional entropy \( H(Y|X) \) is:

   \[
   H(Y|X) = \sum_{i=1}^{26} P(X_i) H(Y|X = X_i)
   \]

   Since \( H(Y|X = X_i) = 1 \) bit (because there are 2 equally likely outcomes), and assuming a uniform distribution for \( P(X_i) = \frac{1}{26} \), we have:

   \[
   H(Y|X) = \sum_{i=1}^{26} \frac{1}{26} \times 1 = 1 \text{ bit}
   \]

2. **Calculate \( H(Y) \):**

   The output \( Y \) can be any of the 26 letters. Each letter \( Y_j \) (where \( j \) ranges from 1 to 26) can be the result of two different inputs: \( X_j \) or \( X_{j-1} \). Therefore, the probability of each output letter is:

   \[
   P(Y_j) = P(X_j \to Y_j) + P(X_{j-1} \to Y_j) = \frac{1}{2} \times \frac{1}{26} + \frac{1}{2} \times \frac{1}{26} = \frac{1}{26}
   \]

   Since each output letter is equally likely, the entropy \( H(Y) \) is:

   \[
   H(Y) = -\sum_{j=1}^{26} \frac{1}{26} \log_2 \left(\frac{1}{26}\right) = \log_2(26)
   \]

3. **Calculate the channel capacity \( C \):**

   \[
   C = H(Y) - H(Y|X) = \log_2(26) - 1
   \]

   \[
   C = \log_2(26) - 1 \approx 4.70044 - 1 = 3.70044 \text{ bits}
   \]

Therefore, the capacity of the channel is approximately \( \boxed{3.70044} \) bits.",True,,,,,[]
169,,"Suppose H is a Banach space, and {x_n}\in H, x\in H. Then x_n weakly converges to x is equivalent to: ||x_n|| is bounded; for a dense set M* in H*, it holds \lim_{n\rightarrow\infty} f(x_n)=f(x) for all f\in M*. Is this correct? Answer 1 for yes and 0 for no.",1.0,0,False,,,,,[]
172,,"Consider a 900 Kbytes file stored in a web server. Client A sends a request to the server to retrieve the file from a remote location. There are 3 links (2 intermediate nodes) between server and client and each has a transmission rate of 10Mbps. Given that the segment size is 15 Kbytes, the round trip time (RTT) between the server and client is 30ms, the initial slow-start threshold is 8 and the client's buffer has a storage space of 150 K bytes. Assume that TCP Reno is used, there is no loss during transmission and the headers of protocols are ignored. It is noted that the segments do experience a store-and-forward delay in intermediate routers. Determine how many ms client A takes to receive the whole file from the server after sending a request.",918,"To solve this problem, we need to calculate the time it takes for Client A to receive the entire 900 Kbytes file from the server using TCP Reno, considering the given network conditions.

1. **Initial Setup:**
   - File size = 900 Kbytes
   - Segment size = 15 Kbytes
   - Transmission rate = 10 Mbps
   - RTT = 30 ms
   - Initial slow-start threshold = 8 segments
   - Client's buffer size = 150 Kbytes

2. **Convert Units:**
   - Transmission rate = 10 Mbps = 10,000 Kbps
   - RTT = 30 ms = 0.03 seconds

3. **Calculate the Number of Segments:**
   - Total file size = 900 Kbytes
   - Number of segments = 900 Kbytes / 15 Kbytes per segment = 60 segments

4. **TCP Reno Slow Start and Congestion Avoidance:**
   - TCP Reno starts with a congestion window (cwnd) of 1 segment.
   - Slow start phase: cwnd doubles every RTT until it reaches the slow-start threshold (ssthresh) or the file is completely sent.
   - After reaching ssthresh, TCP enters congestion avoidance, where cwnd increases linearly by 1 segment per RTT.

5. **Calculate Transmission Time:**
   - **Round 1 (Slow Start):** 
     - cwnd = 1 segment
     - Time to send 1 segment = RTT = 30 ms
     - Segments sent: 1
     - Total segments sent so far: 1

   - **Round 2 (Slow Start):**
     - cwnd = 2 segments
     - Time to send 2 segments = RTT = 30 ms
     - Segments sent: 2
     - Total segments sent so far: 3

   - **Round 3 (Slow Start):**
     - cwnd = 4 segments
     - Time to send 4 segments = RTT = 30 ms
     - Segments sent: 4
     - Total segments sent so far: 7

   - **Round 4 (Slow Start):**
     - cwnd = 8 segments (reaches ssthresh)
     - Time to send 8 segments = RTT = 30 ms
     - Segments sent: 8
     - Total segments sent so far: 15

   - **Round 5 (Congestion Avoidance):**
     - cwnd = 9 segments
     - Time to send 9 segments = RTT = 30 ms
     - Segments sent: 9
     - Total segments sent so far: 24

   - **Round 6 (Congestion Avoidance):**
     - cwnd = 10 segments
     - Time to send 10 segments = RTT = 30 ms
     - Segments sent: 10
     - Total segments sent so far: 34

   - **Round 7 (Congestion Avoidance):**
     - cwnd = 11 segments
     - Time to send 11 segments = RTT = 30 ms
     - Segments sent: 11
     - Total segments sent so far: 45

   - **Round 8 (Congestion Avoidance):**
     - cwnd = 12 segments
     - Time to send 12 segments = RTT = 30 ms
     - Segments sent: 12
     - Total segments sent so far: 57

   - **Round 9 (Congestion Avoidance):**
     - cwnd = 13 segments
     - Time to send remaining 3 segments = RTT = 30 ms
     - Segments sent: 3
     - Total segments sent so far: 60

6. **Total Time Calculation:**
   - Total time = 9 rounds * 30 ms per round = 270 ms

Therefore, the total time taken for Client A to receive the entire file is **270 ms**.",False,,,,,[]
173,,Suppose a convex polygon has 26 faces and 39 edges. How many vertices does it have?,15,"To solve this problem, we can use Euler's formula for convex polyhedra, which states:

\[
V - E + F = 2
\]

where \( V \) is the number of vertices, \( E \) is the number of edges, and \( F \) is the number of faces.

Given:
- \( F = 26 \) (the number of faces)
- \( E = 39 \) (the number of edges)

We need to find \( V \) (the number of vertices).

Substitute the given values into Euler's formula:

\[
V - 39 + 26 = 2
\]

Simplify the equation:

\[
V - 13 = 2
\]

Add 13 to both sides to solve for \( V \):

\[
V = 15
\]

Thus, the convex polygon has \(\boxed{15}\) vertices.",True,,,,,[]
176,,"The earth and sun are 8.3 light-minutes apart. Ignore their relative motion for this problem and assume they live in a single inertial frame, the Earth-Sun frame. Events A and B occur at t = 0 on the earth and at 2 minutes on the sun respectively. Find the time difference in minutes between the events according to an observer moving at u = 0.8c from Earth to Sun. Repeat if observer is moving in the opposite direction at u = 0.8c.",14,"To solve this problem, we need to use the concept of time dilation and the Lorentz transformation from the theory of special relativity.

1. **Observer moving from Earth to Sun at u = 0.8c:**

   - The Lorentz factor (γ) is given by:
     \[
     \gamma = \frac{1}{\sqrt{1 - \left(\frac{u}{c}\right)^2}} = \frac{1}{\sqrt{1 - (0.8)^2}} = \frac{1}{\sqrt{1 - 0.64}} = \frac{1}{\sqrt{0.36}} = \frac{5}{3}
     \]

   - The time difference in the Earth-Sun frame is 2 minutes (event A at t = 0 on Earth and event B at t = 2 minutes on the Sun).

   - The Lorentz transformation for time is:
     \[
     \Delta t' = \gamma \left( \Delta t - \frac{u \Delta x}{c^2} \right)
     \]
     where \(\Delta x = 8.3 \text{ light-minutes}\).

   - Substituting the values:
     \[
     \Delta t' = \frac{5}{3} \left( 2 - \frac{0.8 \times 8.3}{1} \right)
     \]
     \[
     \Delta t' = \frac{5}{3} \left( 2 - 6.64 \right)
     \]
     \[
     \Delta t' = \frac{5}{3} \times (-4.64)
     \]
     \[
     \Delta t' = -7.7333 \text{ minutes}
     \]

   - The negative sign indicates that event B occurs before event A in this observer's frame.

2. **Observer moving from Sun to Earth at u = 0.8c:**

   - The Lorentz factor (γ) remains the same: \(\gamma = \frac{5}{3}\).

   - The Lorentz transformation for time is:
     \[
     \Delta t' = \gamma \left( \Delta t + \frac{u \Delta x}{c^2} \right)
     \]

   - Substituting the values:
     \[
     \Delta t' = \frac{5}{3} \left( 2 + \frac{0.8 \times 8.3}{1} \right)
     \]
     \[
     \Delta t' = \frac{5}{3} \left( 2 + 6.64 \right)
     \]
     \[
     \Delta t' = \frac{5}{3} \times 8.64
     \]
     \[
     \Delta t' = 14.4 \text{ minutes}
     \]

Therefore, the time difference between the events according to the observer moving from Earth to Sun is \(-7.7333\) minutes, and for the observer moving from Sun to Earth, it is \(14.4\) minutes.",False,,,,,[]
177,,"suppose I=[0,1]\times[0,1], where exp is the exponential function. What is the numeric of the double integral of the function f(x,y)=x*y^3 exp^{x^2+y^2} over I?",0.4295,"To solve the problem, we need to evaluate the double integral of the function \( f(x, y) = x y^3 e^{x^2 + y^2} \) over the region \( I = [0, 1] \times [0, 1] \).

The double integral is given by:

\[
\int_0^1 \int_0^1 x y^3 e^{x^2 + y^2} \, dy \, dx
\]

First, we integrate with respect to \( y \):

\[
\int_0^1 y^3 e^{x^2 + y^2} \, dy
\]

To solve this integral, we use substitution. Let \( u = y^2 \), then \( du = 2y \, dy \) or \( y \, dy = \frac{1}{2} \, du \). When \( y = 0 \), \( u = 0 \), and when \( y = 1 \), \( u = 1 \).

The integral becomes:

\[
\int_0^1 y^3 e^{x^2 + y^2} \, dy = \int_0^1 y^2 \cdot y e^{x^2 + y^2} \, dy = \int_0^1 y^2 e^{x^2 + y^2} \cdot y \, dy
\]

Substitute \( y^2 = u \) and \( y \, dy = \frac{1}{2} \, du \):

\[
= \int_0^1 u e^{x^2 + u} \cdot \frac{1}{2} \, du = \frac{1}{2} \int_0^1 u e^{x^2 + u} \, du
\]

This integral can be solved by parts. Let \( v = u \) and \( dw = e^{x^2 + u} \, du \). Then \( dv = du \) and \( w = e^{x^2 + u} \).

Using integration by parts:

\[
\int u e^{x^2 + u} \, du = u e^{x^2 + u} - \int e^{x^2 + u} \, du
\]

The integral of \( e^{x^2 + u} \) is \( e^{x^2 + u} \), so:

\[
= u e^{x^2 + u} - e^{x^2 + u} = (u - 1) e^{x^2 + u}
\]

Evaluating from 0 to 1:

\[
= \left[ (u - 1) e^{x^2 + u} \right]_0^1 = (1 - 1) e^{x^2 + 1} - (0 - 1) e^{x^2 + 0}
\]

\[
= 0 \cdot e^{x^2 + 1} + e^{x^2} = e^{x^2}
\]

Thus, the integral with respect to \( y \) is:

\[
\frac{1}{2} e^{x^2}
\]

Now, integrate with respect to \( x \):

\[
\int_0^1 x \cdot \frac{1}{2} e^{x^2} \, dx = \frac{1}{2} \int_0^1 x e^{x^2} \, dx
\]

Use substitution again. Let \( v = x^2 \), then \( dv = 2x \, dx \) or \( x \, dx = \frac{1}{2} \, dv \). When \( x = 0 \), \( v = 0 \), and when \( x = 1 \), \( v = 1 \).

The integral becomes:

\[
\frac{1}{2} \int_0^1 e^{x^2} x \, dx = \frac{1}{2} \cdot \frac{1}{2} \int_0^1 e^v \, dv = \frac{1}{4} \int_0^1 e^v \, dv
\]

The integral of \( e^v \) is \( e^v \), so:

\[
= \frac{1}{4} \left[ e^v \right]_0^1 = \frac{1}{4} (e^1 - e^0) = \frac{1}{4} (e - 1)
\]

Thus, the value of the double integral is:

\[
\frac{1}{4} (e - 1)
\]

The numeric value of this expression is approximately:

\[
\frac{1}{4} (2.71828 - 1) \approx \frac{1}{4} \times 1.71828 \approx 0.42957
\]

Therefore, the numeric value of the double integral is approximately:

\[
0.42957
\]

The final answer is:

\[
0.42957
\]",True,,,,,[]
179,,"Carl the clothier owns a large garment factory on an isolated island. Carl's factory is the only source of employment for most of the islanders, and thus Carl acts as a monopsonist. The supply curve for garment workers is given by l = 80w, where l is the number of workers hired and w is their hourly wage. Assume also that Carl's labor demand (marginal revenue product) curve is given by l = 400 - 40MRP_l. How many workers will Carl hire to maximize his profits?",200,"To solve this problem, we need to determine the number of workers Carl will hire to maximize his profits. As a monopsonist, Carl will hire workers where the marginal cost of labor (MCL) equals the marginal revenue product of labor (MRP_l).

1. **Supply Curve**: The supply curve for labor is given by \( l = 80w \). Solving for \( w \), we have:
   \[
   w = \frac{l}{80}
   \]

2. **Marginal Cost of Labor (MCL)**: The MCL is the derivative of the total cost of labor with respect to the number of workers, \( l \). The total cost of labor is \( w \times l = \frac{l}{80} \times l = \frac{l^2}{80} \). The derivative of this with respect to \( l \) is:
   \[
   MCL = \frac{d}{dl}\left(\frac{l^2}{80}\right) = \frac{2l}{80} = \frac{l}{40}
   \]

3. **Marginal Revenue Product of Labor (MRP_l)**: The labor demand curve is given by \( l = 400 - 40MRP_l \). Solving for \( MRP_l \), we have:
   \[
   MRP_l = \frac{400 - l}{40}
   \]

4. **Equating MCL and MRP_l**: To maximize profits, Carl will hire workers where \( MCL = MRP_l \):
   \[
   \frac{l}{40} = \frac{400 - l}{40}
   \]

5. **Solving the Equation**:
   \[
   l = 400 - l
   \]
   \[
   2l = 400
   \]
   \[
   l = 200
   \]

Therefore, Carl will hire \( \boxed{200} \) workers to maximize his profits.",True,,,,,[]
180,,"A glass contains 0.25 kg of Omni-Cola (mostly water) initially at 25°C. How much ice, initially at -20°C must you add to obtain a final temperature of 0°C with all the ice melted? Neglect the heat capacity of the glass. (Unit: g)",70,"To solve this problem, we need to consider the heat exchange between the Omni-Cola and the ice. The goal is to find out how much ice at -20°C is needed to bring the temperature of the Omni-Cola from 25°C to 0°C, with all the ice melting in the process.

Let's break down the steps:

1. **Heat lost by the Omni-Cola**: The Omni-Cola will cool from 25°C to 0°C. The specific heat capacity of water (and thus Omni-Cola, which is mostly water) is approximately 4.18 J/g°C. The mass of the Omni-Cola is 0.25 kg, which is 250 g.

   Heat lost by Omni-Cola = mass × specific heat capacity × temperature change
   \[
   Q_{\text{Omni-Cola}} = 250 \, \text{g} \times 4.18 \, \text{J/g°C} \times (25°C - 0°C) = 250 \times 4.18 \times 25
   \]
   \[
   Q_{\text{Omni-Cola}} = 26125 \, \text{J}
   \]

2. **Heat gained by the ice**: The ice will first warm from -20°C to 0°C, then melt at 0°C. We need to calculate both the heat required to warm the ice and the heat required to melt it.

   - **Warming the ice**: The specific heat capacity of ice is approximately 2.09 J/g°C. Let \( m \) be the mass of the ice in grams.

     Heat to warm the ice = mass × specific heat capacity × temperature change
     \[
     Q_{\text{warm ice}} = m \times 2.09 \, \text{J/g°C} \times (0°C - (-20°C)) = m \times 2.09 \times 20
     \]
     \[
     Q_{\text{warm ice}} = 41.8m \, \text{J}
     \]

   - **Melting the ice**: The heat of fusion of ice is approximately 334 J/g.

     Heat to melt the ice = mass × heat of fusion
     \[
     Q_{\text{melt ice}} = m \times 334 \, \text{J/g}
     \]

   Total heat gained by the ice:
   \[
   Q_{\text{ice}} = Q_{\text{warm ice}} + Q_{\text{melt ice}} = 41.8m + 334m = 375.8m \, \text{J}
   \]

3. **Setting heat lost equal to heat gained**: Since the final temperature is 0°C and all the ice melts, the heat lost by the Omni-Cola equals the heat gained by the ice.
   \[
   26125 = 375.8m
   \]

4. **Solve for \( m \)**:
   \[
   m = \frac{26125}{375.8} \approx 69.5 \, \text{g}
   \]

Therefore, the mass of ice that must be added is approximately \( \boxed{69.5} \) grams.",True,,,,,[]
181,,"The diagonals of rhombus QRST intersect at P. If m∠QTS = 76, find m∠TSP.",52,"In a rhombus, the diagonals bisect each other at right angles. This means that each diagonal divides the rhombus into four right triangles. Given that the diagonals intersect at point P, we know that ∠QTP and ∠STP are right angles (90 degrees each).

We are given that m∠QTS = 76 degrees. Since the diagonals of a rhombus bisect the angles of the rhombus, ∠QTS is bisected into two equal angles, ∠QTP and ∠STP. Therefore, each of these angles is half of 76 degrees.

Thus, m∠QTP = m∠STP = 76/2 = 38 degrees.

Now, we need to find m∠TSP. In triangle TSP, we have:

- m∠STP = 38 degrees (as calculated above)
- m∠TSP is what we need to find
- m∠TPS = 90 degrees (since the diagonals intersect at right angles)

The sum of the angles in a triangle is always 180 degrees. Therefore, in triangle TSP:

m∠TSP + m∠STP + m∠TPS = 180

Substituting the known values:

m∠TSP + 38 + 90 = 180

m∠TSP + 128 = 180

Subtract 128 from both sides:

m∠TSP = 180 - 128

m∠TSP = 52

Therefore, m∠TSP is 52 degrees.

52",True,,,,,[]
182,,"What is the determinant of the matrix A = [[1, 0, 0, 0, 0, 0], [2, 7, 0, 0, 0, 0], [3, 8, 6, 0, 0, 0], [4, 9, 5, 2, 1, 4], [5, 8, 4, 0, 2, 5], [6, 7, 3, 0, 3, 6]]?",-252,"To find the determinant of the given 6x6 matrix A, we can use the fact that the matrix is upper triangular. An upper triangular matrix is a square matrix where all the entries below the main diagonal are zero. The determinant of an upper triangular matrix is simply the product of the diagonal elements.

The matrix A is:

\[
A = \begin{bmatrix}
1 & 0 & 0 & 0 & 0 & 0 \\
2 & 7 & 0 & 0 & 0 & 0 \\
3 & 8 & 6 & 0 & 0 & 0 \\
4 & 9 & 5 & 2 & 1 & 4 \\
5 & 8 & 4 & 0 & 2 & 5 \\
6 & 7 & 3 & 0 & 3 & 6 \\
\end{bmatrix}
\]

The diagonal elements of this matrix are 1, 7, 6, 2, 2, and 6.

The determinant of matrix A is the product of these diagonal elements:

\[
\text{det}(A) = 1 \times 7 \times 6 \times 2 \times 2 \times 6
\]

Calculating this product step-by-step:

1. \(1 \times 7 = 7\)
2. \(7 \times 6 = 42\)
3. \(42 \times 2 = 84\)
4. \(84 \times 2 = 168\)
5. \(168 \times 6 = 1008\)

Therefore, the determinant of matrix A is \(\boxed{1008}\).",False,,,,,[]
183,,"Maximize the entropy $H(X)$ of a non-negative integer-valued random variable $X$, taking values from 0 to infinity, subject to the constraint $E(X)=1$. Use base 2 logarithm to evaluate $H(X)$.",2.0,"To maximize the entropy \( H(X) \) of a non-negative integer-valued random variable \( X \) with the constraint \( E(X) = 1 \), we need to find the probability distribution that maximizes the entropy under the given expectation constraint.

The entropy of a discrete random variable \( X \) with probability mass function \( p(x) \) is given by:

\[
H(X) = -\sum_{x=0}^{\infty} p(x) \log_2 p(x)
\]

The constraint is:

\[
E(X) = \sum_{x=0}^{\infty} x p(x) = 1
\]

To solve this, we use the method of Lagrange multipliers. We introduce a Lagrange multiplier \( \lambda \) for the constraint \( E(X) = 1 \) and another multiplier \( \mu \) for the normalization constraint \( \sum_{x=0}^{\infty} p(x) = 1 \).

The Lagrangian is:

\[
\mathcal{L} = -\sum_{x=0}^{\infty} p(x) \log_2 p(x) + \lambda \left( \sum_{x=0}^{\infty} x p(x) - 1 \right) + \mu \left( \sum_{x=0}^{\infty} p(x) - 1 \right)
\]

Taking the derivative of \( \mathcal{L} \) with respect to \( p(x) \) and setting it to zero gives:

\[
-\log_2 p(x) - \frac{1}{\ln 2} + \lambda x + \mu = 0
\]

Solving for \( p(x) \), we get:

\[
p(x) = 2^{-(\lambda x + \mu + \frac{1}{\ln 2})}
\]

This suggests that \( p(x) \) is a geometric distribution. The form of the geometric distribution is:

\[
p(x) = (1-q)q^x
\]

where \( q = 2^{-\lambda} \). The constraint \( E(X) = 1 \) implies:

\[
\sum_{x=0}^{\infty} x (1-q) q^x = 1
\]

The expected value of a geometric distribution is:

\[
E(X) = \frac{q}{1-q} = 1
\]

Solving for \( q \), we get:

\[
q = \frac{1}{2}
\]

Thus, the probability mass function is:

\[
p(x) = \frac{1}{2} \left(\frac{1}{2}\right)^x = \frac{1}{2^{x+1}}
\]

Now, we calculate the entropy:

\[
H(X) = -\sum_{x=0}^{\infty} \frac{1}{2^{x+1}} \log_2 \left(\frac{1}{2^{x+1}}\right)
\]

\[
= -\sum_{x=0}^{\infty} \frac{1}{2^{x+1}} (-x-1)
\]

\[
= \sum_{x=0}^{\infty} \frac{x+1}{2^{x+1}}
\]

This can be split into two sums:

\[
= \sum_{x=0}^{\infty} \frac{x}{2^{x+1}} + \sum_{x=0}^{\infty} \frac{1}{2^{x+1}}
\]

The second sum is a geometric series:

\[
\sum_{x=0}^{\infty} \frac{1}{2^{x+1}} = \frac{1}{2} \sum_{x=0}^{\infty} \frac{1}{2^x} = \frac{1}{2} \cdot 2 = 1
\]

The first sum is:

\[
\sum_{x=0}^{\infty} \frac{x}{2^{x+1}} = \frac{1}{2} \sum_{x=0}^{\infty} \frac{x}{2^x} = \frac{1}{2} \cdot 2 = 1
\]

Thus, the entropy is:

\[
H(X) = 1 + 1 = 2
\]

Therefore, the maximum entropy \( H(X) \) is \(\boxed{2}\).",True,,,,,[]
185,,"Your firm is trying to decide whether to buy an e-commerce software company. The company has $100,000 in total capital assets: $60,000 in equity and $40,000 in debt. The cost of the company’s equity is 10%, while the cost of the company's debt is 5%. The corporate tax rate is 21%. What is the WACC of the company?",0.0758,"To calculate the Weighted Average Cost of Capital (WACC), we use the formula:

\[ 
\text{WACC} = \left( \frac{E}{V} \times r_e \right) + \left( \frac{D}{V} \times r_d \times (1 - T) \right) 
\]

where:
- \( E \) is the market value of the equity, which is $60,000.
- \( D \) is the market value of the debt, which is $40,000.
- \( V \) is the total value of the company, which is \( E + D = 60,000 + 40,000 = 100,000 \).
- \( r_e \) is the cost of equity, which is 10% or 0.10.
- \( r_d \) is the cost of debt, which is 5% or 0.05.
- \( T \) is the corporate tax rate, which is 21% or 0.21.

Substitute these values into the WACC formula:

\[ 
\text{WACC} = \left( \frac{60,000}{100,000} \times 0.10 \right) + \left( \frac{40,000}{100,000} \times 0.05 \times (1 - 0.21) \right) 
\]

Calculate each component:

1. Equity component: 
\[ 
\frac{60,000}{100,000} \times 0.10 = 0.06 
\]

2. Debt component:
\[ 
\frac{40,000}{100,000} \times 0.05 \times (1 - 0.21) = 0.02 \times 0.79 = 0.0158 
\]

Add the two components together to find the WACC:

\[ 
\text{WACC} = 0.06 + 0.0158 = 0.0758 
\]

Convert the WACC to a percentage:

\[ 
\text{WACC} = 7.58\% 
\]

Therefore, the WACC of the company is 7.58%.",False,,,,,[]
187,,"In triangle ACD, B is located on the side AC, and E is located on the side AD. If AB = 3, AC = 5, CD = 3.5, ED = 3, and EB ∥ DC, what is the length of AD?",7.5,"To solve this problem, we need to use the concept of similar triangles. Since \( EB \parallel DC \), triangles \( ABE \) and \( ACD \) are similar by the Basic Proportionality Theorem (also known as Thales' theorem).

Given:
- \( AB = 3 \)
- \( AC = 5 \)
- \( CD = 3.5 \)
- \( ED = 3 \)

Since \( EB \parallel DC \), the sides of the triangles are proportional:

\[
\frac{AB}{AC} = \frac{AE}{AD} = \frac{BE}{CD}
\]

First, calculate \( BE \) using the proportion:

\[
\frac{AB}{AC} = \frac{BE}{CD}
\]

Substitute the known values:

\[
\frac{3}{5} = \frac{BE}{3.5}
\]

Cross-multiply to solve for \( BE \):

\[
3 \times 3.5 = 5 \times BE
\]

\[
10.5 = 5 \times BE
\]

\[
BE = \frac{10.5}{5} = 2.1
\]

Now, use the proportion to find \( AD \):

\[
\frac{AB}{AC} = \frac{AE}{AD}
\]

Since \( AE = AB + BE = 3 + 2.1 = 5.1 \), substitute the known values:

\[
\frac{3}{5} = \frac{5.1}{AD}
\]

Cross-multiply to solve for \( AD \):

\[
3 \times AD = 5 \times 5.1
\]

\[
3 \times AD = 25.5
\]

\[
AD = \frac{25.5}{3} = 8.5
\]

Thus, the length of \( AD \) is \(\boxed{8.5}\).",False,,,,,[]
188,,"An ultrasonic transducer used for medical diagnosis oscillates at 6.7 Mhz.How long does each oscillation take, and what is the angular frequency? (Unit: 10^7 rad/s)",4.2,"To solve this problem, we need to find two things: the time period of each oscillation and the angular frequency.

1. **Time Period of Each Oscillation:**

The frequency of the ultrasonic transducer is given as 6.7 MHz. Frequency (f) is the number of oscillations per second, and it is related to the time period (T) by the formula:

\[ T = \frac{1}{f} \]

First, convert the frequency from MHz to Hz:

\[ 6.7 \text{ MHz} = 6.7 \times 10^6 \text{ Hz} \]

Now, calculate the time period:

\[ T = \frac{1}{6.7 \times 10^6} \]

\[ T \approx 1.4925 \times 10^{-7} \text{ seconds} \]

2. **Angular Frequency:**

Angular frequency (\(\omega\)) is related to the frequency by the formula:

\[ \omega = 2\pi f \]

Substitute the frequency in Hz:

\[ \omega = 2\pi \times 6.7 \times 10^6 \]

\[ \omega \approx 4.211 \times 10^7 \text{ rad/s} \]

Therefore, the time period of each oscillation is approximately \(1.4925 \times 10^{-7}\) seconds, and the angular frequency is approximately \(4.211 \times 10^7\) rad/s.",True,,,,,[]
189,,"How many pairs of (a, b) can we substitute for a and b in 30a0b03 so that the resulting integer is divisible by 13?",3,"To solve this problem, we need to determine how many pairs of digits \((a, b)\) can be substituted into the number \(30a0b03\) such that the resulting integer is divisible by 13.

First, let's express the number \(30a0b03\) in terms of its digits:
\[
30a0b03 = 3000000 + 10000a + 100b + 3
\]

We need this number to be divisible by 13. Therefore, we need:
\[
3000000 + 10000a + 100b + 3 \equiv 0 \pmod{13}
\]

First, we calculate \(3000000 \mod 13\):
- \(3000000 = 3 \times 10^6\)
- \(10^6 \equiv 1 \pmod{13}\) because \(10^6 = (10^3)^2\) and \(10^3 \equiv 1 \pmod{13}\) (since \(10^3 = 1000 \equiv 1 \pmod{13}\))

Thus:
\[
3000000 \equiv 3 \times 1 \equiv 3 \pmod{13}
\]

Next, calculate \(10000a \mod 13\):
- \(10000 = 10^4\)
- \(10^4 \equiv 3 \pmod{13}\) because \(10^4 = (10^3) \times 10 \equiv 1 \times 10 \equiv 10 \pmod{13}\)

Thus:
\[
10000a \equiv 10a \pmod{13}
\]

Next, calculate \(100b \mod 13\):
- \(100 = 10^2\)
- \(10^2 \equiv 9 \pmod{13}\)

Thus:
\[
100b \equiv 9b \pmod{13}
\]

Finally, calculate \(3 \mod 13\):
\[
3 \equiv 3 \pmod{13}
\]

Putting it all together, we need:
\[
3 + 10a + 9b + 3 \equiv 0 \pmod{13}
\]
\[
6 + 10a + 9b \equiv 0 \pmod{13}
\]
\[
10a + 9b \equiv -6 \equiv 7 \pmod{13}
\]

Now, we need to find all pairs \((a, b)\) such that:
\[
10a + 9b \equiv 7 \pmod{13}
\]

We will test each value of \(a\) from 0 to 9 and solve for \(b\):

- \(a = 0\): \(10(0) + 9b \equiv 7 \pmod{13} \Rightarrow 9b \equiv 7 \pmod{13}\)
  - \(b \equiv 7 \times 9^{-1} \equiv 7 \times 3 \equiv 21 \equiv 8 \pmod{13}\)
  - \(b = 8\)

- \(a = 1\): \(10(1) + 9b \equiv 7 \pmod{13} \Rightarrow 10 + 9b \equiv 7 \pmod{13} \Rightarrow 9b \equiv -3 \equiv 10 \pmod{13}\)
  - \(b \equiv 10 \times 9^{-1} \equiv 10 \times 3 \equiv 30 \equiv 4 \pmod{13}\)
  - \(b = 4\)

- \(a = 2\): \(10(2) + 9b \equiv 7 \pmod{13} \Rightarrow 20 + 9b \equiv 7 \pmod{13} \Rightarrow 9b \equiv -13 \equiv 0 \pmod{13}\)
  - \(b = 0\)

- \(a = 3\): \(10(3) + 9b \equiv 7 \pmod{13} \Rightarrow 30 + 9b \equiv 7 \pmod{13} \Rightarrow 9b \equiv -23 \equiv 3 \pmod{13}\)
  - \(b \equiv 3 \times 9^{-1} \equiv 3 \times 3 \equiv 9 \pmod{13}\)
  - \(b = 9\)

- \(a = 4\): \(10(4) + 9b \equiv 7 \pmod{13} \Rightarrow 40 + 9b \equiv 7 \pmod{13} \Rightarrow 9b \equiv -33 \equiv 6 \pmod{13}\)
  - \(b \equiv 6 \times 9^{-1} \equiv 6 \times 3 \equiv 18 \equiv 5 \pmod{13}\)
  - \(b = 5\)

- \(a = 5\): \(10(5) + 9b \equiv 7 \pmod{13} \Rightarrow 50 + 9b \equiv 7 \pmod{13} \Rightarrow 9b \equiv -43 \equiv 10 \pmod{13}\)
  - \(b \equiv 10 \times 9^{-1} \equiv 10 \times 3 \equiv 30 \equiv 4 \pmod{13}\)
  - \(b = 4\)

- \(a = 6\): \(10(6) + 9b \equiv 7 \pmod{13} \Rightarrow 60 + 9b \equiv 7 \pmod{13} \Rightarrow 9b \equiv -53 \equiv 7 \pmod{13}\)
  - \(b \equiv 7 \times 9^{-1} \equiv 7 \times 3 \equiv 21 \equiv 8 \pmod{13}\)
  - \(b = 8\)

- \(a = 7\): \(10(7) + 9b \equiv 7 \pmod{13} \Rightarrow 70 + 9b \equiv 7 \pmod{13} \Rightarrow 9b \equiv -63 \equiv 11 \pmod{13}\)
  - \(b \equiv 11 \times 9^{-1} \equiv 11 \times 3 \equiv 33 \equiv 7 \pmod{13}\)
  - \(b = 7\)

- \(a = 8\): \(10(8) + 9b \equiv 7 \pmod{13} \Rightarrow 80 + 9b \equiv 7 \pmod{13} \Rightarrow 9b \equiv -73 \equiv 1 \pmod{13}\)
  - \(b \equiv 1 \times 9^{-1} \equiv 1 \times 3 \equiv 3 \pmod{13}\)
  - \(b = 3\)

- \(a = 9\): \(10(9) + 9b \equiv 7 \pmod{13} \Rightarrow 90 + 9b \equiv 7 \pmod{13} \Rightarrow 9b \equiv -83 \equiv 5 \pmod{13}\)
  - \(b \equiv 5 \times 9^{-1} \equiv 5 \times 3 \equiv 15 \equiv 2 \pmod{13}\)
  - \(b = 2\)

The valid pairs \((a, b)\) are:
- \((0, 8)\)
- \((1, 4)\)
- \((2, 0)\)
- \((3, 9)\)
- \((4, 5)\)
- \((5, 1)\)
- \((6, 8)\)
- \((7, 7)\)
- \((8, 3)\)
- \((9, 2)\)

Thus, there are \(\boxed{10}\) pairs of \((a, b)\) that satisfy the condition.",False,,,,,[]
190,,"A gun is designed that can launch a projectile of mass 10 kg at a speed of 200 m/s. The gun is placed close to a straight, horizontal railway line and aligned such that the projectile will land further down the line. A small rail car of mass 200 kg and travelling at a speed of 100 m/s passes the gun just as it is fired. Assuming the gun and the car are at the same level, at what angle upwards must the projectile be fired so that it lands in the rail car?",60.0,"To solve this problem, we need to determine the angle at which the projectile should be fired so that it lands in the rail car. This involves analyzing the motion of both the projectile and the rail car.

1. **Projectile Motion:**
   - The projectile is launched with an initial speed \( v_0 = 200 \, \text{m/s} \).
   - Let the angle of launch be \( \theta \).
   - The horizontal component of the projectile's velocity is \( v_{0x} = v_0 \cos \theta \).
   - The vertical component of the projectile's velocity is \( v_{0y} = v_0 \sin \theta \).

2. **Rail Car Motion:**
   - The rail car moves with a constant speed \( v_c = 100 \, \text{m/s} \).

3. **Time of Flight:**
   - The time of flight \( t \) for the projectile is determined by its vertical motion. The projectile must return to the same vertical level from which it was launched.
   - The vertical motion equation is: \( y = v_{0y} t - \frac{1}{2} g t^2 = 0 \), where \( g = 9.8 \, \text{m/s}^2 \).
   - Solving for \( t \), we get: \( t = \frac{2 v_{0y}}{g} = \frac{2 (200 \sin \theta)}{9.8} \).

4. **Horizontal Distance:**
   - The horizontal distance covered by the projectile is: \( x = v_{0x} t = (200 \cos \theta) \left(\frac{2 (200 \sin \theta)}{9.8}\right) \).
   - Simplifying, \( x = \frac{40000 \sin \theta \cos \theta}{9.8} \).

5. **Rail Car Distance:**
   - The rail car travels a distance \( d = v_c t = 100 \left(\frac{2 (200 \sin \theta)}{9.8}\right) \).
   - Simplifying, \( d = \frac{40000 \sin \theta}{9.8} \).

6. **Equating Distances:**
   - For the projectile to land in the rail car, the horizontal distance \( x \) must equal the distance \( d \) traveled by the rail car.
   - Therefore, \( \frac{40000 \sin \theta \cos \theta}{9.8} = \frac{40000 \sin \theta}{9.8} \).
   - Simplifying, \( \cos \theta = 1 \).

7. **Solution:**
   - The only angle for which \( \cos \theta = 1 \) is \( \theta = 0^\circ \).

Thus, the projectile must be fired at an angle of \( \boxed{0} \) degrees to land in the rail car.",False,,,,,[]
192,,"Consider a strategy of the form $(\gamma, 0, 0)$ for the investment wheel. Show that the overall factor multiplying your money after $n$ steps is likely to be $(1+2\gamma)^{n/2}(1-\gamma)^{n/2}$. Find the value of $\gamma$ that maximizes this factor.",0.25,"To solve this problem, we need to maximize the expression \((1+2\gamma)^{n/2}(1-\gamma)^{n/2}\) with respect to \(\gamma\).

First, let's rewrite the expression in a simpler form:
\[
f(\gamma) = \left((1+2\gamma)(1-\gamma)\right)^{n/2}
\]

We need to find the value of \(\gamma\) that maximizes \(f(\gamma)\). To do this, we first find the expression inside the parentheses:
\[
(1+2\gamma)(1-\gamma) = 1 + 2\gamma - \gamma - 2\gamma^2 = 1 + \gamma - 2\gamma^2
\]

Thus, the expression we want to maximize is:
\[
f(\gamma) = \left(1 + \gamma - 2\gamma^2\right)^{n/2}
\]

To maximize \(f(\gamma)\), we need to maximize the base \(1 + \gamma - 2\gamma^2\). Let's denote this base by \(g(\gamma) = 1 + \gamma - 2\gamma^2\).

To find the maximum of \(g(\gamma)\), we take its derivative and set it to zero:
\[
g'(\gamma) = 1 - 4\gamma
\]

Setting \(g'(\gamma) = 0\) gives:
\[
1 - 4\gamma = 0 \implies \gamma = \frac{1}{4}
\]

To ensure this is a maximum, we check the second derivative:
\[
g''(\gamma) = -4
\]

Since \(g''(\gamma) < 0\), the function \(g(\gamma)\) has a maximum at \(\gamma = \frac{1}{4}\).

Therefore, the value of \(\gamma\) that maximizes the factor \((1+2\gamma)^{n/2}(1-\gamma)^{n/2}\) is \(\boxed{\frac{1}{4}}\).",False,,,,,[]
194,,"A teacher wants to invest $30,000 into an account that compounds annually. The interest rate at this bank is 1.8%. How much money will be in the account after 6 years?",33389.35,"To solve this problem, we will use the formula for compound interest:

\[ A = P \left(1 + \frac{r}{n}\right)^{nt} \]

where:
- \( A \) is the amount of money accumulated after n years, including interest.
- \( P \) is the principal amount (the initial amount of money).
- \( r \) is the annual interest rate (decimal).
- \( n \) is the number of times that interest is compounded per year.
- \( t \) is the time the money is invested for in years.

In this problem:
- \( P = 30,000 \)
- \( r = 0.018 \) (1.8% as a decimal)
- \( n = 1 \) (since the interest is compounded annually)
- \( t = 6 \)

Plug these values into the formula:

\[ A = 30,000 \left(1 + \frac{0.018}{1}\right)^{1 \times 6} \]

\[ A = 30,000 \left(1 + 0.018\right)^{6} \]

\[ A = 30,000 \left(1.018\right)^{6} \]

Now, calculate \( (1.018)^6 \):

\[ (1.018)^6 \approx 1.112486 \]

Now, calculate \( A \):

\[ A = 30,000 \times 1.112486 \]

\[ A \approx 33,374.58 \]

Therefore, the amount of money in the account after 6 years will be approximately $33,374.58.",False,,,,,[]
195,,Compute the mean molecular speed v in the heavy gas radon (Rn) in m/s,167.0,"To compute the mean molecular speed \( v \) of a gas, we use the formula derived from the kinetic theory of gases:

\[
v = \sqrt{\frac{8kT}{\pi m}}
\]

where:
- \( k \) is the Boltzmann constant, approximately \( 1.38 \times 10^{-23} \, \text{J/K} \),
- \( T \) is the temperature in Kelvin,
- \( m \) is the mass of one molecule of the gas in kilograms.

For radon (Rn), we need to find the mass of one molecule. The molar mass of radon is approximately 222 g/mol. To convert this to kilograms per molecule, we use Avogadro's number (\( N_A \approx 6.022 \times 10^{23} \, \text{mol}^{-1} \)):

\[
m = \frac{222 \, \text{g/mol}}{6.022 \times 10^{23} \, \text{mol}^{-1}} \times \frac{1 \, \text{kg}}{1000 \, \text{g}} = \frac{222}{6.022 \times 10^{26}} \, \text{kg}
\]

Assuming room temperature, \( T \approx 298 \, \text{K} \).

Now, substitute these values into the formula for \( v \):

\[
v = \sqrt{\frac{8 \times 1.38 \times 10^{-23} \times 298}{\pi \times \frac{222}{6.022 \times 10^{26}}}}
\]

Calculate the denominator:

\[
m = \frac{222}{6.022 \times 10^{26}} \approx 3.686 \times 10^{-25} \, \text{kg}
\]

Now calculate the numerator:

\[
8 \times 1.38 \times 10^{-23} \times 298 \approx 3.287 \times 10^{-20}
\]

Substitute these into the formula:

\[
v = \sqrt{\frac{3.287 \times 10^{-20}}{\pi \times 3.686 \times 10^{-25}}}
\]

Calculate the division:

\[
\frac{3.287 \times 10^{-20}}{\pi \times 3.686 \times 10^{-25}} \approx 2.841 \times 10^{4}
\]

Finally, take the square root:

\[
v \approx \sqrt{2.841 \times 10^{4}} \approx 168.5 \, \text{m/s}
\]

Thus, the mean molecular speed of radon at room temperature is approximately \( 168.5 \, \text{m/s} \).",True,,,,,[]
196,,"In a set of 20 positive integers, at least how many pairs of numbers have a difference that is a multiple of 10?",10,"To solve this problem, we need to determine the minimum number of pairs of numbers in a set of 20 positive integers such that the difference between the numbers in each pair is a multiple of 10.

First, consider the possible remainders when a positive integer is divided by 10. These remainders are 0, 1, 2, 3, 4, 5, 6, 7, 8, and 9. There are 10 possible remainders.

According to the Pigeonhole Principle, if we have more numbers than there are possible remainders, at least two of the numbers must have the same remainder when divided by 10. In this case, we have 20 numbers and only 10 possible remainders.

Therefore, by the Pigeonhole Principle, at least two numbers must share the same remainder when divided by 10. If two numbers have the same remainder, their difference is a multiple of 10.

To find the minimum number of such pairs, consider the worst-case scenario where the numbers are distributed as evenly as possible among the 10 remainders. If we distribute the 20 numbers evenly, each remainder would have 2 numbers (since 20 divided by 10 is 2).

For each remainder, having 2 numbers means there is exactly 1 pair of numbers whose difference is a multiple of 10. Since there are 10 remainders, this results in 10 pairs.

Thus, the minimum number of pairs of numbers in the set of 20 positive integers that have a difference which is a multiple of 10 is:

10",True,,,,,[]
197,,A symmetric random walk on the three-dimensional cubic lattice Z^3 is transient or persistent? Return 1 for persistent and 0 for transient.,0.0,"A symmetric random walk on the three-dimensional cubic lattice \( \mathbb{Z}^3 \) is transient. This means that the probability of the random walk returning to the starting point is less than 1. Therefore, the answer is:

0",True,,,,,[]
198,,"Let C[0,1] be all the continuous function on in the interval [0,1]. For the integral equation $x(t)-\lambda \int_0^1 e^{t-s} x(s) ds=y(t)$, where $y(t)\in C[0,1]$ is a given function. \lambda is a constant and |\lambda|<1. Then there exists a unique solution x(t)\in C[0,1]. This conclusion can be proved by: 1. Implicit function theorem, 2. Riesz representation theorem, 3. Banach fixed point theorem, 4. None of the above. Return the number as the answer.",3.0,"The problem involves an integral equation with a parameter \(\lambda\) and a given function \(y(t)\) in the space of continuous functions on the interval \([0,1]\). The condition \(|\lambda| < 1\) suggests that a contraction mapping principle might be applicable, which is a key aspect of the Banach fixed point theorem.

The Banach fixed point theorem, also known as the contraction mapping theorem, states that a contraction mapping on a complete metric space has a unique fixed point. In this context, the integral operator defined by the equation can be shown to be a contraction under the given conditions, allowing us to apply the Banach fixed point theorem to conclude the existence and uniqueness of the solution \(x(t)\).

Therefore, the correct method to prove the existence and uniqueness of the solution is the Banach fixed point theorem.

The answer is:
3",True,,,,,[]
199,,A neutron at rest decays (breaks up) to a proton and an electron. Energy is released in the decay and appears as kinetic energy of the proton and electron. The mass of a proton is 1836 times the mass of an electron. What fraction of the total energy released goes into the kinetic energy of the proton?,0.000544,"To solve this problem, we need to consider the conservation of momentum and energy in the decay process. 

Initially, the neutron is at rest, so the total momentum is zero. After the decay, the proton and electron move in opposite directions to conserve momentum. Let \( m_p \) be the mass of the proton and \( m_e \) be the mass of the electron. According to the problem, \( m_p = 1836 \times m_e \).

Let \( v_p \) and \( v_e \) be the velocities of the proton and electron, respectively, after the decay. By conservation of momentum:

\[ m_p v_p = m_e v_e \]

The total kinetic energy \( K \) released in the decay is the sum of the kinetic energies of the proton and the electron:

\[ K = \frac{1}{2} m_p v_p^2 + \frac{1}{2} m_e v_e^2 \]

We want to find the fraction of the total energy that goes into the kinetic energy of the proton, which is:

\[ \text{Fraction} = \frac{\frac{1}{2} m_p v_p^2}{K} \]

Using the momentum conservation equation \( m_p v_p = m_e v_e \), we can express \( v_e \) in terms of \( v_p \):

\[ v_e = \frac{m_p}{m_e} v_p = 1836 v_p \]

Substitute \( v_e = 1836 v_p \) into the expression for total kinetic energy:

\[ K = \frac{1}{2} m_p v_p^2 + \frac{1}{2} m_e (1836 v_p)^2 \]

\[ K = \frac{1}{2} m_p v_p^2 + \frac{1}{2} m_e \cdot 1836^2 \cdot v_p^2 \]

Factor out \( \frac{1}{2} v_p^2 \):

\[ K = \frac{1}{2} v_p^2 (m_p + m_e \cdot 1836^2) \]

Now, the kinetic energy of the proton is:

\[ \frac{1}{2} m_p v_p^2 \]

The fraction of the total energy that goes into the kinetic energy of the proton is:

\[ \text{Fraction} = \frac{\frac{1}{2} m_p v_p^2}{\frac{1}{2} v_p^2 (m_p + m_e \cdot 1836^2)} \]

Cancel \( \frac{1}{2} v_p^2 \) from the numerator and the denominator:

\[ \text{Fraction} = \frac{m_p}{m_p + m_e \cdot 1836^2} \]

Substitute \( m_p = 1836 m_e \):

\[ \text{Fraction} = \frac{1836 m_e}{1836 m_e + m_e \cdot 1836^2} \]

Factor out \( m_e \):

\[ \text{Fraction} = \frac{1836}{1836 + 1836^2} \]

\[ \text{Fraction} = \frac{1836}{1836(1 + 1836)} \]

\[ \text{Fraction} = \frac{1}{1 + 1836} \]

\[ \text{Fraction} = \frac{1}{1837} \]

Thus, the fraction of the total energy released that goes into the kinetic energy of the proton is:

\[ \boxed{\frac{1}{1837}} \]",False,,,,,[]
200,,"Use Green's Theorem to evaluate $\oint_{C} xy dx + x^2y^3dy$ where $C$ is the triangle with vertices (0,0), (1,0), (1,2) with positive orientation",0.6667,"To solve the problem using Green's Theorem, we need to evaluate the line integral \(\oint_{C} xy \, dx + x^2y^3 \, dy\) over the curve \(C\), which is the boundary of the triangle with vertices \((0,0)\), \((1,0)\), and \((1,2)\).

Green's Theorem states that for a positively oriented, simple closed curve \(C\) and a region \(R\) it encloses, if \(P(x, y)\) and \(Q(x, y)\) have continuous partial derivatives on an open region that contains \(R\), then:

\[
\oint_{C} P \, dx + Q \, dy = \iint_{R} \left( \frac{\partial Q}{\partial x} - \frac{\partial P}{\partial y} \right) \, dA
\]

In our problem, \(P(x, y) = xy\) and \(Q(x, y) = x^2y^3\).

First, we compute the partial derivatives:

\[
\frac{\partial Q}{\partial x} = \frac{\partial}{\partial x}(x^2y^3) = 2xy^3
\]

\[
\frac{\partial P}{\partial y} = \frac{\partial}{\partial y}(xy) = x
\]

Substituting these into Green's Theorem, we have:

\[
\iint_{R} \left( 2xy^3 - x \right) \, dA
\]

The region \(R\) is the triangle with vertices \((0,0)\), \((1,0)\), and \((1,2)\). We can describe this region in the \(xy\)-plane as follows:

- The line from \((0,0)\) to \((1,0)\) is \(y = 0\).
- The line from \((1,0)\) to \((1,2)\) is \(x = 1\).
- The line from \((0,0)\) to \((1,2)\) is \(y = 2x\).

Thus, the region \(R\) can be described by the inequalities \(0 \leq x \leq 1\) and \(0 \leq y \leq 2x\).

Now, we set up the double integral:

\[
\iint_{R} \left( 2xy^3 - x \right) \, dA = \int_{0}^{1} \int_{0}^{2x} \left( 2xy^3 - x \right) \, dy \, dx
\]

We first integrate with respect to \(y\):

\[
\int_{0}^{2x} \left( 2xy^3 - x \right) \, dy = \left[ \frac{2x}{4}y^4 - xy \right]_{0}^{2x}
\]

\[
= \left[ \frac{x}{2}(2x)^4 - x(2x) \right] - \left[ 0 - 0 \right]
\]

\[
= \left[ \frac{x}{2} \cdot 16x^4 - 2x^2 \right]
\]

\[
= \left[ 8x^5 - 2x^2 \right]
\]

Now, integrate with respect to \(x\):

\[
\int_{0}^{1} \left( 8x^5 - 2x^2 \right) \, dx = \left[ \frac{8}{6}x^6 - \frac{2}{3}x^3 \right]_{0}^{1}
\]

\[
= \left[ \frac{4}{3}x^6 - \frac{2}{3}x^3 \right]_{0}^{1}
\]

\[
= \left[ \frac{4}{3} \cdot 1^6 - \frac{2}{3} \cdot 1^3 \right] - \left[ 0 - 0 \right]
\]

\[
= \frac{4}{3} - \frac{2}{3} = \frac{2}{3}
\]

Thus, the value of the line integral \(\oint_{C} xy \, dx + x^2y^3 \, dy\) is \(\boxed{\frac{2}{3}}\).",False,,,,,[]
201,,"Find the fraction of the standard solar flux reaching the Earth (about 1000 W/m^22) available to a solar collector lying flat on the Earth’s surface at Regina, Saskatchewan (latitude 50°N) at noon on the summer solstice.",0.891,"To solve this problem, we need to determine the fraction of solar flux that reaches a solar collector lying flat on the Earth's surface at Regina, Saskatchewan, at noon on the summer solstice.

1. **Understand the Position of the Sun:**
   - On the summer solstice, the Sun is directly overhead at the Tropic of Cancer (23.5°N latitude).
   - Regina, Saskatchewan, is at 50°N latitude.

2. **Calculate the Solar Elevation Angle:**
   - The solar elevation angle at noon can be calculated using the formula:
     \[
     \text{Solar Elevation Angle} = 90^\circ - (\text{Latitude} - \text{Solar Declination})
     \]
   - On the summer solstice, the solar declination is approximately 23.5°.
   - Therefore, for Regina:
     \[
     \text{Solar Elevation Angle} = 90^\circ - (50^\circ - 23.5^\circ) = 90^\circ - 26.5^\circ = 63.5^\circ
     \]

3. **Determine the Fraction of Solar Flux:**
   - The fraction of the solar flux that reaches the collector is given by the cosine of the angle of incidence, which is the complement of the solar elevation angle.
   - The angle of incidence is:
     \[
     \text{Angle of Incidence} = 90^\circ - \text{Solar Elevation Angle} = 90^\circ - 63.5^\circ = 26.5^\circ
     \]
   - The fraction of the solar flux is:
     \[
     \cos(26.5^\circ)
     \]

4. **Calculate the Cosine:**
   - Using a calculator, we find:
     \[
     \cos(26.5^\circ) \approx 0.894
     \]

Therefore, the fraction of the standard solar flux reaching the Earth that is available to a solar collector lying flat on the Earth’s surface at Regina, Saskatchewan, at noon on the summer solstice is approximately \(0.894\).",True,,,,,[]
202,,"suppose $lim_{n \rightarrow \infty}a_n=1$, what is the limit of (a_1+2a_2+...+na_n)/n^2?",0.5,"To solve this problem, we need to find the limit of the sequence \(\frac{a_1 + 2a_2 + \cdots + na_n}{n^2}\) as \(n\) approaches infinity, given that \(\lim_{n \to \infty} a_n = 1\).

First, observe that since \(\lim_{n \to \infty} a_n = 1\), for any \(\epsilon > 0\), there exists an integer \(N\) such that for all \(n > N\), \(|a_n - 1| < \epsilon\). This implies that \(a_n\) is close to 1 for large \(n\).

Now, consider the expression \(S_n = a_1 + 2a_2 + \cdots + na_n\). We want to evaluate the limit:

\[
\lim_{n \to \infty} \frac{S_n}{n^2}.
\]

We can approximate \(S_n\) by replacing each \(a_k\) with 1 for large \(k\), since \(a_k \to 1\). Thus, for large \(n\), we have:

\[
S_n \approx 1 + 2 + \cdots + n = \frac{n(n+1)}{2}.
\]

Therefore, the expression becomes:

\[
\frac{S_n}{n^2} \approx \frac{\frac{n(n+1)}{2}}{n^2} = \frac{n(n+1)}{2n^2} = \frac{n+1}{2n} = \frac{1}{2} + \frac{1}{2n}.
\]

As \(n \to \infty\), the term \(\frac{1}{2n} \to 0\), so:

\[
\lim_{n \to \infty} \frac{S_n}{n^2} = \frac{1}{2}.
\]

Thus, the limit of the given sequence is \(\boxed{\frac{1}{2}}\).",False,,,,,[]
203,,How many ways are there to arrange the letters in the word *BANANA* up to the symmetries of the word?,30,"To solve this problem, we need to determine the number of distinct arrangements of the letters in the word ""BANANA"" considering its symmetries. The word ""BANANA"" consists of 6 letters where the letter 'A' appears 3 times, the letter 'N' appears 2 times, and the letter 'B' appears 1 time.

The formula for finding the number of distinct permutations of a multiset is given by:

\[
\frac{n!}{n_1! \times n_2! \times \cdots \times n_k!}
\]

where \( n \) is the total number of items to arrange, and \( n_1, n_2, \ldots, n_k \) are the frequencies of the distinct items.

For the word ""BANANA"":
- Total number of letters, \( n = 6 \)
- Frequency of 'A', \( n_1 = 3 \)
- Frequency of 'N', \( n_2 = 2 \)
- Frequency of 'B', \( n_3 = 1 \)

Plugging these values into the formula, we get:

\[
\frac{6!}{3! \times 2! \times 1!} = \frac{720}{6 \times 2 \times 1} = \frac{720}{12} = 60
\]

Therefore, there are 60 distinct ways to arrange the letters in the word ""BANANA"" considering its symmetries.

The answer is \( \boxed{60} \).",False,,,,,[]
204,,What's the maximum number of edges in a simple triangle free planar graph with 30 vertices?,56,"To solve this problem, we need to determine the maximum number of edges in a simple triangle-free planar graph with 30 vertices.

A planar graph is a graph that can be drawn on a plane without any edges crossing. According to Euler's formula for planar graphs, for a graph with \( V \) vertices, \( E \) edges, and \( F \) faces, the relationship is:

\[ V - E + F = 2 \]

For a triangle-free planar graph, the minimum number of edges per face is 4 (since there are no triangles, the smallest cycle is a quadrilateral). Therefore, the inequality for the number of edges and faces is:

\[ 2E \geq 4F \]

This simplifies to:

\[ E \geq 2F \]

Substituting \( F \) from Euler's formula:

\[ F = E - V + 2 \]

Substitute \( F \) in the inequality:

\[ E \geq 2(E - V + 2) \]

Simplify the inequality:

\[ E \geq 2E - 2V + 4 \]

\[ 0 \geq E - 2V + 4 \]

\[ E \leq 2V - 4 \]

For a triangle-free planar graph with 30 vertices (\( V = 30 \)), the maximum number of edges is:

\[ E \leq 2 \times 30 - 4 = 60 - 4 = 56 \]

Thus, the maximum number of edges in a simple triangle-free planar graph with 30 vertices is \(\boxed{56}\).",True,,,,,[]
205,,"consider a forward contract on a non-dividend paying stock that matures in 6 months. The current stock price is $50 and the 6-month interest rate is 4% per annum. What is the forward price, F.",51.0,"To calculate the forward price \( F \) of a non-dividend paying stock, we use the formula:

\[ F = S_0 \times e^{r \times T} \]

where:
- \( S_0 \) is the current stock price,
- \( r \) is the annual risk-free interest rate,
- \( T \) is the time to maturity in years,
- \( e \) is the base of the natural logarithm (approximately 2.71828).

Given:
- \( S_0 = 50 \) (current stock price),
- \( r = 0.04 \) (4% per annum interest rate),
- \( T = 0.5 \) (6 months expressed in years).

Substitute these values into the formula:

\[ F = 50 \times e^{0.04 \times 0.5} \]

First, calculate the exponent:

\[ 0.04 \times 0.5 = 0.02 \]

Now, calculate \( e^{0.02} \). Using a calculator, we find:

\[ e^{0.02} \approx 1.0202 \]

Now, calculate the forward price:

\[ F = 50 \times 1.0202 = 51.01 \]

Therefore, the forward price \( F \) is approximately \( 51.01 \).

The forward price is \( \boxed{51.01} \).",True,,,,,[]
207,,Find the largest integer for which (x+11)/(x+7) is an integer.,-3,"To solve the problem, we need to find the largest integer value of \( x \) such that the expression \(\frac{x+11}{x+7}\) is an integer.

Let's denote this integer by \( k \). Therefore, we have:

\[
\frac{x+11}{x+7} = k
\]

This implies:

\[
x + 11 = k(x + 7)
\]

Expanding the right side, we get:

\[
x + 11 = kx + 7k
\]

Rearranging the terms gives:

\[
x - kx = 7k - 11
\]

Factoring out \( x \) on the left side, we have:

\[
x(1 - k) = 7k - 11
\]

Solving for \( x \), we get:

\[
x = \frac{7k - 11}{1 - k}
\]

For \( x \) to be an integer, the right-hand side must be an integer, which means \( 7k - 11 \) must be divisible by \( 1 - k \).

Let's analyze the expression \( \frac{7k - 11}{1 - k} \) for different values of \( k \):

1. **If \( k = 1 \):**

   \[
   x = \frac{7(1) - 11}{1 - 1} = \frac{7 - 11}{0}
   \]

   This is undefined, so \( k \neq 1 \).

2. **If \( k = 2 \):**

   \[
   x = \frac{7(2) - 11}{1 - 2} = \frac{14 - 11}{-1} = \frac{3}{-1} = -3
   \]

   Here, \( x = -3 \) is an integer.

3. **If \( k = 3 \):**

   \[
   x = \frac{7(3) - 11}{1 - 3} = \frac{21 - 11}{-2} = \frac{10}{-2} = -5
   \]

   Here, \( x = -5 \) is an integer.

4. **If \( k = 4 \):**

   \[
   x = \frac{7(4) - 11}{1 - 4} = \frac{28 - 11}{-3} = \frac{17}{-3}
   \]

   This is not an integer.

5. **If \( k = 5 \):**

   \[
   x = \frac{7(5) - 11}{1 - 5} = \frac{35 - 11}{-4} = \frac{24}{-4} = -6
   \]

   Here, \( x = -6 \) is an integer.

6. **If \( k = 6 \):**

   \[
   x = \frac{7(6) - 11}{1 - 6} = \frac{42 - 11}{-5} = \frac{31}{-5}
   \]

   This is not an integer.

7. **If \( k = 7 \):**

   \[
   x = \frac{7(7) - 11}{1 - 7} = \frac{49 - 11}{-6} = \frac{38}{-6}
   \]

   This is not an integer.

8. **If \( k = 8 \):**

   \[
   x = \frac{7(8) - 11}{1 - 8} = \frac{56 - 11}{-7} = \frac{45}{-7}
   \]

   This is not an integer.

9. **If \( k = 9 \):**

   \[
   x = \frac{7(9) - 11}{1 - 9} = \frac{63 - 11}{-8} = \frac{52}{-8}
   \]

   This is not an integer.

10. **If \( k = 10 \):**

    \[
    x = \frac{7(10) - 11}{1 - 10} = \frac{70 - 11}{-9} = \frac{59}{-9}
    \]

    This is not an integer.

From the calculations, the largest integer \( x \) for which \(\frac{x+11}{x+7}\) is an integer is when \( k = 5 \), giving \( x = -6 \).

Thus, the largest integer \( x \) is:

\[
\boxed{-6}
\]",False,,,,,[]
209,,"A camper pours 0.300 kg of coffee, initially in a pot at 70.0°C into a 0.120-kg aluminum cup initially at 20.0°C. What is the equilibrium temperature? Assume that coffee has the same specific heat as water and that no heat is exchanged with the surroundings. (Unit: °C)",66.0,"To solve this problem, we need to use the principle of conservation of energy, which states that the heat lost by the coffee will be equal to the heat gained by the aluminum cup. The specific heat capacity of water (and thus coffee) is approximately 4,186 J/(kg·°C), and the specific heat capacity of aluminum is approximately 900 J/(kg·°C).

Let's denote:
- \( m_c = 0.300 \) kg (mass of the coffee)
- \( c_c = 4,186 \) J/(kg·°C) (specific heat of coffee)
- \( T_{c,i} = 70.0 \) °C (initial temperature of the coffee)
- \( m_a = 0.120 \) kg (mass of the aluminum cup)
- \( c_a = 900 \) J/(kg·°C) (specific heat of aluminum)
- \( T_{a,i} = 20.0 \) °C (initial temperature of the aluminum cup)
- \( T_f \) = final equilibrium temperature

The heat lost by the coffee is:
\[ Q_{\text{lost}} = m_c \cdot c_c \cdot (T_{c,i} - T_f) \]

The heat gained by the aluminum cup is:
\[ Q_{\text{gained}} = m_a \cdot c_a \cdot (T_f - T_{a,i}) \]

Setting the heat lost equal to the heat gained:
\[ m_c \cdot c_c \cdot (T_{c,i} - T_f) = m_a \cdot c_a \cdot (T_f - T_{a,i}) \]

Substitute the known values:
\[ 0.300 \cdot 4,186 \cdot (70.0 - T_f) = 0.120 \cdot 900 \cdot (T_f - 20.0) \]

Simplify and solve for \( T_f \):
\[ 1,255.8 \cdot (70.0 - T_f) = 108 \cdot (T_f - 20.0) \]

\[ 87,906 - 1,255.8T_f = 108T_f - 2,160 \]

Combine like terms:
\[ 87,906 + 2,160 = 1,255.8T_f + 108T_f \]

\[ 90,066 = 1,363.8T_f \]

Solve for \( T_f \):
\[ T_f = \frac{90,066}{1,363.8} \]

\[ T_f \approx 66.0 \]

The equilibrium temperature is approximately \( 66.0 \) °C.",True,,,,,[]
211,,"Suppose that $X_1,X_2,...$ are real numbers between 0 and 1 that are chosen independently and uniformly at random. Let $S=\sum_{i=1}^k X_i/2^i$, where $k$ is the least positive integer such that $X_k<X_{k+1}$, or $k=\infty$ if there is no such integer. Find the expected value of S.",0.29744254,"To solve this problem, we need to find the expected value of the sum \( S = \sum_{i=1}^k \frac{X_i}{2^i} \), where \( k \) is the smallest positive integer such that \( X_k < X_{k+1} \), or \( k = \infty \) if no such integer exists.

First, let's understand the condition for \( k \). The sequence \( X_1, X_2, \ldots \) is a sequence of independent and identically distributed (i.i.d.) random variables uniformly distributed on \([0, 1]\). The condition \( X_k < X_{k+1} \) means that the sequence stops at the first point where the next number is greater than the current one.

The probability that \( X_k < X_{k+1} \) is \(\frac{1}{2}\), because for any two independent uniform random variables \( X_k \) and \( X_{k+1} \), the probability that \( X_k < X_{k+1} \) is \(\frac{1}{2}\).

The probability that \( k = n \) (i.e., \( X_1 > X_2 > \cdots > X_{n-1} > X_n < X_{n+1} \)) is \(\frac{1}{n!} \times \frac{1}{2}\). This is because the sequence \( X_1, X_2, \ldots, X_n \) must be strictly decreasing, which has probability \(\frac{1}{n!}\), and then \( X_n < X_{n+1} \) has probability \(\frac{1}{2}\).

Now, let's compute the expected value of \( S \).

\[
E[S] = \sum_{n=1}^{\infty} E\left[\sum_{i=1}^n \frac{X_i}{2^i} \mid k = n\right] \cdot P(k = n)
\]

For a fixed \( n \), the expected value of the sum \( \sum_{i=1}^n \frac{X_i}{2^i} \) given that \( k = n \) is:

\[
E\left[\sum_{i=1}^n \frac{X_i}{2^i} \mid k = n\right] = \sum_{i=1}^n \frac{E[X_i \mid k = n]}{2^i}
\]

Since the \( X_i \) are uniformly distributed on \([0, 1]\), the expected value of each \( X_i \) is \(\frac{1}{2}\), regardless of the condition \( k = n \).

Thus,

\[
E\left[\sum_{i=1}^n \frac{X_i}{2^i} \mid k = n\right] = \sum_{i=1}^n \frac{1/2}{2^i} = \frac{1}{2} \sum_{i=1}^n \frac{1}{2^i} = \frac{1}{2} \left(1 - \frac{1}{2^n}\right)
\]

The probability \( P(k = n) = \frac{1}{n!} \times \frac{1}{2} \).

Therefore, the expected value of \( S \) is:

\[
E[S] = \sum_{n=1}^{\infty} \frac{1}{2} \left(1 - \frac{1}{2^n}\right) \cdot \frac{1}{n!} \cdot \frac{1}{2}
\]

\[
= \frac{1}{4} \sum_{n=1}^{\infty} \frac{1}{n!} \left(1 - \frac{1}{2^n}\right)
\]

\[
= \frac{1}{4} \left( \sum_{n=1}^{\infty} \frac{1}{n!} - \sum_{n=1}^{\infty} \frac{1}{n! \cdot 2^n} \right)
\]

The first sum is the Taylor series for \( e - 1 \), and the second sum is the Taylor series for \( e/2 - 1/2 \).

Thus,

\[
E[S] = \frac{1}{4} \left( (e - 1) - \left(\frac{e}{2} - \frac{1}{2}\right) \right)
\]

\[
= \frac{1}{4} \left( e - 1 - \frac{e}{2} + \frac{1}{2} \right)
\]

\[
= \frac{1}{4} \left( \frac{e}{2} - \frac{1}{2} \right)
\]

\[
= \frac{e}{8} - \frac{1}{8}
\]

Since \( e \approx 2.71828 \), we have:

\[
E[S] \approx \frac{2.71828}{8} - \frac{1}{8} = \frac{1.71828}{8} \approx 0.214785
\]

Thus, the expected value of \( S \) is approximately \( \boxed{0.25} \).",False,,,,,[]
212,,"Given a color image of size 28 x 28 x 3 pixels, how many convolutional filters in the first layer of a Convolutional Neural Network if the first layer's output tensor has size 26 x 26 x 64?",64,"To solve this problem, we need to understand how convolutional layers work in a Convolutional Neural Network (CNN).

The input image size is 28 x 28 x 3, which means the image is 28 pixels in height, 28 pixels in width, and has 3 color channels (e.g., RGB).

The output tensor of the first convolutional layer is given as 26 x 26 x 64. This means the output has a height of 26 pixels, a width of 26 pixels, and 64 channels (or feature maps).

The reduction in size from 28 x 28 to 26 x 26 suggests that the convolutional layer uses a filter (or kernel) size of 3 x 3 with a stride of 1 and no padding (valid padding). This is because:

- A 3 x 3 filter with a stride of 1 and no padding reduces each dimension by 2 (one pixel from each side), resulting in an output size of (28 - 3 + 1) = 26.

The number of filters in the convolutional layer determines the depth of the output tensor. Each filter produces one feature map. Since the output tensor has a depth of 64, this means there are 64 filters in the first convolutional layer.

Therefore, the number of convolutional filters in the first layer is:

64",True,,,,,[]
214,,30 students from 5 classes solved 40 math problems. Each student must answer at least one question. Every two students in the same class solved the same number of questions. The number of questions answered by any two students in different classes is also different. Question: What's maximum possible number of students who only answered one question?,26,"To solve this problem, we need to determine the maximum number of students who can answer only one question, given the constraints.

We have 30 students from 5 classes, and they solved a total of 40 math problems. Each student must answer at least one question, and every two students in the same class solved the same number of questions. Additionally, the number of questions answered by any two students in different classes is different.

Let's denote the number of students in each class as \( n_1, n_2, n_3, n_4, n_5 \), where \( n_1 + n_2 + n_3 + n_4 + n_5 = 30 \).

Let the number of questions answered by students in each class be \( q_1, q_2, q_3, q_4, q_5 \), where \( q_1, q_2, q_3, q_4, q_5 \) are distinct and \( n_1q_1 + n_2q_2 + n_3q_3 + n_4q_4 + n_5q_5 = 40 \).

To maximize the number of students who answered only one question, we want to maximize \( n_1 \) where \( q_1 = 1 \).

Assume \( q_1 = 1 \), then \( n_1 \times 1 = n_1 \). The remaining students \( 30 - n_1 \) must solve the remaining \( 40 - n_1 \) questions.

The remaining students are divided into 4 classes, each with a distinct number of questions answered. Let's denote the number of students in these classes as \( n_2, n_3, n_4, n_5 \) and the number of questions they answer as \( q_2, q_3, q_4, q_5 \) respectively, where \( q_2, q_3, q_4, q_5 \) are distinct and greater than 1.

We need to solve:
\[ n_2 + n_3 + n_4 + n_5 = 30 - n_1 \]
\[ n_2q_2 + n_3q_3 + n_4q_4 + n_5q_5 = 40 - n_1 \]

To maximize \( n_1 \), we should minimize the number of questions answered by the other students. The smallest distinct numbers greater than 1 are 2, 3, 4, and 5. Let's assign these to \( q_2, q_3, q_4, q_5 \).

Assume \( q_2 = 2, q_3 = 3, q_4 = 4, q_5 = 5 \).

We need to solve:
\[ n_2 \times 2 + n_3 \times 3 + n_4 \times 4 + n_5 \times 5 = 40 - n_1 \]
\[ n_2 + n_3 + n_4 + n_5 = 30 - n_1 \]

To minimize the total number of questions answered by these students, we should try to use the smallest possible values for \( n_2, n_3, n_4, n_5 \).

Let's try \( n_2 = 1, n_3 = 1, n_4 = 1, n_5 = 1 \):
\[ 2 \times 1 + 3 \times 1 + 4 \times 1 + 5 \times 1 = 14 \]
\[ n_2 + n_3 + n_4 + n_5 = 4 \]

This means \( 30 - n_1 = 4 \) and \( 40 - n_1 = 14 \).

Solving these gives:
\[ n_1 = 30 - 4 = 26 \]
\[ n_1 = 40 - 14 = 26 \]

Thus, the maximum possible number of students who only answered one question is \( \boxed{26} \).",True,,,,,[]
215,,"The two-step Adams-Bashforth method of approximation uses the approximation scheme $y_{i+2}=y_{i+1} - 1/2 * hf(t_i,y_i)+ 3/2 * hf(t_{i+1},y_{i+1})$. Given that y(0)=1 and y(1)=2, use the Adams-Bashforth method to approximate y(3) for y=-y^2 with a step size of h=1.",-19.875,"To solve this problem using the two-step Adams-Bashforth method, we need to approximate the value of \( y(3) \) given the differential equation \( y' = -y^2 \), initial conditions \( y(0) = 1 \) and \( y(1) = 2 \), and a step size \( h = 1 \).

The Adams-Bashforth method formula given is:
\[
y_{i+2} = y_{i+1} - \frac{1}{2} h f(t_i, y_i) + \frac{3}{2} h f(t_{i+1}, y_{i+1})
\]

First, we identify the function \( f(t, y) = -y^2 \).

We have:
- \( y_0 = y(0) = 1 \)
- \( y_1 = y(1) = 2 \)

We need to find \( y_2 = y(2) \) and \( y_3 = y(3) \).

**Step 1: Calculate \( y_2 \):**

Using the formula:
\[
y_2 = y_1 - \frac{1}{2} \cdot 1 \cdot f(t_0, y_0) + \frac{3}{2} \cdot 1 \cdot f(t_1, y_1)
\]

Calculate \( f(t_0, y_0) \) and \( f(t_1, y_1) \):
- \( f(t_0, y_0) = f(0, 1) = -(1)^2 = -1 \)
- \( f(t_1, y_1) = f(1, 2) = -(2)^2 = -4 \)

Substitute these into the formula:
\[
y_2 = 2 - \frac{1}{2} \cdot (-1) + \frac{3}{2} \cdot (-4)
\]
\[
y_2 = 2 + \frac{1}{2} - 6
\]
\[
y_2 = 2.5 - 6 = -3.5
\]

**Step 2: Calculate \( y_3 \):**

Using the formula:
\[
y_3 = y_2 - \frac{1}{2} \cdot 1 \cdot f(t_1, y_1) + \frac{3}{2} \cdot 1 \cdot f(t_2, y_2)
\]

Calculate \( f(t_2, y_2) \):
- \( f(t_2, y_2) = f(2, -3.5) = -(-3.5)^2 = -12.25 \)

Substitute these into the formula:
\[
y_3 = -3.5 - \frac{1}{2} \cdot (-4) + \frac{3}{2} \cdot (-12.25)
\]
\[
y_3 = -3.5 + 2 - 18.375
\]
\[
y_3 = -1.5 - 18.375 = -19.875
\]

Thus, the approximate value of \( y(3) \) using the two-step Adams-Bashforth method is \(-19.875\).

The answer is \(-19.875\).",True,,,,,[]
216,,"Let $P_5(x)$ be the fifth-degree Taylor polynomial approximation for f(x)=sin(x), centered at x=0. What is the Lagrange error of the polynomial approximation to sin(1)?.",0.000198,"To find the Lagrange error of the fifth-degree Taylor polynomial approximation for \( f(x) = \sin(x) \) centered at \( x = 0 \), we use the Lagrange remainder formula:

\[
R_n(x) = \frac{f^{(n+1)}(c)}{(n+1)!} x^{n+1}
\]

where \( c \) is some value in the interval between 0 and \( x \), and \( n \) is the degree of the polynomial. For this problem, \( n = 5 \), so we need the sixth derivative of \( \sin(x) \).

The derivatives of \( \sin(x) \) are:
- \( f(x) = \sin(x) \)
- \( f'(x) = \cos(x) \)
- \( f''(x) = -\sin(x) \)
- \( f'''(x) = -\cos(x) \)
- \( f^{(4)}(x) = \sin(x) \)
- \( f^{(5)}(x) = \cos(x) \)
- \( f^{(6)}(x) = -\sin(x) \)

Thus, \( f^{(6)}(x) = -\sin(x) \).

The Lagrange error term for the fifth-degree Taylor polynomial approximation of \( \sin(x) \) at \( x = 1 \) is:

\[
R_5(1) = \frac{f^{(6)}(c)}{6!} \cdot 1^6
\]

where \( c \) is some value between 0 and 1. Since \( f^{(6)}(x) = -\sin(x) \), the maximum value of \(|f^{(6)}(c)|\) in the interval [0, 1] is 1 (since \(|\sin(x)| \leq 1\)).

Therefore, the maximum possible error is:

\[
R_5(1) \leq \frac{1}{6!} = \frac{1}{720}
\]

Thus, the Lagrange error of the polynomial approximation to \(\sin(1)\) is at most:

\[
\boxed{\frac{1}{720}}
\]",False,,,,,[]
217,,"suppose the sequence a_n satisfies 0<a_n<1, and $(1-a_n)a_{n+1}>1/4$ for all n, what is the limit of a_n as n goes to infinity?",0.5,"To solve this problem, we need to analyze the given condition for the sequence \( a_n \):

\[
(1-a_n)a_{n+1} > \frac{1}{4}
\]

We are tasked with finding the limit of \( a_n \) as \( n \to \infty \).

First, let's consider the implications of the inequality:

\[
(1-a_n)a_{n+1} > \frac{1}{4}
\]

This can be rewritten as:

\[
a_{n+1} > \frac{1}{4(1-a_n)}
\]

Since \( 0 < a_n < 1 \), the term \( 1-a_n \) is positive and less than 1. Therefore, \( \frac{1}{4(1-a_n)} \) is greater than \(\frac{1}{4}\).

Now, let's consider the behavior of the sequence as \( n \to \infty \). If \( a_n \) approaches a limit \( L \), then \( a_{n+1} \) should also approach \( L \). Thus, we have:

\[
L = \lim_{n \to \infty} a_n = \lim_{n \to \infty} a_{n+1}
\]

Substituting \( L \) into the inequality, we get:

\[
(1-L)L > \frac{1}{4}
\]

This simplifies to:

\[
L - L^2 > \frac{1}{4}
\]

Rearranging gives:

\[
L^2 - L + \frac{1}{4} < 0
\]

The quadratic equation \( L^2 - L + \frac{1}{4} = 0 \) can be solved using the quadratic formula:

\[
L = \frac{-b \pm \sqrt{b^2 - 4ac}}{2a}
\]

where \( a = 1 \), \( b = -1 \), and \( c = \frac{1}{4} \). The discriminant is:

\[
b^2 - 4ac = 1 - 1 = 0
\]

Thus, the quadratic has a double root:

\[
L = \frac{1}{2}
\]

Since the inequality \( L^2 - L + \frac{1}{4} < 0 \) must hold, and the quadratic \( L^2 - L + \frac{1}{4} = 0 \) has a double root at \( L = \frac{1}{2} \), the only way for the inequality to hold is if \( L \) approaches but never reaches \(\frac{1}{2}\) from below.

Therefore, the limit of \( a_n \) as \( n \to \infty \) is:

\[
\boxed{\frac{1}{2}}
\]",False,,,,,[]
219,,What is the number of equivalent parameter settings due to interchange symmetries in a mixture model with 10 components?,3628800,"In a mixture model with \( n \) components, the components are typically interchangeable. This means that any permutation of the components results in an equivalent parameter setting. The number of such permutations is given by the factorial of the number of components, \( n! \).

For a mixture model with 10 components, the number of equivalent parameter settings due to interchange symmetries is:

\[
10! = 10 \times 9 \times 8 \times 7 \times 6 \times 5 \times 4 \times 3 \times 2 \times 1
\]

Calculating this step-by-step:

\[
10 \times 9 = 90
\]
\[
90 \times 8 = 720
\]
\[
720 \times 7 = 5040
\]
\[
5040 \times 6 = 30240
\]
\[
30240 \times 5 = 151200
\]
\[
151200 \times 4 = 604800
\]
\[
604800 \times 3 = 1814400
\]
\[
1814400 \times 2 = 3628800
\]
\[
3628800 \times 1 = 3628800
\]

Thus, the number of equivalent parameter settings due to interchange symmetries in a mixture model with 10 components is \( \boxed{3628800} \).",True,,,,,[]
220,,What is $(\frac{1 + cos(2x) + i*sin(2x)}{1 + cos(2x) - i*sin(2x)})^30$ with $x = \pi / 60$?,-1.0,"To solve the problem, we need to simplify the expression \((\frac{1 + \cos(2x) + i\sin(2x)}{1 + \cos(2x) - i\sin(2x)})^{30}\) with \(x = \frac{\pi}{60}\).

First, let's simplify the fraction inside the expression. We have:

\[
\frac{1 + \cos(2x) + i\sin(2x)}{1 + \cos(2x) - i\sin(2x)}
\]

This can be simplified by multiplying the numerator and the denominator by the conjugate of the denominator:

\[
\frac{(1 + \cos(2x) + i\sin(2x))(1 + \cos(2x) + i\sin(2x))}{(1 + \cos(2x) - i\sin(2x))(1 + \cos(2x) + i\sin(2x))}
\]

The denominator becomes:

\[
(1 + \cos(2x))^2 + (\sin(2x))^2
\]

Using the identity \((\sin(2x))^2 = 1 - (\cos(2x))^2\), the denominator simplifies to:

\[
(1 + \cos(2x))^2 + 1 - (\cos(2x))^2 = 2 + 2\cos(2x)
\]

The numerator is:

\[
(1 + \cos(2x) + i\sin(2x))^2 = (1 + \cos(2x))^2 + 2i(1 + \cos(2x))\sin(2x) - (\sin(2x))^2
\]

Simplifying further, the real part is:

\[
(1 + \cos(2x))^2 - (\sin(2x))^2 = 2 + 2\cos(2x)
\]

The imaginary part is:

\[
2i(1 + \cos(2x))\sin(2x)
\]

Thus, the fraction simplifies to:

\[
\frac{2 + 2\cos(2x) + 2i(1 + \cos(2x))\sin(2x)}{2 + 2\cos(2x)} = 1 + i\tan(2x)
\]

Now, we need to evaluate \((1 + i\tan(2x))^{30}\).

Given \(x = \frac{\pi}{60}\), we have:

\[
2x = \frac{\pi}{30}
\]

Thus:

\[
\tan(2x) = \tan\left(\frac{\pi}{30}\right)
\]

The expression becomes:

\[
(1 + i\tan\left(\frac{\pi}{30}\right))^{30}
\]

Using the polar form, \(1 + i\tan\left(\frac{\pi}{30}\right)\) can be expressed as:

\[
\sqrt{1 + \tan^2\left(\frac{\pi}{30}\right)} \cdot e^{i\theta}
\]

where \(\theta = \tan^{-1}\left(\tan\left(\frac{\pi}{30}\right)\right) = \frac{\pi}{30}\).

Thus, the expression becomes:

\[
\left(\sqrt{1 + \tan^2\left(\frac{\pi}{30}\right)} \cdot e^{i\frac{\pi}{30}}\right)^{30}
\]

This simplifies to:

\[
(1 + \tan^2\left(\frac{\pi}{30}\right))^{15} \cdot e^{i\pi}
\]

Since \(e^{i\pi} = -1\), the expression simplifies to:

\[
-(1 + \tan^2\left(\frac{\pi}{30}\right))^{15}
\]

Using the identity \(1 + \tan^2\theta = \sec^2\theta\), we have:

\[
-(\sec^2\left(\frac{\pi}{30}\right))^{15}
\]

Finally, the answer is:

\[
-1
\]

Thus, the solution to the problem is:

\[
\boxed{-1}
\]",True,,,,,[]
221,,"Suppose a European call option on a barrel of crude oil with a strike price of $50 and a maturity of one-month, trades for $5. What is the price of the put premium with identical strike price and time until expiration, if the one-month risk-free rate is 2% and the spot price of the underlying asset is $52?",2.92,"To solve this problem, we can use the Put-Call Parity formula for European options. The formula is:

\[ C - P = S - K \cdot e^{-rT} \]

Where:
- \( C \) is the price of the call option.
- \( P \) is the price of the put option.
- \( S \) is the current spot price of the underlying asset.
- \( K \) is the strike price of the options.
- \( r \) is the risk-free interest rate.
- \( T \) is the time to expiration in years.

Given:
- \( C = 5 \) (price of the call option)
- \( S = 52 \) (spot price of the underlying asset)
- \( K = 50 \) (strike price)
- \( r = 0.02 \) (one-month risk-free rate, expressed as a decimal)
- \( T = \frac{1}{12} \) (one month expressed in years)

First, calculate the present value of the strike price:

\[ K \cdot e^{-rT} = 50 \cdot e^{-0.02 \cdot \frac{1}{12}} \]

Calculate the exponent:

\[ -0.02 \cdot \frac{1}{12} = -0.0016667 \]

Now, calculate \( e^{-0.0016667} \):

\[ e^{-0.0016667} \approx 0.998334 \]

Now, calculate the present value of the strike price:

\[ 50 \cdot 0.998334 \approx 49.9167 \]

Now, apply the Put-Call Parity formula to solve for \( P \):

\[ 5 - P = 52 - 49.9167 \]

\[ 5 - P = 2.0833 \]

\[ P = 5 - 2.0833 \]

\[ P = 2.9167 \]

Therefore, the price of the put premium is approximately \( 2.92 \).

The price of the put premium is \( \boxed{2.92} \).",True,,,,,[]
222,,"The current price of gold is $412 per ounce. The storage cost is $2 per ounce per year, payable quaterly in advance. Assuming a constant intrest rate of 9% compounded quarterly, what is the theoretial forward price of gold for delivery in 9 months?",442.02,"To find the theoretical forward price of gold for delivery in 9 months, we need to account for both the storage costs and the interest rate. Here's how we can calculate it:

1. **Interest Rate Calculation:**
   - The annual interest rate is 9%, compounded quarterly. Therefore, the quarterly interest rate is \( \frac{9\%}{4} = 2.25\% \).
   - Convert this percentage to a decimal for calculations: \( 0.0225 \).

2. **Storage Cost Calculation:**
   - The storage cost is $2 per ounce per year, payable quarterly in advance. Therefore, the quarterly storage cost is \( \frac{2}{4} = 0.5 \) dollars per ounce.
   - Since the storage cost is paid in advance, we need to consider the present value of these payments over the 9-month period (which is 3 quarters).

3. **Present Value of Storage Costs:**
   - The present value of the storage costs can be calculated using the formula for the present value of an annuity:
     \[
     PV = C \times \left(1 + r\right)^{-1} + C \times \left(1 + r\right)^{-2} + C \times \left(1 + r\right)^{-3}
     \]
   - Where \( C = 0.5 \) (quarterly storage cost) and \( r = 0.0225 \) (quarterly interest rate).
   - Calculate each term:
     \[
     0.5 \times (1 + 0.0225)^{-1} = 0.5 \times 0.97826 = 0.48913
     \]
     \[
     0.5 \times (1 + 0.0225)^{-2} = 0.5 \times 0.95694 = 0.47847
     \]
     \[
     0.5 \times (1 + 0.0225)^{-3} = 0.5 \times 0.93599 = 0.46799
     \]
   - Sum these present values:
     \[
     PV = 0.48913 + 0.47847 + 0.46799 = 1.43559
     \]

4. **Forward Price Calculation:**
   - The forward price \( F \) is given by the formula:
     \[
     F = S \times (1 + r)^n + PV
     \]
   - Where \( S = 412 \) (current price of gold), \( r = 0.0225 \) (quarterly interest rate), \( n = 3 \) (number of quarters), and \( PV = 1.43559 \) (present value of storage costs).
   - Calculate the compounded price:
     \[
     412 \times (1 + 0.0225)^3 = 412 \times 1.06814 = 440.07168
     \]
   - Add the present value of storage costs:
     \[
     F = 440.07168 + 1.43559 = 441.50727
     \]

Therefore, the theoretical forward price of gold for delivery in 9 months is approximately \( \boxed{441.51} \).",True,,,,,[]
227,,Consider the discrete memoryless channel $Y=XZ$ where $X$ and $Z$ are independent binary random variables that take on values 0 and 1. Let $P(Z=1)=0.5$. Find the capacity of this channel in bits.,0.322,"To find the capacity of the discrete memoryless channel \( Y = XZ \), where \( X \) and \( Z \) are independent binary random variables, we need to determine the maximum mutual information \( I(X; Y) \).

Given:
- \( X \) and \( Z \) are binary random variables.
- \( P(Z = 1) = 0.5 \).
- \( P(Z = 0) = 0.5 \) (since \( Z \) is binary and \( P(Z = 1) = 0.5 \)).

The output \( Y = XZ \) can be 0 or 1. Let's analyze the possible values of \( Y \):
- If \( X = 0 \), then \( Y = 0 \) regardless of \( Z \) (since \( 0 \times Z = 0 \)).
- If \( X = 1 \), then \( Y = Z \).

Thus, the probability distribution of \( Y \) depends on the distribution of \( X \) and \( Z \).

Let's calculate the probability distribution of \( Y \):
- \( P(Y = 0) = P(X = 0) + P(X = 1, Z = 0) \).
- \( P(Y = 1) = P(X = 1, Z = 1) \).

Assume \( P(X = 0) = p \) and \( P(X = 1) = 1 - p \).

Then:
- \( P(Y = 0) = p + (1 - p) \cdot 0.5 = p + 0.5 - 0.5p = 0.5 + 0.5p \).
- \( P(Y = 1) = (1 - p) \cdot 0.5 = 0.5 - 0.5p \).

Now, calculate the mutual information \( I(X; Y) \):
\[ I(X; Y) = H(Y) - H(Y|X) \]

1. Calculate \( H(Y) \):
   \[
   H(Y) = -P(Y = 0) \log_2 P(Y = 0) - P(Y = 1) \log_2 P(Y = 1)
   \]
   \[
   = -(0.5 + 0.5p) \log_2 (0.5 + 0.5p) - (0.5 - 0.5p) \log_2 (0.5 - 0.5p)
   \]

2. Calculate \( H(Y|X) \):
   \[
   H(Y|X) = P(X = 0)H(Y|X = 0) + P(X = 1)H(Y|X = 1)
   \]
   - If \( X = 0 \), \( Y = 0 \) with probability 1, so \( H(Y|X = 0) = 0 \).
   - If \( X = 1 \), \( Y = Z \), so \( H(Y|X = 1) = H(Z) = 1 \) (since \( Z \) is uniform).

   \[
   H(Y|X) = p \cdot 0 + (1 - p) \cdot 1 = 1 - p
   \]

3. Substitute into the mutual information formula:
   \[
   I(X; Y) = H(Y) - (1 - p)
   \]

To find the channel capacity, maximize \( I(X; Y) \) over \( p \):
- The expression for \( H(Y) \) is symmetric around \( p = 0.5 \).
- At \( p = 0.5 \), \( P(Y = 0) = P(Y = 1) = 0.5 \), so \( H(Y) = 1 \).

Thus, at \( p = 0.5 \):
- \( H(Y) = 1 \)
- \( H(Y|X) = 0.5 \)

Therefore:
\[ I(X; Y) = 1 - 0.5 = 0.5 \]

The capacity of the channel is \(\boxed{0.5}\) bits.",False,,,,,[]
230,,"Assuming $x$ and $y$ are both 2-d random variable. The covariance matrix of $x=((1,2),(2,3),(3,5),(4,4))$, $y=((3,4),(1,5),(5,3),(3,3))$ is $Cov$. What is the trace of $Cov$?",-0.166,"To find the trace of the covariance matrix \( Cov \) of the given 2-dimensional random variables \( x \) and \( y \), we first need to calculate the covariance matrix itself. The trace of a matrix is the sum of its diagonal elements.

Given:
- \( x = \{(1,2), (2,3), (3,5), (4,4)\} \)
- \( y = \{(3,4), (1,5), (5,3), (3,3)\} \)

First, we calculate the means of \( x_1, x_2, y_1, \) and \( y_2 \).

For \( x_1 \) (the first component of \( x \)):
\[
\bar{x_1} = \frac{1 + 2 + 3 + 4}{4} = \frac{10}{4} = 2.5
\]

For \( x_2 \) (the second component of \( x \)):
\[
\bar{x_2} = \frac{2 + 3 + 5 + 4}{4} = \frac{14}{4} = 3.5
\]

For \( y_1 \) (the first component of \( y \)):
\[
\bar{y_1} = \frac{3 + 1 + 5 + 3}{4} = \frac{12}{4} = 3
\]

For \( y_2 \) (the second component of \( y \)):
\[
\bar{y_2} = \frac{4 + 5 + 3 + 3}{4} = \frac{15}{4} = 3.75
\]

Next, we calculate the covariance terms:

1. \( \text{Cov}(x_1, x_1) \):
\[
\text{Cov}(x_1, x_1) = \frac{1}{4} \sum_{i=1}^{4} (x_{1i} - \bar{x_1})^2 = \frac{1}{4} ((1-2.5)^2 + (2-2.5)^2 + (3-2.5)^2 + (4-2.5)^2)
\]
\[
= \frac{1}{4} ((-1.5)^2 + (-0.5)^2 + (0.5)^2 + (1.5)^2) = \frac{1}{4} (2.25 + 0.25 + 0.25 + 2.25) = \frac{5}{4} = 1.25
\]

2. \( \text{Cov}(x_2, x_2) \):
\[
\text{Cov}(x_2, x_2) = \frac{1}{4} \sum_{i=1}^{4} (x_{2i} - \bar{x_2})^2 = \frac{1}{4} ((2-3.5)^2 + (3-3.5)^2 + (5-3.5)^2 + (4-3.5)^2)
\]
\[
= \frac{1}{4} ((-1.5)^2 + (-0.5)^2 + (1.5)^2 + (0.5)^2) = \frac{1}{4} (2.25 + 0.25 + 2.25 + 0.25) = \frac{5}{4} = 1.25
\]

3. \( \text{Cov}(y_1, y_1) \):
\[
\text{Cov}(y_1, y_1) = \frac{1}{4} \sum_{i=1}^{4} (y_{1i} - \bar{y_1})^2 = \frac{1}{4} ((3-3)^2 + (1-3)^2 + (5-3)^2 + (3-3)^2)
\]
\[
= \frac{1}{4} (0 + 4 + 4 + 0) = \frac{8}{4} = 2
\]

4. \( \text{Cov}(y_2, y_2) \):
\[
\text{Cov}(y_2, y_2) = \frac{1}{4} \sum_{i=1}^{4} (y_{2i} - \bar{y_2})^2 = \frac{1}{4} ((4-3.75)^2 + (5-3.75)^2 + (3-3.75)^2 + (3-3.75)^2)
\]
\[
= \frac{1}{4} ((0.25)^2 + (1.25)^2 + (-0.75)^2 + (-0.75)^2) = \frac{1}{4} (0.0625 + 1.5625 + 0.5625 + 0.5625) = \frac{2.75}{4} = 0.6875
\]

The covariance matrix \( Cov \) is:
\[
Cov = \begin{pmatrix} \text{Cov}(x_1, x_1) & \text{Cov}(x_1, x_2) \\ \text{Cov}(x_2, x_1) & \text{Cov}(x_2, x_2) \end{pmatrix} = \begin{pmatrix} 1.25 & 0 \\ 0 & 1.25 \end{pmatrix}
\]

The trace of the covariance matrix is the sum of the diagonal elements:
\[
\text{Trace}(Cov) = 1.25 + 1.25 = 2.5
\]

Thus, the trace of the covariance matrix \( Cov \) is \(\boxed{2.5}\).",False,,,,,[]
232,,"Let $X$ be uniformly distributed over $\{1, 2, \ldots, m\}$. Assume $m=2^n$ . We ask random questions: Is $X\in S_1$? Is $X\in S_2$? ... until only one integer remains. All $2^m$ subsets of $\{1, 2, \ldots, m\}$ are equally likely. Suppose we ask $n+\sqrt{n}$ random questions. Use Markov's inequality to find the probability of error (one or more wrong objects remaining) when $n$ goes to infinity?",0.0,"To solve this problem, we need to analyze the process of asking random questions to determine the value of \( X \), which is uniformly distributed over the set \(\{1, 2, \ldots, m\}\) where \( m = 2^n \).

We are given that we ask \( n + \sqrt{n} \) random questions, and we want to find the probability of error, which is the probability that more than one possible value for \( X \) remains after asking these questions.

Each question is a random subset of \(\{1, 2, \ldots, m\}\), and each question reduces the number of possible values for \( X \) by a factor of 2 on average. After asking \( k \) questions, the expected number of remaining possible values for \( X \) is \(\frac{m}{2^k}\).

In our case, \( m = 2^n \), so after asking \( n + \sqrt{n} \) questions, the expected number of remaining possible values is:
\[
\frac{2^n}{2^{n + \sqrt{n}}} = \frac{1}{2^{\sqrt{n}}}.
\]

We use Markov's inequality to bound the probability that the number of remaining possible values is greater than or equal to 2. Let \( Y \) be the number of remaining possible values for \( X \). Then:
\[
\mathbb{E}[Y] = \frac{1}{2^{\sqrt{n}}}.
\]

By Markov's inequality:
\[
\Pr(Y \geq 2) \leq \frac{\mathbb{E}[Y]}{2} = \frac{1}{2 \cdot 2^{\sqrt{n}}} = \frac{1}{2^{1 + \sqrt{n}}}.
\]

As \( n \to \infty \), \( 2^{1 + \sqrt{n}} \to \infty \), so the probability of error goes to 0. Therefore, the probability of error when \( n \) goes to infinity is:

\[
\boxed{0}
\]",True,,,,,[]
233,,what is the value of \sum_{n=0}^{\infty}(-1)^n \frac{1}{3 n+1}? Round the answer to the thousands decimal.,0.8356488482647211,"To solve the problem, we need to evaluate the infinite series:

\[
\sum_{n=0}^{\infty} (-1)^n \frac{1}{3n+1}
\]

This is an alternating series, and we can use the Alternating Series Test to determine its convergence. The test states that if the absolute value of the terms \( a_n = \frac{1}{3n+1} \) is decreasing and approaches zero as \( n \to \infty \), then the series converges.

1. **Check if \( a_n \) is decreasing:**

   The sequence \( a_n = \frac{1}{3n+1} \) is positive and decreases as \( n \) increases because the denominator \( 3n+1 \) increases.

2. **Check if \( a_n \to 0 \) as \( n \to \infty \):**

   \[
   \lim_{n \to \infty} \frac{1}{3n+1} = 0
   \]

Since both conditions of the Alternating Series Test are satisfied, the series converges.

To approximate the sum of the series, we can compute the partial sums and use the fact that the error in approximating an alternating series by its first \( N \) terms is less than or equal to the absolute value of the first omitted term.

Let's compute the first few terms of the series:

\[
S_0 = \frac{1}{1} = 1
\]

\[
S_1 = 1 - \frac{1}{4} = \frac{3}{4} = 0.75
\]

\[
S_2 = 0.75 + \frac{1}{7} \approx 0.75 + 0.142857 \approx 0.892857
\]

\[
S_3 = 0.892857 - \frac{1}{10} \approx 0.892857 - 0.1 = 0.792857
\]

\[
S_4 = 0.792857 + \frac{1}{13} \approx 0.792857 + 0.076923 \approx 0.869780
\]

\[
S_5 = 0.869780 - \frac{1}{16} \approx 0.869780 - 0.0625 = 0.807280
\]

\[
S_6 = 0.807280 + \frac{1}{19} \approx 0.807280 + 0.052632 = 0.859912
\]

\[
S_7 = 0.859912 - \frac{1}{22} \approx 0.859912 - 0.045455 = 0.814457
\]

\[
S_8 = 0.814457 + \frac{1}{25} \approx 0.814457 + 0.04 = 0.854457
\]

\[
S_9 = 0.854457 - \frac{1}{28} \approx 0.854457 - 0.035714 = 0.818743
\]

The series appears to be converging to a value around 0.82. To round to the thousandths decimal, we can use the approximation from the partial sums:

\[
S_9 \approx 0.818743
\]

Rounding to the thousandths place, the value of the series is approximately:

\[
\boxed{0.819}
\]",False,,,,,[]
234,,"Let I=[0,1]\times[0,1]. Suppose $E={(x, y) \in I: sin(x)<\frac{1}{2}, cos(x+y) is irrational}$, what is the Lebesgue measure of E?",0.5235987667,"To solve this problem, we need to determine the Lebesgue measure of the set \( E = \{ (x, y) \in [0,1] \times [0,1] : \sin(x) < \frac{1}{2}, \cos(x+y) \text{ is irrational} \} \).

First, consider the condition \(\sin(x) < \frac{1}{2}\). The sine function \(\sin(x)\) is less than \(\frac{1}{2}\) for \(x\) in the intervals \((0, \frac{\pi}{6})\) and \((\frac{5\pi}{6}, \pi)\) within the range \([0, \pi]\). However, since \(x\) is restricted to \([0, 1]\), we need to find the intersection of these intervals with \([0, 1]\).

- The interval \((0, \frac{\pi}{6})\) intersects with \([0, 1]\) as \((0, \frac{\pi}{6})\).
- The interval \((\frac{5\pi}{6}, \pi)\) intersects with \([0, 1]\) as \((\frac{5\pi}{6}, 1]\).

Thus, the set of \(x\) values for which \(\sin(x) < \frac{1}{2}\) is \( (0, \frac{\pi}{6}) \cup (\frac{5\pi}{6}, 1] \).

Next, consider the condition \(\cos(x+y)\) is irrational. The cosine function \(\cos(x+y)\) is irrational for almost all \(y\) given a fixed \(x\), because the set of rational numbers is countable and thus has Lebesgue measure zero. Therefore, for each fixed \(x\), the set of \(y\) such that \(\cos(x+y)\) is irrational has full measure in \([0, 1]\).

Now, we calculate the measure of the set of \(x\) values:
- The length of the interval \((0, \frac{\pi}{6})\) is \(\frac{\pi}{6} - 0 = \frac{\pi}{6}\).
- The length of the interval \((\frac{5\pi}{6}, 1]\) is \(1 - \frac{5\pi}{6} = 1 - \frac{5\pi}{6}\).

The total measure of the set of \(x\) values is:
\[
\frac{\pi}{6} + \left(1 - \frac{5\pi}{6}\right) = \frac{\pi}{6} + 1 - \frac{5\pi}{6} = 1 + \frac{\pi}{6} - \frac{5\pi}{6} = 1 + \frac{\pi - 5\pi}{6} = 1 - \frac{4\pi}{6} = 1 - \frac{2\pi}{3}.
\]

Since for each \(x\) in this set, the set of \(y\) such that \(\cos(x+y)\) is irrational has full measure in \([0, 1]\), the measure of \(E\) is the measure of the set of \(x\) values, which is:
\[
1 - \frac{2\pi}{3}.
\]

Thus, the Lebesgue measure of \(E\) is:
\[
1 - \frac{2\pi}{3}.
\]

Therefore, the Lebesgue measure of \(E\) is \(1 - \frac{2\pi}{3}\).",False,,,,,[]
235,,"A court is investigating the possible occurrence of an unlikely event T. The reliability of two independent witnesses called Alf and Bob is known to the court: Alf tells the truth with probability \alpha and Bob with probability \beta, and there is no collusion between the two of them. Let A and B be the events that Alf and Bob assert (respectively) that T occurred, and let \tau=P(T). What is the probability that T occurred given that both Alf and Bob declare that T occurred? Suppose \alpha=\beta=9/10 and \tau=1/1000. Return the answer up to the thousands decimal.",0.075,"To solve this problem, we need to use Bayes' theorem to find the probability that event T occurred given that both Alf and Bob assert that T occurred. We are given:

- \(\alpha = \beta = \frac{9}{10}\), which are the probabilities that Alf and Bob tell the truth, respectively.
- \(\tau = P(T) = \frac{1}{1000}\), which is the prior probability that event T occurred.

We need to find \(P(T \mid A \cap B)\), the probability that T occurred given that both Alf and Bob assert that T occurred.

Using Bayes' theorem, we have:

\[
P(T \mid A \cap B) = \frac{P(A \cap B \mid T) \cdot P(T)}{P(A \cap B)}
\]

First, calculate \(P(A \cap B \mid T)\), the probability that both Alf and Bob assert T occurred given that T actually occurred. Since Alf and Bob are independent:

\[
P(A \cap B \mid T) = P(A \mid T) \cdot P(B \mid T) = \alpha \cdot \beta = \frac{9}{10} \cdot \frac{9}{10} = \frac{81}{100}
\]

Next, calculate \(P(A \cap B)\), the probability that both Alf and Bob assert T occurred. This can be found using the law of total probability:

\[
P(A \cap B) = P(A \cap B \mid T) \cdot P(T) + P(A \cap B \mid \neg T) \cdot P(\neg T)
\]

Where \(P(\neg T) = 1 - P(T) = 1 - \frac{1}{1000} = \frac{999}{1000}\).

Now, calculate \(P(A \cap B \mid \neg T)\), the probability that both Alf and Bob assert T occurred given that T did not occur. Since they are independent and both lie with probability \(1 - \alpha = \frac{1}{10}\):

\[
P(A \cap B \mid \neg T) = P(A \mid \neg T) \cdot P(B \mid \neg T) = \left(\frac{1}{10}\right) \cdot \left(\frac{1}{10}\right) = \frac{1}{100}
\]

Substitute these into the equation for \(P(A \cap B)\):

\[
P(A \cap B) = \left(\frac{81}{100}\right) \cdot \left(\frac{1}{1000}\right) + \left(\frac{1}{100}\right) \cdot \left(\frac{999}{1000}\right)
\]

\[
P(A \cap B) = \frac{81}{100000} + \frac{999}{100000} = \frac{1080}{100000} = \frac{108}{10000}
\]

Finally, substitute back into Bayes' theorem:

\[
P(T \mid A \cap B) = \frac{\frac{81}{100} \cdot \frac{1}{1000}}{\frac{108}{10000}}
\]

\[
P(T \mid A \cap B) = \frac{\frac{81}{100000}}{\frac{108}{10000}} = \frac{81 \cdot 10000}{108 \cdot 100000} = \frac{81}{1080}
\]

Simplify \(\frac{81}{1080}\):

\[
\frac{81}{1080} = \frac{3}{40}
\]

Thus, the probability that T occurred given that both Alf and Bob declare that T occurred is:

\[
\boxed{0.075}
\]",True,,,,,[]
237,,"Sir Lancelot, who weighs 800 N, is assaulting a castle by climbing a uniform ladder that is 5.0 m long and weighs 180 N. The bottom of the ladder rests on a ledge and leans across the moat in equilibrium against a frictionless, vertical castle wall. The ladder makes an angle of with the horizontal. Lancelot pauses onethird of the way up the ladder.  Find the magnitude of the contact force on the base of the ladder. (Unit: N)",1020,"To solve this problem, we need to analyze the forces acting on the ladder and apply the principles of static equilibrium. The ladder is in equilibrium, so the sum of the forces and the sum of the torques (moments) acting on it must be zero.

Let's denote:
- \( F_b \) as the contact force at the base of the ladder.
- \( F_w \) as the normal force exerted by the wall on the ladder.
- \( \theta \) as the angle the ladder makes with the horizontal.
- \( d \) as the distance from the base of the ladder to where Sir Lancelot is standing, which is \(\frac{1}{3} \times 5.0 \, \text{m} = \frac{5}{3} \, \text{m}\).

The forces acting on the ladder are:
1. The weight of the ladder, \( W_l = 180 \, \text{N} \), acting at its center of gravity, which is at the midpoint of the ladder (2.5 m from the base).
2. The weight of Sir Lancelot, \( W_s = 800 \, \text{N} \), acting at \(\frac{5}{3} \, \text{m}\) from the base.
3. The normal force \( F_w \) exerted by the wall, acting horizontally at the top of the ladder.
4. The contact force \( F_b \) at the base, which has a vertical component \( F_{bv} \) and a horizontal component \( F_{bh} \).

For equilibrium:
- The sum of vertical forces must be zero:
  \[
  F_{bv} = W_l + W_s = 180 \, \text{N} + 800 \, \text{N} = 980 \, \text{N}
  \]

- The sum of horizontal forces must be zero:
  \[
  F_{bh} = F_w
  \]

- The sum of torques about the base of the ladder must be zero. Taking torques about the base:
  \[
  W_l \cdot 2.5 \cdot \cos(\theta) + W_s \cdot \frac{5}{3} \cdot \cos(\theta) = F_w \cdot 5 \cdot \sin(\theta)
  \]

  Simplifying:
  \[
  180 \cdot 2.5 + 800 \cdot \frac{5}{3} = F_w \cdot 5
  \]

  \[
  450 + \frac{4000}{3} = 5F_w
  \]

  \[
  450 + 1333.33 = 5F_w
  \]

  \[
  1783.33 = 5F_w
  \]

  \[
  F_w = \frac{1783.33}{5} = 356.67 \, \text{N}
  \]

Thus, the horizontal component of the contact force at the base is \( F_{bh} = F_w = 356.67 \, \text{N} \).

The magnitude of the contact force at the base is given by:
\[
F_b = \sqrt{F_{bv}^2 + F_{bh}^2}
\]

\[
F_b = \sqrt{980^2 + 356.67^2}
\]

\[
F_b = \sqrt{960400 + 127200.89}
\]

\[
F_b = \sqrt{1087600.89}
\]

\[
F_b \approx 1043.36 \, \text{N}
\]

Therefore, the magnitude of the contact force on the base of the ladder is approximately \( \boxed{1043} \, \text{N} \).",False,,,,,[]
238,,Suppose g(x) is the horizontal asymptote of function f(x) = (3^x)/(1+3^{-x}). What are possible values of g(2023)?,0,,False,,,,,[]
239,,"Find the arc length of y = (1/4)x^4 over the interval [1,2] using the Trapezoidal Rule T_5.",3.958,"To find the arc length of the curve \( y = \frac{1}{4}x^4 \) over the interval \([1, 2]\), we use the formula for arc length:

\[
L = \int_{a}^{b} \sqrt{1 + \left( \frac{dy}{dx} \right)^2} \, dx
\]

First, we find the derivative \(\frac{dy}{dx}\):

\[
y = \frac{1}{4}x^4 \implies \frac{dy}{dx} = x^3
\]

Thus, the arc length formula becomes:

\[
L = \int_{1}^{2} \sqrt{1 + (x^3)^2} \, dx = \int_{1}^{2} \sqrt{1 + x^6} \, dx
\]

We approximate this integral using the Trapezoidal Rule with \( n = 5 \) subintervals. The interval \([1, 2]\) is divided into 5 equal parts, so the width of each subinterval is:

\[
\Delta x = \frac{2 - 1}{5} = 0.2
\]

The x-values at which we evaluate the function are:

\[
x_0 = 1, \quad x_1 = 1.2, \quad x_2 = 1.4, \quad x_3 = 1.6, \quad x_4 = 1.8, \quad x_5 = 2
\]

The Trapezoidal Rule is given by:

\[
T_n = \frac{\Delta x}{2} \left( f(x_0) + 2f(x_1) + 2f(x_2) + 2f(x_3) + 2f(x_4) + f(x_5) \right)
\]

where \( f(x) = \sqrt{1 + x^6} \).

Calculate \( f(x) \) at each point:

\[
f(x_0) = \sqrt{1 + 1^6} = \sqrt{2}
\]
\[
f(x_1) = \sqrt{1 + 1.2^6} = \sqrt{1 + 2.985984} \approx \sqrt{3.985984}
\]
\[
f(x_2) = \sqrt{1 + 1.4^6} = \sqrt{1 + 7.529536} \approx \sqrt{8.529536}
\]
\[
f(x_3) = \sqrt{1 + 1.6^6} = \sqrt{1 + 16.777216} \approx \sqrt{17.777216}
\]
\[
f(x_4) = \sqrt{1 + 1.8^6} = \sqrt{1 + 34.012224} \approx \sqrt{35.012224}
\]
\[
f(x_5) = \sqrt{1 + 2^6} = \sqrt{1 + 64} = \sqrt{65}
\]

Now, substitute these into the Trapezoidal Rule formula:

\[
T_5 = \frac{0.2}{2} \left( \sqrt{2} + 2\sqrt{3.985984} + 2\sqrt{8.529536} + 2\sqrt{17.777216} + 2\sqrt{35.012224} + \sqrt{65} \right)
\]

Calculate each term:

\[
\sqrt{2} \approx 1.414214
\]
\[
2\sqrt{3.985984} \approx 2 \times 1.996493 \approx 3.992986
\]
\[
2\sqrt{8.529536} \approx 2 \times 2.920616 \approx 5.841232
\]
\[
2\sqrt{17.777216} \approx 2 \times 4.215447 \approx 8.430894
\]
\[
2\sqrt{35.012224} \approx 2 \times 5.916079 \approx 11.832158
\]
\[
\sqrt{65} \approx 8.062258
\]

Add these values:

\[
1.414214 + 3.992986 + 5.841232 + 8.430894 + 11.832158 + 8.062258 = 39.573742
\]

Finally, multiply by \(\frac{0.2}{2} = 0.1\):

\[
T_5 = 0.1 \times 39.573742 = 3.9573742
\]

Thus, the approximate arc length of the curve over the interval \([1, 2]\) using the Trapezoidal Rule with 5 subintervals is:

\[
\boxed{3.957}
\]",True,,,,,[]
240,,"In how many ways can we form a 7-digit number using the digits 1, 2, 2, 3, 3, 3, 3?",105,"To determine the number of ways to form a 7-digit number using the digits 1, 2, 2, 3, 3, 3, 3, we need to calculate the number of distinct permutations of these digits.

The total number of digits is 7. If all the digits were distinct, the number of permutations would be \(7!\). However, since there are repeated digits, we must divide by the factorials of the counts of each repeated digit to avoid overcounting.

The digit 2 is repeated 2 times, and the digit 3 is repeated 4 times. Therefore, the number of distinct permutations is given by:

\[
\frac{7!}{2! \times 4!}
\]

Calculating each factorial:

- \(7! = 7 \times 6 \times 5 \times 4 \times 3 \times 2 \times 1 = 5040\)
- \(2! = 2 \times 1 = 2\)
- \(4! = 4 \times 3 \times 2 \times 1 = 24\)

Substituting these values into the formula gives:

\[
\frac{5040}{2 \times 24} = \frac{5040}{48} = 105
\]

Thus, there are \(\boxed{105}\) distinct ways to form a 7-digit number using the digits 1, 2, 2, 3, 3, 3, 3.",False,,,,,[]
241,,"In triangle RST, X is located on the side RS, Y is located on the side RT, Z is located on the side ST, and XY and XZ are midsegments of △RST. If the length of side XY is 7, the length of side RT is 13, and the measure of angle YXZ is 124°, what is the measure of ange RYX?",124,"In triangle RST, XY and XZ are midsegments. A midsegment in a triangle is a segment that connects the midpoints of two sides of the triangle. The properties of midsegments tell us that a midsegment is parallel to the third side of the triangle and its length is half the length of that side.

Given that XY is a midsegment and its length is 7, it is parallel to side ST and half its length. Therefore, the length of side ST is 2 * 7 = 14.

Similarly, XZ is a midsegment parallel to side RT. Since the length of side RT is given as 13, the length of XZ is half of that, which is 13 / 2 = 6.5.

We are given that the measure of angle YXZ is 124°. Since XY and XZ are midsegments, triangle XYZ is similar to triangle RST by the Midsegment Theorem, and the angles of triangle XYZ correspond to the angles of triangle RST.

Since XY is parallel to ST, angle YXZ corresponds to angle RST. Therefore, angle RST is also 124°.

Now, we need to find the measure of angle RYX. Since triangle XYZ is similar to triangle RST, angle RYX corresponds to angle RTS in triangle RST.

In triangle RST, the sum of the angles is 180°. We have:

Angle RST = 124°
Angle RTS = Angle RYX (since they correspond)
Angle SRT = 180° - Angle RST - Angle RTS

Since angle RST is 124°, we have:

Angle RTS + Angle SRT = 180° - 124° = 56°

Since angle RTS corresponds to angle RYX, we have:

Angle RYX = 56°

Therefore, the measure of angle RYX is 56°.

56",False,,,,,[]
242,,"Let G_n(s) be the probability generating function of the size Z_n of the n-th generation of a branching process, where Z_0=1 and var(Z_1)>0. Let H_n be the inverse function of the function G_n, viewed as a function on the interval [0, 1].  Is M_n= {H_n(s)}^{Z_n} defines a martingale with respect to the sequence Z? Return 1 for yes and 0 for no.",1.0,"To determine whether \( M_n = \{ H_n(s) \}^{Z_n} \) defines a martingale with respect to the sequence \( Z \), we need to check if the expected value of \( M_{n+1} \) given \( Z_n \) is equal to \( M_n \).

A martingale \( M_n \) with respect to a sequence \( Z_n \) satisfies the condition:
\[
E[M_{n+1} \mid Z_n] = M_n
\]

Given:
- \( M_n = \{ H_n(s) \}^{Z_n} \)
- \( G_n(s) \) is the probability generating function of the size \( Z_n \)
- \( H_n \) is the inverse function of \( G_n \)

The key property of a martingale in the context of branching processes is that the expected size of the next generation given the current generation is equal to the current size. However, the function \( H_n(s) \) being the inverse of the probability generating function \( G_n(s) \) does not directly imply that \( \{ H_n(s) \}^{Z_n} \) will satisfy the martingale property.

The martingale property would require that:
\[
E[\{ H_{n+1}(s) \}^{Z_{n+1}} \mid Z_n] = \{ H_n(s) \}^{Z_n}
\]

However, without additional specific properties of \( H_n(s) \) and the branching process, we cannot conclude that this condition holds. The inverse function \( H_n \) does not inherently satisfy the martingale condition for the given expression.

Therefore, the answer is:

0",False,,,,,[]
244,,"suppose sequence x_n satisfies x_n*x_{n+1}=n for all n>=1, and $\lim_{n\rightarrow\infty}\frac{x_n}{x_{n+1}}=1$. What's the value of $\pi*x_1^2$?",2.0,"To solve the problem, we need to analyze the given sequence \( x_n \) which satisfies the relation:

\[
x_n \cdot x_{n+1} = n
\]

for all \( n \geq 1 \). Additionally, we are given that:

\[
\lim_{n \to \infty} \frac{x_n}{x_{n+1}} = 1
\]

First, let's express \( x_{n+1} \) in terms of \( x_n \):

\[
x_{n+1} = \frac{n}{x_n}
\]

Substituting this into the limit condition, we have:

\[
\lim_{n \to \infty} \frac{x_n}{x_{n+1}} = \lim_{n \to \infty} \frac{x_n}{\frac{n}{x_n}} = \lim_{n \to \infty} \frac{x_n^2}{n} = 1
\]

This implies:

\[
\lim_{n \to \infty} x_n^2 = n
\]

Thus, for large \( n \), \( x_n \approx \sqrt{n} \).

Now, let's find \( x_1 \). From the relation \( x_n \cdot x_{n+1} = n \), for \( n = 1 \), we have:

\[
x_1 \cdot x_2 = 1
\]

For \( n = 2 \):

\[
x_2 \cdot x_3 = 2
\]

Substituting \( x_2 = \frac{1}{x_1} \) from the first equation into the second equation:

\[
\frac{1}{x_1} \cdot x_3 = 2 \quad \Rightarrow \quad x_3 = 2x_1
\]

For \( n = 3 \):

\[
x_3 \cdot x_4 = 3 \quad \Rightarrow \quad (2x_1) \cdot x_4 = 3 \quad \Rightarrow \quad x_4 = \frac{3}{2x_1}
\]

For \( n = 4 \):

\[
x_4 \cdot x_5 = 4 \quad \Rightarrow \quad \left(\frac{3}{2x_1}\right) \cdot x_5 = 4 \quad \Rightarrow \quad x_5 = \frac{8x_1}{3}
\]

We observe a pattern in the sequence, and we can continue this process to find that:

\[
x_1 = \frac{1}{\sqrt{2}}
\]

This is consistent with the limit condition \( \lim_{n \to \infty} x_n^2 = n \).

Finally, we need to find the value of \( \pi \cdot x_1^2 \):

\[
x_1^2 = \left(\frac{1}{\sqrt{2}}\right)^2 = \frac{1}{2}
\]

Thus:

\[
\pi \cdot x_1^2 = \pi \cdot \frac{1}{2} = \frac{\pi}{2}
\]

Therefore, the value of \( \pi \cdot x_1^2 \) is:

\[
\boxed{\frac{\pi}{2}}
\]",True,,,,,[]
245,,"For a two-period binomial model for stock prices, you are given: (i) Each period is 6 months. (ii) The current price for a nondividend-paying stock is $70.00. (iii) u =1.181, where u is one plus the rate of capital gain on the stock per period if the price goes up. (iv) d = 0.890 , where d is one plus the rate of capital loss on the stock per period if the price goes down. (v) The continuously compounded risk-free interest rate is 5%. What is the current price of a one-year American put option on the stock with a strike price of $80.00.",10.75,"To solve this problem, we need to calculate the price of a one-year American put option using a two-period binomial model. The given parameters are:

- Current stock price, \( S_0 = 70 \)
- Up factor, \( u = 1.181 \)
- Down factor, \( d = 0.890 \)
- Risk-free interest rate, \( r = 5\% \) per annum, continuously compounded
- Strike price, \( K = 80 \)

First, we calculate the stock prices at the end of each period:

1. **Stock prices at the end of the first period:**
   - If the stock goes up: \( S_{u} = S_0 \times u = 70 \times 1.181 = 82.67 \)
   - If the stock goes down: \( S_{d} = S_0 \times d = 70 \times 0.890 = 62.30 \)

2. **Stock prices at the end of the second period:**
   - If the stock goes up twice: \( S_{uu} = S_{u} \times u = 82.67 \times 1.181 = 97.60 \)
   - If the stock goes up then down: \( S_{ud} = S_{u} \times d = 82.67 \times 0.890 = 73.57 \)
   - If the stock goes down then up: \( S_{du} = S_{d} \times u = 62.30 \times 1.181 = 73.57 \)
   - If the stock goes down twice: \( S_{dd} = S_{d} \times d = 62.30 \times 0.890 = 55.45 \)

Next, we calculate the option payoffs at the end of the second period:

- Payoff if the stock goes up twice: \( P_{uu} = \max(0, K - S_{uu}) = \max(0, 80 - 97.60) = 0 \)
- Payoff if the stock goes up then down (or down then up): \( P_{ud} = P_{du} = \max(0, 80 - 73.57) = 6.43 \)
- Payoff if the stock goes down twice: \( P_{dd} = \max(0, 80 - 55.45) = 24.55 \)

Now, we calculate the risk-neutral probabilities. The risk-neutral probability \( p \) is given by:

\[
p = \frac{e^{rT} - d}{u - d}
\]

where \( T = 0.5 \) years (6 months per period), and \( r = 0.05 \).

\[
e^{rT} = e^{0.05 \times 0.5} = e^{0.025} \approx 1.0253
\]

\[
p = \frac{1.0253 - 0.890}{1.181 - 0.890} = \frac{0.1353}{0.291} \approx 0.465
\]

The probability of a down move is \( 1 - p = 0.535 \).

Next, we calculate the expected option price at the end of the first period and discount it back to the present value:

1. **Option price at the end of the first period if the stock goes up:**

\[
P_u = e^{-rT} \times (p \times P_{uu} + (1-p) \times P_{ud})
\]

\[
P_u = e^{-0.025} \times (0.465 \times 0 + 0.535 \times 6.43) = e^{-0.025} \times 3.44 \approx 3.36
\]

2. **Option price at the end of the first period if the stock goes down:**

\[
P_d = e^{-rT} \times (p \times P_{du} + (1-p) \times P_{dd})
\]

\[
P_d = e^{-0.025} \times (0.465 \times 6.43 + 0.535 \times 24.55) = e^{-0.025} \times 16.16 \approx 15.76
\]

Finally, we calculate the current option price:

\[
P_0 = e^{-rT} \times (p \times P_u + (1-p) \times P_d)
\]

\[
P_0 = e^{-0.025} \times (0.465 \times 3.36 + 0.535 \times 15.76) = e^{-0.025} \times 10.06 \approx 9.81
\]

Therefore, the current price of the one-year American put option is approximately \(\boxed{9.81}\).",False,,,,,[]
249,,In how many ways can a committee of 2 men and 3 women be selected from a group of 6 men and 8 women?,840,"To solve this problem, we need to determine the number of ways to select 2 men from a group of 6 men and 3 women from a group of 8 women.

First, calculate the number of ways to choose 2 men from 6 men. This is a combination problem, which can be calculated using the combination formula:

\[
\binom{n}{r} = \frac{n!}{r!(n-r)!}
\]

For choosing 2 men from 6:

\[
\binom{6}{2} = \frac{6!}{2!(6-2)!} = \frac{6 \times 5}{2 \times 1} = 15
\]

Next, calculate the number of ways to choose 3 women from 8 women:

\[
\binom{8}{3} = \frac{8!}{3!(8-3)!} = \frac{8 \times 7 \times 6}{3 \times 2 \times 1} = 56
\]

Finally, multiply the number of ways to choose the men by the number of ways to choose the women to find the total number of ways to form the committee:

\[
15 \times 56 = 840
\]

Therefore, there are \(\boxed{840}\) ways to select a committee of 2 men and 3 women from a group of 6 men and 8 women.",False,,,,,[]
250,,"Suppose the demand curve for oPads is given by $p=\frac{500-x}{10}, What is the elasticity value of this demand function.",-1.5,"To find the elasticity of the demand function, we need to calculate the price elasticity of demand, which is given by the formula:

\[ E = \frac{dQ}{dP} \times \frac{P}{Q} \]

where \( Q \) is the quantity demanded, \( P \) is the price, and \( \frac{dQ}{dP} \) is the derivative of the demand function with respect to price.

First, we need to express the demand function in terms of \( Q \) (or \( x \) in this case) as a function of \( P \). The given demand curve is:

\[ p = \frac{500 - x}{10} \]

Solving for \( x \) in terms of \( p \):

\[ 10p = 500 - x \]
\[ x = 500 - 10p \]

Now, \( x \) is the quantity demanded, so we have:

\[ Q = 500 - 10P \]

Next, we find the derivative of \( Q \) with respect to \( P \):

\[ \frac{dQ}{dP} = \frac{d}{dP}(500 - 10P) = -10 \]

Now, substitute \( \frac{dQ}{dP} \), \( P \), and \( Q \) into the elasticity formula:

\[ E = (-10) \times \frac{P}{500 - 10P} \]

The elasticity value depends on the specific value of \( P \). However, the elasticity formula itself is:

\[ E = -10 \times \frac{P}{500 - 10P} \]

This is the expression for the elasticity of the demand function. If you need a specific elasticity value, you would need to substitute a specific price \( P \) into this formula.",False,,,,,[]
251,,"The perfectly competitive videotape-copying industry is composed of many firms that can copy five tapes per day at an average cost of $10 per tape. Each firm must also pay a royalty to film studios, and the per-film royalty rate (r) is an increasing function of total industry output (Q): r = 0.002Q. Demand is given by Q = D(P) = 1,050 - 50P. Assuming the industry is in long-run equilibrium, what will be the equilibrium price of copied tapes?",11,"To find the equilibrium price of copied tapes in a perfectly competitive market, we need to determine the price at which the quantity supplied equals the quantity demanded, and where firms are making zero economic profit in the long run.

1. **Determine the Supply Side:**
   - Each firm can copy 5 tapes per day at an average cost of $10 per tape.
   - The total cost per tape includes the average cost and the royalty rate: \( \text{Total Cost per Tape} = 10 + r \).
   - The royalty rate is given by \( r = 0.002Q \).

2. **Long-Run Equilibrium Condition:**
   - In long-run equilibrium, firms make zero economic profit, meaning the price \( P \) must equal the total cost per tape.
   - Therefore, \( P = 10 + 0.002Q \).

3. **Demand Side:**
   - The demand function is given by \( Q = 1,050 - 50P \).

4. **Equilibrium Condition:**
   - Set the supply price equal to the demand price: \( P = 10 + 0.002Q \) and \( Q = 1,050 - 50P \).

5. **Solve the Equations:**
   - Substitute \( P = 10 + 0.002Q \) into the demand equation:
     \[
     Q = 1,050 - 50(10 + 0.002Q)
     \]
   - Simplify:
     \[
     Q = 1,050 - 500 - 0.1Q
     \]
     \[
     Q + 0.1Q = 550
     \]
     \[
     1.1Q = 550
     \]
     \[
     Q = \frac{550}{1.1} = 500
     \]

6. **Find the Equilibrium Price:**
   - Substitute \( Q = 500 \) back into the supply price equation:
     \[
     P = 10 + 0.002 \times 500
     \]
     \[
     P = 10 + 1 = 11
     \]

The equilibrium price of copied tapes is \(\boxed{11}\).",False,,,,,[]
252,,A monopolist can produce at constant average and marginal costs of AC = MC = 5. The firm faces a market demand curve given by Q = 53 - P. Calculate the consumer surplus obtained by consumers under perfect competition (where price = marginal cost)?,1152,"To calculate the consumer surplus under perfect competition, we first need to determine the equilibrium price and quantity where price equals marginal cost (P = MC).

Given:
- Marginal Cost (MC) = 5
- Demand curve: Q = 53 - P

Under perfect competition, the price (P) is equal to the marginal cost (MC). Therefore, we set P = 5.

Substitute P = 5 into the demand equation to find the equilibrium quantity (Q):

\[ Q = 53 - P \]
\[ Q = 53 - 5 \]
\[ Q = 48 \]

Now, we calculate the consumer surplus. Consumer surplus is the area of the triangle formed between the demand curve and the price level (P = 5) up to the equilibrium quantity (Q = 48).

The demand curve intercepts the price axis (P) when Q = 0. Set Q = 0 in the demand equation to find the intercept:

\[ 0 = 53 - P \]
\[ P = 53 \]

The consumer surplus is the area of the triangle with:
- Base = equilibrium quantity = 48
- Height = difference between the maximum price consumers are willing to pay (P = 53) and the price they actually pay (P = 5)

Height of the triangle = 53 - 5 = 48

The formula for the area of a triangle is:

\[ \text{Area} = \frac{1}{2} \times \text{Base} \times \text{Height} \]

Substitute the values:

\[ \text{Consumer Surplus} = \frac{1}{2} \times 48 \times 48 \]
\[ \text{Consumer Surplus} = \frac{1}{2} \times 2304 \]
\[ \text{Consumer Surplus} = 1152 \]

Therefore, the consumer surplus obtained by consumers under perfect competition is 1152.",True,,,,,[]
253,,"Your company has just written one million units of a one-year European asset-or-nothing put option on an equity index fund. The equity index fund is currently trading at 1000. It pays dividends continuously at a rate proportional to its price; the dividend yield is 2%. It has a volatility of 20%. The option’s payoff will be made only if the equity index fund is down by more than 40% at the end of one year. The continuously compounded risk-free interest rate is 2.5% Using the Black-Scholes model, determine the price of the asset-or-nothing put options. Give the answer in millions.",3.6,"To solve this problem, we need to use the Black-Scholes model for pricing an asset-or-nothing put option. The payoff of an asset-or-nothing put option is the asset price if the option is in-the-money at expiration, otherwise, it is zero.

Given:
- Current price of the equity index fund, \( S_0 = 1000 \)
- Dividend yield, \( q = 2\% = 0.02 \)
- Volatility, \( \sigma = 20\% = 0.20 \)
- Risk-free interest rate, \( r = 2.5\% = 0.025 \)
- Strike price, \( K = 1000 \times (1 - 0.40) = 600 \)
- Time to expiration, \( T = 1 \) year

The Black-Scholes formula for an asset-or-nothing put option is given by:

\[ P = S_0 e^{-qT} N(-d_2) \]

where \( d_2 \) is calculated as:

\[ d_2 = \frac{\ln\left(\frac{S_0}{K}\right) + \left(r - q - \frac{\sigma^2}{2}\right)T}{\sigma \sqrt{T}} \]

Substituting the given values:

\[ d_2 = \frac{\ln\left(\frac{1000}{600}\right) + \left(0.025 - 0.02 - \frac{0.20^2}{2}\right) \times 1}{0.20 \times \sqrt{1}} \]

\[ d_2 = \frac{\ln(1.6667) + (0.025 - 0.02 - 0.02)}{0.20} \]

\[ d_2 = \frac{0.5108 - 0.015}{0.20} \]

\[ d_2 = \frac{0.4958}{0.20} \]

\[ d_2 = 2.479 \]

Next, we find \( N(-d_2) \), which is the cumulative distribution function of the standard normal distribution evaluated at \(-d_2\).

Using standard normal distribution tables or a calculator:

\[ N(-d_2) = N(-2.479) \approx 0.0066 \]

Now, calculate the price of the asset-or-nothing put option:

\[ P = 1000 \times e^{-0.02 \times 1} \times 0.0066 \]

\[ P = 1000 \times 0.9802 \times 0.0066 \]

\[ P = 6.468 \]

Since the company has written one million units of the option, the total price in millions is:

\[ \text{Total Price} = 6.468 \times 1,000,000 = 6.468 \text{ million} \]

Therefore, the price of the asset-or-nothing put options is approximately \( \boxed{6.468} \) million.",False,,,,,[]
254,,"Consider a forward contract on a 4-year bond with maturity 1 year. The current value of the bond is $1018.86, it has a face value of $1000 and a coupon rate of 10% per annum. A coupon has just been paid on the bond and further coupons will be paid after 6 months and after 1 year, just prior to delivery. Interest rates for 1 year out are flat at 8%. Compute the forward price of the bond.",999.998976,"To compute the forward price of the bond, we need to consider the present value of the bond's cash flows and the interest rate environment. The bond has a face value of $1000 and a coupon rate of 10%, which means it pays $100 annually in coupons. Since a coupon has just been paid, the next coupon payments will be $50 in 6 months and $50 in 1 year.

The forward price of the bond is calculated by taking the current price of the bond, subtracting the present value of the coupons that will be paid before the delivery date, and then compounding the result at the risk-free rate to the delivery date.

1. **Calculate the present value of the coupon payments:**

   - The coupon payment in 6 months is $50. The present value of this coupon is calculated using the formula for present value:
     \[
     PV = \frac{C}{(1 + r)^t}
     \]
     where \( C = 50 \), \( r = 0.08/2 = 0.04 \) (since the rate is annual, we use half for 6 months), and \( t = 0.5 \).
     \[
     PV_{6\text{ months}} = \frac{50}{(1 + 0.04)^{0.5}} \approx 48.78
     \]

   - The coupon payment in 1 year is $50. The present value of this coupon is:
     \[
     PV_{1\text{ year}} = \frac{50}{(1 + 0.08)^1} = \frac{50}{1.08} \approx 46.30
     \]

2. **Calculate the present value of the bond's cash flows:**

   The present value of the bond's cash flows is the sum of the present values of the coupon payments:
   \[
   PV_{\text{coupons}} = 48.78 + 46.30 = 95.08
   \]

3. **Calculate the adjusted current bond price:**

   Subtract the present value of the coupons from the current bond price:
   \[
   \text{Adjusted Price} = 1018.86 - 95.08 = 923.78
   \]

4. **Calculate the forward price:**

   The forward price is the adjusted price compounded at the risk-free rate for 1 year:
   \[
   \text{Forward Price} = 923.78 \times (1 + 0.08)^1 = 923.78 \times 1.08 = 997.68
   \]

Therefore, the forward price of the bond is \(\boxed{997.68}\).",True,,,,,[]
258,,Given the following equation: x^4 - x - 10 = 0. determine the initial approximations for finding the smallest positive root. Use these to find the root correct to three decimal places with Secant method.,1.856,"To solve the equation \( x^4 - x - 10 = 0 \) using the Secant method, we first need to find two initial approximations for the smallest positive root. 

### Step 1: Initial Approximations
We start by evaluating the function \( f(x) = x^4 - x - 10 \) at some values to find two initial guesses where the function changes sign.

- \( f(1) = 1^4 - 1 - 10 = 1 - 1 - 10 = -10 \)
- \( f(2) = 2^4 - 2 - 10 = 16 - 2 - 10 = 4 \)

Since \( f(1) < 0 \) and \( f(2) > 0 \), there is a root between \( x = 1 \) and \( x = 2 \).

### Step 2: Secant Method
The Secant method formula is:
\[
x_{n+1} = x_n - f(x_n) \cdot \frac{x_n - x_{n-1}}{f(x_n) - f(x_{n-1})}
\]

Let's denote:
- \( x_0 = 1 \)
- \( x_1 = 2 \)

We will iterate using the Secant method until the root is accurate to three decimal places.

#### Iteration 1:
- \( f(x_0) = f(1) = -10 \)
- \( f(x_1) = f(2) = 4 \)

Calculate \( x_2 \):
\[
x_2 = x_1 - f(x_1) \cdot \frac{x_1 - x_0}{f(x_1) - f(x_0)} = 2 - 4 \cdot \frac{2 - 1}{4 - (-10)} = 2 - 4 \cdot \frac{1}{14} = 2 - \frac{4}{14} = 2 - \frac{2}{7} \approx 1.714
\]

#### Iteration 2:
- \( f(x_2) = f(1.714) = (1.714)^4 - 1.714 - 10 \approx 8.622 - 1.714 - 10 \approx -3.092 \)

Now use \( x_1 = 2 \) and \( x_2 = 1.714 \) to find \( x_3 \):
\[
x_3 = x_2 - f(x_2) \cdot \frac{x_2 - x_1}{f(x_2) - f(x_1)} = 1.714 - (-3.092) \cdot \frac{1.714 - 2}{-3.092 - 4}
\]
\[
x_3 = 1.714 + 3.092 \cdot \frac{-0.286}{-7.092} \approx 1.714 + 0.124 \approx 1.838
\]

#### Iteration 3:
- \( f(x_3) = f(1.838) = (1.838)^4 - 1.838 - 10 \approx 11.367 - 1.838 - 10 \approx -0.471 \)

Now use \( x_2 = 1.714 \) and \( x_3 = 1.838 \) to find \( x_4 \):
\[
x_4 = x_3 - f(x_3) \cdot \frac{x_3 - x_2}{f(x_3) - f(x_2)} = 1.838 - (-0.471) \cdot \frac{1.838 - 1.714}{-0.471 - (-3.092)}
\]
\[
x_4 = 1.838 + 0.471 \cdot \frac{0.124}{2.621} \approx 1.838 + 0.022 \approx 1.860
\]

#### Iteration 4:
- \( f(x_4) = f(1.860) = (1.860)^4 - 1.860 - 10 \approx 11.976 - 1.860 - 10 \approx 0.116 \)

Now use \( x_3 = 1.838 \) and \( x_4 = 1.860 \) to find \( x_5 \):
\[
x_5 = x_4 - f(x_4) \cdot \frac{x_4 - x_3}{f(x_4) - f(x_3)} = 1.860 - 0.116 \cdot \frac{1.860 - 1.838}{0.116 - (-0.471)}
\]
\[
x_5 = 1.860 - 0.116 \cdot \frac{0.022}{0.587} \approx 1.860 - 0.004 \approx 1.856
\]

#### Iteration 5:
- \( f(x_5) = f(1.856) = (1.856)^4 - 1.856 - 10 \approx 11.878 - 1.856 - 10 \approx 0.022 \)

Now use \( x_4 = 1.860 \) and \( x_5 = 1.856 \) to find \( x_6 \):
\[
x_6 = x_5 - f(x_5) \cdot \frac{x_5 - x_4}{f(x_5) - f(x_4)} = 1.856 - 0.022 \cdot \frac{1.856 - 1.860}{0.022 - 0.116}
\]
\[
x_6 = 1.856 + 0.022 \cdot \frac{-0.004}{-0.094} \approx 1.856 + 0.001 \approx 1.857
\]

The root is approximately \( x \approx 1.857 \) to three decimal places.",True,,,,,[]
259,,"While riding a multispeed bicycle, the rider can select the radius of the rear sprocket that is fixed to the rear axle. The front sprocket of a bicycle has radius 12.0 cm. If the angular speed of the front sprocket is 0.6 rev/s, what is the radius (in cm) of the rear sprocket for which the tangential speed of a point on the rim of the rear wheel will be 5 m/s? The rear wheel has radius 0.330 m.",2.99,"To solve this problem, we need to find the radius of the rear sprocket that will result in a tangential speed of 5 m/s for a point on the rim of the rear wheel.

First, let's determine the tangential speed of the front sprocket. The angular speed of the front sprocket is given as 0.6 revolutions per second. We need to convert this to radians per second:

\[
0.6 \, \text{rev/s} \times 2\pi \, \text{rad/rev} = 1.2\pi \, \text{rad/s}
\]

The tangential speed \( v_f \) of the front sprocket is given by:

\[
v_f = \omega_f \times r_f
\]

where \( \omega_f = 1.2\pi \, \text{rad/s} \) is the angular speed of the front sprocket and \( r_f = 12.0 \, \text{cm} = 0.12 \, \text{m} \) is the radius of the front sprocket. Thus:

\[
v_f = 1.2\pi \times 0.12 = 0.144\pi \, \text{m/s}
\]

Next, we need to find the angular speed of the rear wheel, \( \omega_w \), that results in a tangential speed of 5 m/s. The tangential speed \( v_w \) of the rear wheel is given by:

\[
v_w = \omega_w \times r_w
\]

where \( v_w = 5 \, \text{m/s} \) and \( r_w = 0.330 \, \text{m} \) is the radius of the rear wheel. Solving for \( \omega_w \):

\[
\omega_w = \frac{v_w}{r_w} = \frac{5}{0.330} \approx 15.15 \, \text{rad/s}
\]

The angular speed of the rear sprocket, \( \omega_r \), is the same as the angular speed of the rear wheel, \( \omega_w \), because they are fixed together. Therefore, \( \omega_r = 15.15 \, \text{rad/s} \).

The relationship between the angular speeds of the front and rear sprockets is given by:

\[
\frac{\omega_f}{\omega_r} = \frac{r_r}{r_f}
\]

where \( r_r \) is the radius of the rear sprocket. Solving for \( r_r \):

\[
r_r = r_f \times \frac{\omega_f}{\omega_r} = 0.12 \times \frac{1.2\pi}{15.15}
\]

Calculating this:

\[
r_r = 0.12 \times \frac{1.2\pi}{15.15} \approx 0.12 \times \frac{3.7699}{15.15} \approx 0.12 \times 0.2488 \approx 0.02986 \, \text{m}
\]

Converting to centimeters:

\[
r_r \approx 2.986 \, \text{cm}
\]

Therefore, the radius of the rear sprocket should be approximately \( \boxed{2.99} \) cm.",True,,,,,[]
260,,"Under some circumstances, a star can collapse into an extremely dense object made mostly of neutrons and called a neutron star. The density of a neutron star is roughly $10^14$ times as great as that of ordinary solid matter. Suppose we represent the star as a uniform, solid, rigid sphere, both before and after the collapse. The star's initial radius was $7 \tims 10^5$ km (comparable to our sun); its final radius is 16 km. If the original star rotated once in 30 days, find the angular speed (in rad/s) of the neutron star.",4600.0,"To solve this problem, we need to use the conservation of angular momentum. The angular momentum of a rotating object is given by:

\[ L = I \omega \]

where \( L \) is the angular momentum, \( I \) is the moment of inertia, and \( \omega \) is the angular speed.

For a solid sphere, the moment of inertia \( I \) is given by:

\[ I = \frac{2}{5} m r^2 \]

where \( m \) is the mass of the sphere and \( r \) is its radius.

Since angular momentum is conserved, the initial angular momentum \( L_i \) is equal to the final angular momentum \( L_f \):

\[ I_i \omega_i = I_f \omega_f \]

Substituting the moment of inertia for a solid sphere, we have:

\[ \frac{2}{5} m_i r_i^2 \omega_i = \frac{2}{5} m_f r_f^2 \omega_f \]

The mass of the star remains constant during the collapse, so \( m_i = m_f = m \). Thus, the equation simplifies to:

\[ r_i^2 \omega_i = r_f^2 \omega_f \]

We need to find the final angular speed \( \omega_f \). We know:

- Initial radius \( r_i = 7 \times 10^5 \) km = \( 7 \times 10^8 \) m
- Final radius \( r_f = 16 \) km = \( 1.6 \times 10^4 \) m
- Initial angular speed \( \omega_i \) is given by the rotation period of 30 days.

First, convert the rotation period from days to seconds:

\[ 30 \text{ days} = 30 \times 24 \times 60 \times 60 \text{ seconds} = 2,592,000 \text{ seconds} \]

The initial angular speed \( \omega_i \) is:

\[ \omega_i = \frac{2\pi}{2,592,000} \text{ rad/s} \]

Now, substitute the known values into the conservation of angular momentum equation:

\[ (7 \times 10^8)^2 \times \frac{2\pi}{2,592,000} = (1.6 \times 10^4)^2 \times \omega_f \]

Solving for \( \omega_f \):

\[ \omega_f = \frac{(7 \times 10^8)^2 \times \frac{2\pi}{2,592,000}}{(1.6 \times 10^4)^2} \]

Calculate the values:

\[ (7 \times 10^8)^2 = 4.9 \times 10^{17} \]
\[ (1.6 \times 10^4)^2 = 2.56 \times 10^8 \]

\[ \omega_f = \frac{4.9 \times 10^{17} \times \frac{2\pi}{2,592,000}}{2.56 \times 10^8} \]

\[ \omega_f = \frac{4.9 \times 2\pi \times 10^{17}}{2,592,000 \times 2.56 \times 10^8} \]

\[ \omega_f = \frac{4.9 \times 2\pi \times 10^{17}}{6.62432 \times 10^{14}} \]

\[ \omega_f = \frac{9.8\pi \times 10^{17}}{6.62432 \times 10^{14}} \]

\[ \omega_f = \frac{9.8\pi}{6.62432} \times 10^3 \]

\[ \omega_f \approx \frac{30.8}{6.62432} \times 10^3 \]

\[ \omega_f \approx 4.65 \times 10^3 \]

Thus, the angular speed of the neutron star is approximately \( 4650 \) rad/s.",False,,,,,[]
261,,"CheckMate forecasts that its dividend will grow at 20% per year for the next four years before settling down at a constant 8% forever. Dividend (current year,2016) = $12; expected rate of return = 15%. What is the fair value of the stock now?",273.0,"To find the fair value of the stock now, we need to calculate the present value of the expected dividends. The dividends are expected to grow at 20% per year for the next four years and then grow at a constant rate of 8% forever. The expected rate of return is 15%.

1. **Calculate the dividends for the next four years:**

   - Year 1: \( D_1 = D_0 \times (1 + g_1) = 12 \times 1.20 = 14.40 \)
   - Year 2: \( D_2 = D_1 \times (1 + g_1) = 14.40 \times 1.20 = 17.28 \)
   - Year 3: \( D_3 = D_2 \times (1 + g_1) = 17.28 \times 1.20 = 20.74 \)
   - Year 4: \( D_4 = D_3 \times (1 + g_1) = 20.74 \times 1.20 = 24.89 \)

2. **Calculate the present value of these dividends:**

   - \( PV(D_1) = \frac{14.40}{(1.15)^1} = \frac{14.40}{1.15} = 12.52 \)
   - \( PV(D_2) = \frac{17.28}{(1.15)^2} = \frac{17.28}{1.3225} = 13.06 \)
   - \( PV(D_3) = \frac{20.74}{(1.15)^3} = \frac{20.74}{1.520875} = 13.64 \)
   - \( PV(D_4) = \frac{24.89}{(1.15)^4} = \frac{24.89}{1.74900625} = 14.23 \)

3. **Calculate the present value of the dividends from year 5 onwards:**

   From year 5 onwards, the dividends grow at a constant rate of 8%. We use the Gordon Growth Model to find the present value of these dividends at year 4:

   - \( D_5 = D_4 \times (1 + g_2) = 24.89 \times 1.08 = 26.88 \)
   - The present value of dividends from year 5 onwards at year 4 is:
     \[
     PV_{\text{perpetuity}} = \frac{D_5}{r - g_2} = \frac{26.88}{0.15 - 0.08} = \frac{26.88}{0.07} = 384.00
     \]

   - Discount this back to the present value:
     \[
     PV_{\text{perpetuity at year 0}} = \frac{384.00}{(1.15)^4} = \frac{384.00}{1.74900625} = 219.52
     \]

4. **Sum the present values to find the fair value of the stock:**

   \[
   \text{Fair Value} = PV(D_1) + PV(D_2) + PV(D_3) + PV(D_4) + PV_{\text{perpetuity at year 0}}
   \]
   \[
   \text{Fair Value} = 12.52 + 13.06 + 13.64 + 14.23 + 219.52 = 272.97
   \]

The fair value of the stock now is approximately \( \boxed{272.97} \).",True,,,,,[]
262,,Light of wavelength 400 nm is incident upon lithium (phi = 2.93 eV). Calculate the stopping potential in V.,0.17,"To solve this problem, we need to calculate the stopping potential for the photoelectric effect. The stopping potential is the potential difference required to stop the most energetic photoelectrons emitted from a material when it is exposed to light.

The energy of the incident photons can be calculated using the formula:

\[ E_{\text{photon}} = \frac{hc}{\lambda} \]

where:
- \( h \) is Planck's constant (\( 6.626 \times 10^{-34} \, \text{J s} \)),
- \( c \) is the speed of light (\( 3.00 \times 10^8 \, \text{m/s} \)),
- \( \lambda \) is the wavelength of the light (\( 400 \, \text{nm} = 400 \times 10^{-9} \, \text{m} \)).

First, calculate the energy of the photon:

\[ E_{\text{photon}} = \frac{6.626 \times 10^{-34} \times 3.00 \times 10^8}{400 \times 10^{-9}} \]

\[ E_{\text{photon}} = \frac{1.9878 \times 10^{-25}}{400 \times 10^{-9}} \]

\[ E_{\text{photon}} = 4.9695 \times 10^{-19} \, \text{J} \]

Convert this energy from joules to electronvolts (1 eV = \( 1.602 \times 10^{-19} \, \text{J} \)):

\[ E_{\text{photon}} = \frac{4.9695 \times 10^{-19}}{1.602 \times 10^{-19}} \]

\[ E_{\text{photon}} \approx 3.10 \, \text{eV} \]

The work function (\( \phi \)) of lithium is given as 2.93 eV. The maximum kinetic energy (\( K_{\text{max}} \)) of the emitted electrons is given by the difference between the photon energy and the work function:

\[ K_{\text{max}} = E_{\text{photon}} - \phi \]

\[ K_{\text{max}} = 3.10 \, \text{eV} - 2.93 \, \text{eV} \]

\[ K_{\text{max}} = 0.17 \, \text{eV} \]

The stopping potential (\( V_0 \)) is equal to the maximum kinetic energy of the electrons in electronvolts:

\[ V_0 = K_{\text{max}} = 0.17 \, \text{V} \]

Therefore, the stopping potential is:

\[ \boxed{0.17} \]",True,,,,,[]
263,,"A spring is mounted horizontally, with its left end fixed. A spring balance attached to the free end and pulled toward the right indicates that the stretching force is proportional to the displacement, and a force of 6.0 N causes a displacement of 0.030 m. We replace the spring balance with a 0.50-kg glider, pull it 0.020 m to the right along a frictionless air track, and release it from rest. Find the period T of the resulting oscillation. (Unit: s)",0.31,"To solve this problem, we need to find the period \( T \) of the oscillation of the glider attached to the spring. The period of oscillation for a mass-spring system is given by the formula:

\[
T = 2\pi \sqrt{\frac{m}{k}}
\]

where:
- \( m \) is the mass of the glider,
- \( k \) is the spring constant.

First, we need to determine the spring constant \( k \). We know from Hooke's Law that the force \( F \) exerted by a spring is proportional to the displacement \( x \), given by:

\[
F = kx
\]

From the problem, a force of 6.0 N causes a displacement of 0.030 m. We can use this information to find \( k \):

\[
k = \frac{F}{x} = \frac{6.0 \, \text{N}}{0.030 \, \text{m}} = 200 \, \text{N/m}
\]

Now that we have \( k = 200 \, \text{N/m} \), we can use the mass of the glider \( m = 0.50 \, \text{kg} \) to find the period \( T \):

\[
T = 2\pi \sqrt{\frac{m}{k}} = 2\pi \sqrt{\frac{0.50 \, \text{kg}}{200 \, \text{N/m}}}
\]

Calculate the value inside the square root:

\[
\frac{0.50}{200} = 0.0025
\]

Now, take the square root:

\[
\sqrt{0.0025} = 0.05
\]

Finally, calculate the period \( T \):

\[
T = 2\pi \times 0.05 = 0.1\pi
\]

Approximating \(\pi \approx 3.14159\), we find:

\[
T \approx 0.1 \times 3.14159 = 0.314159
\]

Thus, the period \( T \) of the oscillation is approximately:

\[
\boxed{0.31} \, \text{s}
\]",True,,,,,[]
265,,"Coloring the edges of a complete graph with n vertices in 2 colors (red and blue), what is the smallest n that guarantees there is either a triangle in red or a 6-clique in blue?",18,"To solve this problem, we need to find the smallest number of vertices \( n \) in a complete graph \( K_n \) such that any 2-coloring of the edges (using red and blue) will result in either a red triangle or a blue 6-clique.

This is a problem related to Ramsey theory, specifically a Ramsey number problem. The Ramsey number \( R(3, 6) \) is the smallest number \( n \) such that any 2-coloring of the edges of a complete graph \( K_n \) will contain either a red triangle (a complete subgraph \( K_3 \) in red) or a blue 6-clique (a complete subgraph \( K_6 \) in blue).

The Ramsey number \( R(3, 6) \) is known to be 18. This means that for \( n = 18 \), any 2-coloring of the edges of \( K_{18} \) will contain either a red triangle or a blue 6-clique. For \( n < 18 \), it is possible to color the edges such that neither a red triangle nor a blue 6-clique exists.

Therefore, the smallest \( n \) that guarantees there is either a triangle in red or a 6-clique in blue is:

18",True,,,,,[]
266,,determine the ratio of the radius of a uranium-238 nucleus to the radius of a helium-4 nucleus.,3.9,"To determine the ratio of the radius of a uranium-238 nucleus to the radius of a helium-4 nucleus, we can use the formula for the radius of a nucleus, which is given by:

\[ R = R_0 \times A^{1/3} \]

where:
- \( R \) is the radius of the nucleus,
- \( R_0 \) is a constant approximately equal to 1.2 to 1.3 femtometers (fm),
- \( A \) is the mass number of the nucleus.

For uranium-238:
- The mass number \( A = 238 \).

For helium-4:
- The mass number \( A = 4 \).

The radius of the uranium-238 nucleus is:
\[ R_{\text{U-238}} = R_0 \times 238^{1/3} \]

The radius of the helium-4 nucleus is:
\[ R_{\text{He-4}} = R_0 \times 4^{1/3} \]

The ratio of the radius of the uranium-238 nucleus to the radius of the helium-4 nucleus is:
\[ \text{Ratio} = \frac{R_{\text{U-238}}}{R_{\text{He-4}}} = \frac{R_0 \times 238^{1/3}}{R_0 \times 4^{1/3}} = \frac{238^{1/3}}{4^{1/3}} \]

Since \( R_0 \) cancels out, we only need to calculate the cube roots:

\[ 238^{1/3} \approx 6.21 \]
\[ 4^{1/3} \approx 1.587 \]

Thus, the ratio is:
\[ \frac{6.21}{1.587} \approx 3.91 \]

Therefore, the ratio of the radius of a uranium-238 nucleus to the radius of a helium-4 nucleus is approximately:

\[ \boxed{3.91} \]",True,,,,,[]
267,,Find the sum of $\sum_{n=1}^{\infty} (cost(1/n^2) - cost(1/(n+1)^2))$,-0.459,"To solve the problem, we need to evaluate the infinite series:

\[
\sum_{n=1}^{\infty} \left( \cos\left(\frac{1}{n^2}\right) - \cos\left(\frac{1}{(n+1)^2}\right) \right)
\]

This series is a telescoping series. In a telescoping series, most terms cancel out, leaving only a few terms that determine the sum.

Let's write out the first few terms to see the pattern:

- For \( n = 1 \), the term is \(\cos\left(\frac{1}{1^2}\right) - \cos\left(\frac{1}{2^2}\right)\).
- For \( n = 2 \), the term is \(\cos\left(\frac{1}{2^2}\right) - \cos\left(\frac{1}{3^2}\right)\).
- For \( n = 3 \), the term is \(\cos\left(\frac{1}{3^2}\right) - \cos\left(\frac{1}{4^2}\right)\).

Continuing this pattern, we see that each \(\cos\left(\frac{1}{n^2}\right)\) term cancels with the \(-\cos\left(\frac{1}{n^2}\right)\) term from the subsequent term in the series. Therefore, the series telescopes:

\[
\left( \cos\left(\frac{1}{1^2}\right) - \cos\left(\frac{1}{2^2}\right) \right) + \left( \cos\left(\frac{1}{2^2}\right) - \cos\left(\frac{1}{3^2}\right) \right) + \left( \cos\left(\frac{1}{3^2}\right) - \cos\left(\frac{1}{4^2}\right) \right) + \cdots
\]

After cancellation, we are left with:

\[
\cos\left(\frac{1}{1^2}\right) - \lim_{n \to \infty} \cos\left(\frac{1}{(n+1)^2}\right)
\]

As \( n \to \infty \), \(\frac{1}{(n+1)^2} \to 0\), and thus \(\cos\left(\frac{1/(n+1)^2}\right) \to \cos(0) = 1\).

Therefore, the sum of the series is:

\[
\cos\left(\frac{1}{1^2}\right) - 1 = \cos(1) - 1
\]

Thus, the sum of the series is:

\[
\boxed{\cos(1) - 1}
\]",False,,,,,[]
269,,"For a one-period binomial model for the price of a stock, you are given: (i) The period is one year. (ii) The stock pays no dividends. (iii) u =1.433, where u is one plus the rate of capital gain on the stock if the price goes up.  (iv) d = 0.756 , where d is one plus the rate of capital loss on the stock if the price goes down. (v) The continuously compounded annual expected return on the stock is 10%. What is the true probability of the stock price going up.",0.52,"To solve this problem, we need to find the true probability \( p \) of the stock price going up in a one-period binomial model. We are given the continuously compounded annual expected return on the stock, which is 10%. This means the expected return \( E[R] \) is 0.10.

In a binomial model, the expected return can be expressed as:

\[
E[R] = p \cdot u + (1-p) \cdot d
\]

where:
- \( p \) is the probability of the stock price going up,
- \( u = 1.433 \) is the factor by which the stock price increases if it goes up,
- \( d = 0.756 \) is the factor by which the stock price decreases if it goes down.

The continuously compounded expected return of 10% implies that the expected return in terms of the stock price is:

\[
e^{0.10} \approx 1.10517
\]

Thus, we have the equation:

\[
p \cdot 1.433 + (1-p) \cdot 0.756 = 1.10517
\]

Expanding and simplifying the equation:

\[
1.433p + 0.756 - 0.756p = 1.10517
\]

\[
1.433p - 0.756p = 1.10517 - 0.756
\]

\[
0.677p = 0.34917
\]

Solving for \( p \):

\[
p = \frac{0.34917}{0.677} \approx 0.5157
\]

Therefore, the true probability of the stock price going up is approximately \( \boxed{0.5157} \).",True,,,,,[]
270,,"For $p(x)=f(x)g(x)$, if $f(2)=3$, $f'(2)=-4$, $g(2)=1$, and $g'(2)=6$, what is $p'(2)$?",14,"To find \( p'(2) \) for the function \( p(x) = f(x)g(x) \), we need to use the product rule for differentiation. The product rule states that if \( p(x) = f(x)g(x) \), then the derivative \( p'(x) \) is given by:

\[
p'(x) = f'(x)g(x) + f(x)g'(x)
\]

We are given the following values:
- \( f(2) = 3 \)
- \( f'(2) = -4 \)
- \( g(2) = 1 \)
- \( g'(2) = 6 \)

Substituting these values into the product rule formula, we have:

\[
p'(2) = f'(2)g(2) + f(2)g'(2)
\]

Substitute the given values:

\[
p'(2) = (-4)(1) + (3)(6)
\]

Calculate each term:

\[
p'(2) = -4 + 18
\]

Add the results:

\[
p'(2) = 14
\]

Thus, the value of \( p'(2) \) is \(\boxed{14}\).",True,,,,,[]
272,,"An object 11cm tall is 9cm from a mirror. If the image distance is -3cm from the mirror, what is the image height in terms of cm?",3.67,"To solve this problem, we can use the mirror formula and the magnification formula. The mirror formula is given by:

\[
\frac{1}{f} = \frac{1}{d_o} + \frac{1}{d_i}
\]

where:
- \( f \) is the focal length of the mirror,
- \( d_o \) is the object distance from the mirror,
- \( d_i \) is the image distance from the mirror.

However, in this problem, we are not directly asked to find the focal length, but rather the image height. For that, we can use the magnification formula:

\[
m = \frac{h_i}{h_o} = -\frac{d_i}{d_o}
\]

where:
- \( m \) is the magnification,
- \( h_i \) is the image height,
- \( h_o \) is the object height,
- \( d_i \) is the image distance,
- \( d_o \) is the object distance.

Given:
- \( h_o = 11 \) cm (object height),
- \( d_o = 9 \) cm (object distance),
- \( d_i = -3 \) cm (image distance).

We can find the magnification \( m \) using the formula:

\[
m = -\frac{d_i}{d_o} = -\frac{-3}{9} = \frac{1}{3}
\]

Now, we can find the image height \( h_i \) using the magnification:

\[
h_i = m \times h_o = \frac{1}{3} \times 11 = \frac{11}{3} \approx 3.67 \text{ cm}
\]

Therefore, the image height is approximately \( 3.67 \) cm.",True,,,,,[]
273,,"Find the volume of a solid bounded by the elliptical paraboloid $z=2x^2 + y^2 + 1$, the plane x+y=1, and the coordinate planes.",0.75,"To find the volume of the solid bounded by the elliptical paraboloid \( z = 2x^2 + y^2 + 1 \), the plane \( x + y = 1 \), and the coordinate planes, we need to set up a triple integral.

First, we determine the region of integration in the \( xy \)-plane. The plane \( x + y = 1 \) intersects the coordinate planes at \( (1, 0) \) and \( (0, 1) \). Thus, the region of integration in the \( xy \)-plane is the triangular region with vertices at \( (0, 0) \), \( (1, 0) \), and \( (0, 1) \).

The volume \( V \) is given by the integral:

\[
V = \int_{x=0}^{1} \int_{y=0}^{1-x} \int_{z=0}^{2x^2 + y^2 + 1} \, dz \, dy \, dx
\]

First, integrate with respect to \( z \):

\[
\int_{z=0}^{2x^2 + y^2 + 1} \, dz = [z]_{0}^{2x^2 + y^2 + 1} = 2x^2 + y^2 + 1
\]

Now, integrate with respect to \( y \):

\[
\int_{y=0}^{1-x} (2x^2 + y^2 + 1) \, dy
\]

This integral can be split into three parts:

\[
= \int_{y=0}^{1-x} 2x^2 \, dy + \int_{y=0}^{1-x} y^2 \, dy + \int_{y=0}^{1-x} 1 \, dy
\]

Calculate each part:

1. \(\int_{y=0}^{1-x} 2x^2 \, dy = 2x^2 [y]_{0}^{1-x} = 2x^2 (1-x)\)

2. \(\int_{y=0}^{1-x} y^2 \, dy = \left[ \frac{y^3}{3} \right]_{0}^{1-x} = \frac{(1-x)^3}{3}\)

3. \(\int_{y=0}^{1-x} 1 \, dy = [y]_{0}^{1-x} = 1-x\)

Combine these results:

\[
= 2x^2 (1-x) + \frac{(1-x)^3}{3} + (1-x)
\]

Simplify:

\[
= 2x^2 - 2x^3 + \frac{1 - 3x + 3x^2 - x^3}{3} + 1 - x
\]

Combine like terms:

\[
= 2x^2 - 2x^3 + \frac{1}{3} - x + x^2 - \frac{x^3}{3} + 1 - x
\]

\[
= \frac{1}{3} + 1 + 2x^2 + x^2 - x - x - 2x^3 - \frac{x^3}{3}
\]

\[
= \frac{4}{3} + 3x^2 - 2x - \frac{7x^3}{3}
\]

Now, integrate with respect to \( x \):

\[
\int_{x=0}^{1} \left( \frac{4}{3} + 3x^2 - 2x - \frac{7x^3}{3} \right) \, dx
\]

Calculate each part:

1. \(\int_{x=0}^{1} \frac{4}{3} \, dx = \frac{4}{3} [x]_{0}^{1} = \frac{4}{3}\)

2. \(\int_{x=0}^{1} 3x^2 \, dx = [x^3]_{0}^{1} = 1\)

3. \(\int_{x=0}^{1} -2x \, dx = [-x^2]_{0}^{1} = -1\)

4. \(\int_{x=0}^{1} -\frac{7x^3}{3} \, dx = \left[-\frac{7x^4}{12}\right]_{0}^{1} = -\frac{7}{12}\)

Combine these results:

\[
= \frac{4}{3} + 1 - 1 - \frac{7}{12}
\]

Convert to a common denominator:

\[
= \frac{16}{12} + \frac{12}{12} - \frac{12}{12} - \frac{7}{12}
\]

\[
= \frac{9}{12} = \frac{3}{4}
\]

Thus, the volume of the solid is \(\boxed{\frac{3}{4}}\).",False,,,,,[]
275,,"Assuming we are underground, and the only thing we can observe is whether a person brings an umbrella or not. The weather could be either rain or sunny. Assuming the P(rain)=0.6 and P(sunny)=0.4. Assuming the weather on day $k$ is dependent on the weather on day $k-1$. We can write the transition probability as P(sunny $\mid$ sunny) = P(rain $\mid$ rain) = 0.7. The person has 60% chance to bring an umbrella when the weather is rain, and 40% chance to bring an umbrella when the weather is sunny, i.e. P(umbrella $\mid$ rain) = 0.6 and P(umbrella $\mid$ sunny) = 0.4. If we observe that the person (1) brought an umbrella on day 1, (2) did not bring an umbrella on day 2, (3) brought an umbrella on day 3.  What is the probability that day 2 is raining?",0.5167,"To solve this problem, we need to use the concept of Hidden Markov Models (HMM) and apply the Forward-Backward algorithm to find the probability of rain on day 2 given the observations.

Let's define the states and observations:
- States: Rain (R), Sunny (S)
- Observations: Umbrella (U), No Umbrella (N)

Given:
- Initial probabilities: P(Rain) = 0.6, P(Sunny) = 0.4
- Transition probabilities: P(Sunny | Sunny) = 0.7, P(Rain | Rain) = 0.7
- Observation probabilities: P(Umbrella | Rain) = 0.6, P(Umbrella | Sunny) = 0.4

Observations:
1. Day 1: Umbrella (U)
2. Day 2: No Umbrella (N)
3. Day 3: Umbrella (U)

We need to find P(Rain on Day 2 | Observations).

### Step 1: Forward Algorithm

Calculate the forward probabilities α for each day.

**Day 1:**
- α1(R) = P(U | R) * P(R) = 0.6 * 0.6 = 0.36
- α1(S) = P(U | S) * P(S) = 0.4 * 0.4 = 0.16

**Day 2:**
- α2(R) = P(N | R) * [α1(R) * P(R | R) + α1(S) * P(R | S)]
         = 0.4 * [0.36 * 0.7 + 0.16 * 0.3]
         = 0.4 * [0.252 + 0.048]
         = 0.4 * 0.3
         = 0.12

- α2(S) = P(N | S) * [α1(R) * P(S | R) + α1(S) * P(S | S)]
         = 0.6 * [0.36 * 0.3 + 0.16 * 0.7]
         = 0.6 * [0.108 + 0.112]
         = 0.6 * 0.22
         = 0.132

**Day 3:**
- α3(R) = P(U | R) * [α2(R) * P(R | R) + α2(S) * P(R | S)]
         = 0.6 * [0.12 * 0.7 + 0.132 * 0.3]
         = 0.6 * [0.084 + 0.0396]
         = 0.6 * 0.1236
         = 0.07416

- α3(S) = P(U | S) * [α2(R) * P(S | R) + α2(S) * P(S | S)]
         = 0.4 * [0.12 * 0.3 + 0.132 * 0.7]
         = 0.4 * [0.036 + 0.0924]
         = 0.4 * 0.1284
         = 0.05136

### Step 2: Backward Algorithm

Calculate the backward probabilities β for each day.

**Day 3:**
- β3(R) = 1
- β3(S) = 1

**Day 2:**
- β2(R) = P(U | R) * [β3(R) * P(R | R) + β3(S) * P(S | R)]
         = 0.6 * [1 * 0.7 + 1 * 0.3]
         = 0.6 * 1
         = 0.6

- β2(S) = P(U | S) * [β3(R) * P(R | S) + β3(S) * P(S | S)]
         = 0.4 * [1 * 0.3 + 1 * 0.7]
         = 0.4 * 1
         = 0.4

**Day 1:**
- β1(R) = P(N | R) * [β2(R) * P(R | R) + β2(S) * P(S | R)]
         = 0.4 * [0.6 * 0.7 + 0.4 * 0.3]
         = 0.4 * [0.42 + 0.12]
         = 0.4 * 0.54
         = 0.216

- β1(S) = P(N | S) * [β2(R) * P(R | S) + β2(S) * P(S | S)]
         = 0.6 * [0.6 * 0.3 + 0.4 * 0.7]
         = 0.6 * [0.18 + 0.28]
         = 0.6 * 0.46
         = 0.276

### Step 3: Calculate the Probability

Now, calculate the probability of rain on day 2 given the observations:

P(Rain on Day 2 | Observations) = (α2(R) * β2(R)) / (α2(R) * β2(R) + α2(S) * β2(S))

= (0.12 * 0.6) / (0.12 * 0.6 + 0.132 * 0.4)
= 0.072 / (0.072 + 0.0528)
= 0.072 / 0.1248
≈ 0.5769

Therefore, the probability that day 2 is raining is approximately 0.5769.

The answer is 0.5769.",False,,,,,[]
276,,"Find the solutions to the second order boundary-value problem. y''-2y'+2y=0, y(0)=0, y(\pi/2) = 1. What is y(\pi/4)?",0.322,"To solve the boundary-value problem given by the differential equation \( y'' - 2y' + 2y = 0 \) with boundary conditions \( y(0) = 0 \) and \( y(\pi/2) = 1 \), we first find the general solution to the differential equation.

The characteristic equation for the differential equation is:
\[
r^2 - 2r + 2 = 0
\]

Solving this quadratic equation using the quadratic formula \( r = \frac{-b \pm \sqrt{b^2 - 4ac}}{2a} \), where \( a = 1 \), \( b = -2 \), and \( c = 2 \), we have:
\[
r = \frac{2 \pm \sqrt{(-2)^2 - 4 \cdot 1 \cdot 2}}{2 \cdot 1} = \frac{2 \pm \sqrt{4 - 8}}{2} = \frac{2 \pm \sqrt{-4}}{2}
\]
\[
r = \frac{2 \pm 2i}{2} = 1 \pm i
\]

The roots are complex: \( r = 1 + i \) and \( r = 1 - i \). Therefore, the general solution to the differential equation is:
\[
y(x) = e^{x} (C_1 \cos x + C_2 \sin x)
\]

We apply the boundary conditions to find \( C_1 \) and \( C_2 \).

1. Using the boundary condition \( y(0) = 0 \):
\[
y(0) = e^{0} (C_1 \cos 0 + C_2 \sin 0) = C_1 = 0
\]

2. Using the boundary condition \( y(\pi/2) = 1 \):
\[
y(\pi/2) = e^{\pi/2} (0 \cdot \cos(\pi/2) + C_2 \sin(\pi/2)) = e^{\pi/2} C_2 = 1
\]
\[
C_2 = \frac{1}{e^{\pi/2}}
\]

Thus, the particular solution satisfying the boundary conditions is:
\[
y(x) = e^{x} \left( \frac{1}{e^{\pi/2}} \sin x \right) = \frac{e^{x}}{e^{\pi/2}} \sin x
\]

Now, we find \( y(\pi/4) \):
\[
y(\pi/4) = \frac{e^{\pi/4}}{e^{\pi/2}} \sin(\pi/4) = \frac{e^{\pi/4}}{e^{\pi/2}} \cdot \frac{\sqrt{2}}{2}
\]
\[
y(\pi/4) = \frac{e^{\pi/4 - \pi/2} \cdot \sqrt{2}}{2} = \frac{e^{-\pi/4} \cdot \sqrt{2}}{2}
\]

Therefore, the value of \( y(\pi/4) \) is:
\[
\frac{\sqrt{2}}{2e^{\pi/4}}
\]

This is the exact value, but if you need a numerical approximation, it is approximately:
\[
y(\pi/4) \approx 0.325
\]

Thus, the solution to the problem is:
\[
\boxed{0.325}
\]",True,,,,,[]
278,,Use divergence therem to evaluate $\iint_S \vec{F} \cdot d \vec{S}$ where $\vec{F} = yx^2 \vec{i} + (xy^2 - 3z^4)\vec{j} + (x^3+y^3)\vec{k}$ and the surface $S$ consists of the sphere of radius 4 with $z \le 0$ and $y \le 0$. Note all three surfaces of this solid are included in $S$.,0.0,"To solve this problem, we will use the Divergence Theorem, which states:

\[
\iint_S \vec{F} \cdot d\vec{S} = \iiint_V \nabla \cdot \vec{F} \, dV
\]

where \( V \) is the volume enclosed by the surface \( S \), and \( \nabla \cdot \vec{F} \) is the divergence of the vector field \( \vec{F} \).

First, we calculate the divergence of \( \vec{F} \):

\[
\vec{F} = yx^2 \vec{i} + (xy^2 - 3z^4)\vec{j} + (x^3+y^3)\vec{k}
\]

The divergence is given by:

\[
\nabla \cdot \vec{F} = \frac{\partial}{\partial x}(yx^2) + \frac{\partial}{\partial y}(xy^2 - 3z^4) + \frac{\partial}{\partial z}(x^3 + y^3)
\]

Calculating each term:

\[
\frac{\partial}{\partial x}(yx^2) = 2yx
\]

\[
\frac{\partial}{\partial y}(xy^2 - 3z^4) = 2xy
\]

\[
\frac{\partial}{\partial z}(x^3 + y^3) = 0
\]

Thus, the divergence is:

\[
\nabla \cdot \vec{F} = 2yx + 2xy = 4xy
\]

Next, we need to evaluate the integral of the divergence over the volume \( V \). The volume \( V \) is the portion of the sphere \( x^2 + y^2 + z^2 \leq 16 \) where \( z \leq 0 \) and \( y \leq 0 \).

To evaluate the integral, we switch to spherical coordinates:

\[
x = \rho \sin\phi \cos\theta, \quad y = \rho \sin\phi \sin\theta, \quad z = \rho \cos\phi
\]

The Jacobian of the transformation is \( \rho^2 \sin\phi \).

The divergence in spherical coordinates becomes:

\[
4xy = 4(\rho \sin\phi \cos\theta)(\rho \sin\phi \sin\theta) = 4\rho^2 \sin^2\phi \cos\theta \sin\theta
\]

The limits for \( \rho \) are from 0 to 4, for \( \phi \) from \(\pi/2\) to \(\pi\) (since \( z \leq 0 \)), and for \( \theta \) from \(\pi/2\) to \(\pi\) (since \( y \leq 0 \)).

The integral becomes:

\[
\iiint_V 4xy \, dV = \int_{\pi/2}^{\pi} \int_{\pi/2}^{\pi} \int_0^4 4\rho^2 \sin^2\phi \cos\theta \sin\theta \cdot \rho^2 \sin\phi \, d\rho \, d\theta \, d\phi
\]

Simplifying:

\[
= \int_{\pi/2}^{\pi} \int_{\pi/2}^{\pi} \int_0^4 4\rho^4 \sin^3\phi \cos\theta \sin\theta \, d\rho \, d\theta \, d\phi
\]

First, integrate with respect to \( \rho \):

\[
\int_0^4 \rho^4 \, d\rho = \left[ \frac{\rho^5}{5} \right]_0^4 = \frac{4^5}{5} = \frac{1024}{5}
\]

The integral becomes:

\[
= \frac{1024}{5} \int_{\pi/2}^{\pi} \int_{\pi/2}^{\pi} 4 \sin^3\phi \cos\theta \sin\theta \, d\theta \, d\phi
\]

Next, integrate with respect to \( \theta \):

\[
\int_{\pi/2}^{\pi} \cos\theta \sin\theta \, d\theta = \left[ \frac{\sin^2\theta}{2} \right]_{\pi/2}^{\pi} = \frac{1}{2}(0 - 1) = -\frac{1}{2}
\]

The integral becomes:

\[
= \frac{1024}{5} \cdot 4 \cdot -\frac{1}{2} \int_{\pi/2}^{\pi} \sin^3\phi \, d\phi
\]

\[
= -\frac{4096}{5} \int_{\pi/2}^{\pi} \sin^3\phi \, d\phi
\]

Finally, integrate with respect to \( \phi \):

\[
\int_{\pi/2}^{\pi} \sin^3\phi \, d\phi = \int_{\pi/2}^{\pi} (1 - \cos^2\phi)\sin\phi \, d\phi
\]

Let \( u = \cos\phi \), \( du = -\sin\phi \, d\phi \). When \( \phi = \pi/2 \), \( u = 0 \); when \( \phi = \pi \), \( u = -1 \).

\[
= \int_0^{-1} (1 - u^2)(-1) \, du = \int_{-1}^{0} (1 - u^2) \, du
\]

\[
= \left[ u - \frac{u^3}{3} \right]_{-1}^{0} = \left(0 - 0\right) - \left(-1 + \frac{1}{3}\right) = \frac{2}{3}
\]

Thus, the integral becomes:

\[
= -\frac{4096}{5} \cdot \frac{2}{3} = -\frac{8192}{15}
\]

Therefore, the value of the surface integral is:

\[
\boxed{-\frac{8192}{15}}
\]",False,,,,,[]
279,,Consider a resistor made from a hollow cylinder of carbon as shown below. The inner radius of the cylinder is $R_i=0.2$mm and the outer radius is $R_o=0.3$mm. The length of the resistor is $L=0.9$mm. The resistivity of the carbon is $\rho=3.5 * 10^{-5} \Omega \cdot m$. What is the resistance in $\Omega \cdot m$?,2.5,"To find the resistance of the hollow cylindrical resistor, we use the formula for the resistance of a cylindrical shell:

\[
R = \frac{\rho L}{A}
\]

where:
- \( R \) is the resistance,
- \( \rho \) is the resistivity of the material,
- \( L \) is the length of the cylinder,
- \( A \) is the cross-sectional area through which the current flows.

For a hollow cylinder, the cross-sectional area \( A \) is the difference between the outer and inner circular areas:

\[
A = \pi (R_o^2 - R_i^2)
\]

Given:
- \( R_i = 0.2 \) mm = \( 0.2 \times 10^{-3} \) m,
- \( R_o = 0.3 \) mm = \( 0.3 \times 10^{-3} \) m,
- \( L = 0.9 \) mm = \( 0.9 \times 10^{-3} \) m,
- \( \rho = 3.5 \times 10^{-5} \, \Omega \cdot m \).

First, calculate the cross-sectional area \( A \):

\[
A = \pi ((0.3 \times 10^{-3})^2 - (0.2 \times 10^{-3})^2)
\]

\[
A = \pi (0.09 \times 10^{-6} - 0.04 \times 10^{-6})
\]

\[
A = \pi (0.05 \times 10^{-6})
\]

\[
A = 0.05 \pi \times 10^{-6} \, \text{m}^2
\]

Now, substitute the values into the resistance formula:

\[
R = \frac{3.5 \times 10^{-5} \times 0.9 \times 10^{-3}}{0.05 \pi \times 10^{-6}}
\]

\[
R = \frac{3.15 \times 10^{-8}}{0.05 \pi \times 10^{-6}}
\]

\[
R = \frac{3.15 \times 10^{-8}}{0.05 \times 3.141592653589793 \times 10^{-6}}
\]

\[
R = \frac{3.15 \times 10^{-8}}{0.15707963267948966 \times 10^{-6}}
\]

\[
R = \frac{3.15}{0.15707963267948966} \times 10^{-2}
\]

\[
R \approx 20.048 \times 10^{-2}
\]

\[
R \approx 0.20048
\]

Thus, the resistance of the hollow cylindrical resistor is approximately \( \boxed{0.20048} \, \Omega \).",False,,,,,[]
280,,"Use the Birge-Vieta method to find a real root correct to three decimals of the following equation: x^3 - 11x^2 + 32x - 22 = 0, p = 0.5",1,"To solve the equation \( x^3 - 11x^2 + 32x - 22 = 0 \) using the Birge-Vieta method, we start with an initial guess \( p = 0.5 \).

The Birge-Vieta method is an iterative method used to find roots of polynomials. It involves synthetic division and updating the guess iteratively. Here's how it works for this problem:

1. **Initial Setup:**
   - Polynomial: \( f(x) = x^3 - 11x^2 + 32x - 22 \)
   - Coefficients: \( a_3 = 1, a_2 = -11, a_1 = 32, a_0 = -22 \)
   - Initial guess: \( p_0 = 0.5 \)

2. **Iteration Process:**
   - Perform synthetic division using the current guess \( p \).
   - Calculate the new guess using the formula:
     \[
     p_{\text{new}} = p - \frac{f(p)}{f'(p)}
     \]
   - Here, \( f'(p) \) is the derivative of the polynomial evaluated at \( p \).

3. **Synthetic Division:**
   - For \( p = 0.5 \):
     - Compute \( b_3 = a_3 = 1 \)
     - Compute \( b_2 = a_2 + p \cdot b_3 = -11 + 0.5 \cdot 1 = -10.5 \)
     - Compute \( b_1 = a_1 + p \cdot b_2 = 32 + 0.5 \cdot (-10.5) = 26.75 \)
     - Compute \( b_0 = a_0 + p \cdot b_1 = -22 + 0.5 \cdot 26.75 = -8.625 \)

4. **Derivative Calculation:**
   - Compute \( c_3 = b_3 = 1 \)
   - Compute \( c_2 = b_2 + p \cdot c_3 = -10.5 + 0.5 \cdot 1 = -10 \)
   - Compute \( c_1 = b_1 + p \cdot c_2 = 26.75 + 0.5 \cdot (-10) = 21.75 \)

5. **Update the Guess:**
   - Calculate the new guess:
     \[
     p_{\text{new}} = p - \frac{b_0}{c_1} = 0.5 - \frac{-8.625}{21.75} \approx 0.8966
     \]

6. **Repeat the Process:**
   - Use \( p = 0.8966 \) and repeat the synthetic division and update steps until the change in \( p \) is less than the desired precision (0.001).

After a few iterations, the process converges to a root. The real root correct to three decimal places is:

\[
\boxed{1.000}
\]",True,,,,,[]
281,,"A survey shows that a mayoral candidate is gaining votes at a rate of 2000t + 1000 votes per day, where t is the number of days since she announced her candidacy. How many supporters will the candidate have after 60 days, assuming that she had no supporters at t = 0?",3660000,"To find the total number of supporters the candidate will have after 60 days, we need to integrate the rate of gaining votes over the time period from \( t = 0 \) to \( t = 60 \).

The rate of gaining votes is given by the function:
\[ f(t) = 2000t + 1000 \]

To find the total number of votes, we integrate this function with respect to \( t \) from 0 to 60:
\[ \int_{0}^{60} (2000t + 1000) \, dt \]

First, we find the antiderivative of \( 2000t + 1000 \):
\[ \int (2000t + 1000) \, dt = 2000 \cdot \frac{t^2}{2} + 1000t + C = 1000t^2 + 1000t + C \]

Now, we evaluate this antiderivative from 0 to 60:
\[ \left[ 1000t^2 + 1000t \right]_{0}^{60} \]

Calculate the value at \( t = 60 \):
\[ 1000(60)^2 + 1000(60) = 1000 \times 3600 + 1000 \times 60 = 3600000 + 60000 = 3660000 \]

Calculate the value at \( t = 0 \):
\[ 1000(0)^2 + 1000(0) = 0 \]

Subtract the value at \( t = 0 \) from the value at \( t = 60 \):
\[ 3660000 - 0 = 3660000 \]

Therefore, the candidate will have 3,660,000 supporters after 60 days.

The answer is:
3660000",True,,,,,[]
283,,Use the Trapezoidal Rule with to approximate $\int_0^{\pi} sin^2(x)dx$. Return the approximated demical value.,1.570796,"To approximate the integral \(\int_0^{\pi} \sin^2(x) \, dx\) using the Trapezoidal Rule, we first need to determine the number of subintervals, \(n\), and the width of each subinterval, \(h\).

Let's choose \(n = 4\) for simplicity. The interval \([0, \pi]\) is divided into 4 equal subintervals, so the width of each subinterval is:

\[
h = \frac{\pi - 0}{4} = \frac{\pi}{4}
\]

The endpoints of the subintervals are:

\[
x_0 = 0, \quad x_1 = \frac{\pi}{4}, \quad x_2 = \frac{\pi}{2}, \quad x_3 = \frac{3\pi}{4}, \quad x_4 = \pi
\]

The Trapezoidal Rule formula is:

\[
\int_a^b f(x) \, dx \approx \frac{h}{2} \left[ f(x_0) + 2f(x_1) + 2f(x_2) + 2f(x_3) + f(x_4) \right]
\]

For \(f(x) = \sin^2(x)\), we calculate:

\[
f(x_0) = \sin^2(0) = 0
\]

\[
f(x_1) = \sin^2\left(\frac{\pi}{4}\right) = \left(\frac{\sqrt{2}}{2}\right)^2 = \frac{1}{2}
\]

\[
f(x_2) = \sin^2\left(\frac{\pi}{2}\right) = 1
\]

\[
f(x_3) = \sin^2\left(\frac{3\pi}{4}\right) = \left(\frac{\sqrt{2}}{2}\right)^2 = \frac{1}{2}
\]

\[
f(x_4) = \sin^2(\pi) = 0
\]

Substituting these into the Trapezoidal Rule formula gives:

\[
\int_0^{\pi} \sin^2(x) \, dx \approx \frac{\pi/4}{2} \left[ 0 + 2 \times \frac{1}{2} + 2 \times 1 + 2 \times \frac{1}{2} + 0 \right]
\]

\[
= \frac{\pi}{8} \left[ 0 + 1 + 2 + 1 + 0 \right]
\]

\[
= \frac{\pi}{8} \times 4
\]

\[
= \frac{4\pi}{8} = \frac{\pi}{2}
\]

Thus, the approximate value of the integral using the Trapezoidal Rule is:

\[
\boxed{1.5708}
\]",True,,,,,[]
284,,Let $a_0=5/2$ and $a_k=(a_{k-1})^2-2$ for $k\geq 1$. Compute $\prod_{k=0}^{\infty}(1-1/a_k)$ in closed form.,0.42857,"To solve the problem, we need to compute the infinite product \(\prod_{k=0}^{\infty}(1-1/a_k)\) where the sequence \((a_k)\) is defined by \(a_0 = \frac{5}{2}\) and \(a_k = (a_{k-1})^2 - 2\) for \(k \geq 1\).

First, let's explore the sequence \((a_k)\):

- \(a_0 = \frac{5}{2}\).
- \(a_1 = \left(\frac{5}{2}\right)^2 - 2 = \frac{25}{4} - 2 = \frac{25}{4} - \frac{8}{4} = \frac{17}{4}\).
- \(a_2 = \left(\frac{17}{4}\right)^2 - 2 = \frac{289}{16} - 2 = \frac{289}{16} - \frac{32}{16} = \frac{257}{16}\).

The recurrence relation \(a_k = (a_{k-1})^2 - 2\) is a form of the recurrence relation for the Chebyshev polynomials of the first kind, which are defined by \(T_k(x) = 2xT_{k-1}(x) - T_{k-2}(x)\) with initial conditions \(T_0(x) = 1\) and \(T_1(x) = x\). The sequence \(a_k\) is related to the cosine function through the identity \(a_k = 2\cos(2^k \theta)\) for some angle \(\theta\).

Given \(a_0 = \frac{5}{2} = 2\cos(\theta)\), we have \(\cos(\theta) = \frac{5}{4}\). However, this is not possible since the cosine of a real angle must be between \(-1\) and \(1\). Therefore, the sequence \((a_k)\) is not directly related to real angles, but it can be analyzed using complex numbers.

The product \(\prod_{k=0}^{\infty}(1-1/a_k)\) can be simplified using the identity for Chebyshev polynomials. Specifically, the product \(\prod_{k=0}^{\infty}(1 - \frac{1}{a_k})\) converges to a known value when the sequence is related to Chebyshev polynomials. The infinite product \(\prod_{k=0}^{\infty}(1 - \frac{1}{a_k})\) is known to converge to \(\frac{1}{2}\) for sequences of this form.

Thus, the closed form of the infinite product is:

\[
\boxed{\frac{1}{2}}
\]",False,,,,,[]
286,,Assume a temperature of 300 K and find the wavelength of the photon necessary to cause an electron to jump from the valence to the conduction band in silicon in nm.,1130.0,"To solve this problem, we need to find the energy required for an electron to jump from the valence band to the conduction band in silicon, which is known as the band gap energy. For silicon, the band gap energy is approximately 1.12 eV (electron volts).

Next, we need to convert this energy into a wavelength of a photon. The energy of a photon is related to its wavelength by the equation:

\[ E = \frac{hc}{\lambda} \]

where:
- \( E \) is the energy of the photon in joules,
- \( h \) is Planck's constant (\(6.626 \times 10^{-34} \, \text{J s}\)),
- \( c \) is the speed of light (\(3.00 \times 10^8 \, \text{m/s}\)),
- \( \lambda \) is the wavelength in meters.

First, we need to convert the band gap energy from electron volts to joules. The conversion factor is:

\[ 1 \, \text{eV} = 1.602 \times 10^{-19} \, \text{J} \]

So, the energy in joules is:

\[ E = 1.12 \, \text{eV} \times 1.602 \times 10^{-19} \, \text{J/eV} = 1.79424 \times 10^{-19} \, \text{J} \]

Now, we can solve for the wavelength \( \lambda \):

\[ \lambda = \frac{hc}{E} = \frac{6.626 \times 10^{-34} \, \text{J s} \times 3.00 \times 10^8 \, \text{m/s}}{1.79424 \times 10^{-19} \, \text{J}} \]

\[ \lambda = \frac{1.9878 \times 10^{-25} \, \text{J m}}{1.79424 \times 10^{-19} \, \text{J}} \]

\[ \lambda = 1.108 \times 10^{-6} \, \text{m} \]

To convert this wavelength from meters to nanometers, we use the conversion factor:

\[ 1 \, \text{m} = 10^9 \, \text{nm} \]

So, the wavelength in nanometers is:

\[ \lambda = 1.108 \times 10^{-6} \, \text{m} \times 10^9 \, \text{nm/m} = 1108 \, \text{nm} \]

Therefore, the wavelength of the photon necessary to cause an electron to jump from the valence to the conduction band in silicon is approximately \( \boxed{1108} \) nm.",False,,,,,[]
287,,What is the order of the group S_3 * Z_2?,12,"To find the order of the group \( S_3 \times \mathbb{Z}_2 \), we need to determine the order of each individual group and then multiply these orders together.

1. **Order of \( S_3 \):**  
   \( S_3 \) is the symmetric group on 3 elements. The order of \( S_3 \) is the number of permutations of 3 elements, which is \( 3! = 6 \).

2. **Order of \( \mathbb{Z}_2 \):**  
   \( \mathbb{Z}_2 \) is the cyclic group of order 2. Therefore, the order of \( \mathbb{Z}_2 \) is 2.

Now, we multiply the orders of these two groups to find the order of the direct product \( S_3 \times \mathbb{Z}_2 \):

\[
\text{Order of } S_3 \times \mathbb{Z}_2 = 6 \times 2 = 12
\]

Thus, the order of the group \( S_3 \times \mathbb{Z}_2 \) is \(\boxed{12}\).",True,,,,,[]
288,,"Let's assume that the 10-year annual return for the S&P 500 (market portfolio) is 10%, while the average annual return on Treasury bills (a good proxy for the risk-free rate) is 5%. Whats the market Treynor Ratio? Return the numeric value between 0 and 1.",0.05,"To calculate the Treynor Ratio, we use the formula:

\[
\text{Treynor Ratio} = \frac{\text{Portfolio Return} - \text{Risk-Free Rate}}{\text{Beta of the Portfolio}}
\]

In this problem, we are considering the market portfolio, which is the S&P 500. For the market portfolio, the beta is typically 1. 

Given:
- Portfolio Return (S&P 500) = 10%
- Risk-Free Rate (Treasury bills) = 5%
- Beta of the market portfolio = 1

Substitute these values into the formula:

\[
\text{Treynor Ratio} = \frac{10\% - 5\%}{1} = \frac{5\%}{1} = 5\%
\]

Convert the percentage to a decimal:

\[
5\% = 0.05
\]

Therefore, the market Treynor Ratio is:

\[
\boxed{0.05}
\]",True,,,,,[]
290,,"Both A, B are n-by-n matrices with rank(A)=n, rank(A*B)=0. What is rank(B)?",0.0,"Given that \( A \) and \( B \) are \( n \times n \) matrices, with \( \text{rank}(A) = n \) and \( \text{rank}(A \times B) = 0 \), we need to determine \( \text{rank}(B) \).

1. Since \( \text{rank}(A) = n \), matrix \( A \) is full rank, meaning it is invertible.

2. The rank of a product of matrices \( A \times B \) is at most the minimum of the ranks of \( A \) and \( B \). Therefore, \( \text{rank}(A \times B) \leq \min(\text{rank}(A), \text{rank}(B)) \).

3. Given \( \text{rank}(A \times B) = 0 \), this implies that the product \( A \times B \) is the zero matrix.

4. Since \( A \) is invertible, multiplying both sides of the equation \( A \times B = 0 \) by \( A^{-1} \) (the inverse of \( A \)) gives:
   \[
   A^{-1} \times (A \times B) = A^{-1} \times 0
   \]
   \[
   (A^{-1} \times A) \times B = 0
   \]
   \[
   I \times B = 0
   \]
   \[
   B = 0
   \]

5. Therefore, \( B \) must be the zero matrix, which has rank 0.

Thus, the rank of \( B \) is \(\boxed{0}\).",True,,,,,[]
292,,"A door 1.00 m wide, of mass 15 kg, can rotate freely about a vertical axis through its hinges. A bullet with a mass of 10 g and a speed of 400 m/s strikes the center of the door, in a direction perpendicular to the plane of the door, and embeds itself there. Find the door's angular speed. (Unit: rad/s)",0.4,"To solve this problem, we need to use the principle of conservation of angular momentum. The bullet strikes the door and embeds itself, causing the door to rotate. The initial angular momentum of the system is due to the bullet, and the final angular momentum is due to the rotating door with the bullet embedded in it.

1. **Calculate the initial angular momentum of the bullet:**

   The initial linear momentum of the bullet is given by:
   \[
   p = mv = (0.01 \, \text{kg})(400 \, \text{m/s}) = 4 \, \text{kg} \cdot \text{m/s}
   \]

   Since the bullet strikes the door at its center, the distance from the axis of rotation (the hinges) to the point of impact is \( r = 0.5 \, \text{m} \) (half the width of the door).

   The initial angular momentum \( L_i \) of the bullet about the axis of rotation is:
   \[
   L_i = r \times p = 0.5 \, \text{m} \times 4 \, \text{kg} \cdot \text{m/s} = 2 \, \text{kg} \cdot \text{m}^2/\text{s}
   \]

2. **Calculate the moment of inertia of the door with the embedded bullet:**

   The moment of inertia \( I \) of the door about the hinges is:
   \[
   I_{\text{door}} = \frac{1}{3} m_{\text{door}} w^2 = \frac{1}{3} (15 \, \text{kg}) (1.00 \, \text{m})^2 = 5 \, \text{kg} \cdot \text{m}^2
   \]

   The moment of inertia of the bullet, treated as a point mass at a distance \( r = 0.5 \, \text{m} \) from the axis, is:
   \[
   I_{\text{bullet}} = m_{\text{bullet}} r^2 = (0.01 \, \text{kg}) (0.5 \, \text{m})^2 = 0.0025 \, \text{kg} \cdot \text{m}^2
   \]

   The total moment of inertia of the system is:
   \[
   I_{\text{total}} = I_{\text{door}} + I_{\text{bullet}} = 5 \, \text{kg} \cdot \text{m}^2 + 0.0025 \, \text{kg} \cdot \text{m}^2 = 5.0025 \, \text{kg} \cdot \text{m}^2
   \]

3. **Apply conservation of angular momentum:**

   The initial angular momentum \( L_i \) is equal to the final angular momentum \( L_f \):
   \[
   L_i = I_{\text{total}} \cdot \omega
   \]

   Solving for the angular speed \( \omega \):
   \[
   \omega = \frac{L_i}{I_{\text{total}}} = \frac{2 \, \text{kg} \cdot \text{m}^2/\text{s}}{5.0025 \, \text{kg} \cdot \text{m}^2} \approx 0.3998 \, \text{rad/s}
   \]

Therefore, the angular speed of the door after the bullet embeds itself is approximately \( \boxed{0.3998} \) rad/s.",True,,,,,[]
293,,"Estimate the PE ratio for a firm that has the following characteristics:
Length of high growth = five years
Growth rate in first five years = 25%
Payout ratio in first five years = 20%
Growth rate after five years = 8%
Payout ratio after five years = 50%
Beta = 1.0 
Risk-free rate = T-bond rate = 6%
Cost of equity = 6% + 1(5.5%) = 11.5%
Risk premium = 5.5%
What is the estimated PE ratio for this firm?",28.75,"To estimate the Price-to-Earnings (PE) ratio for the firm, we need to calculate the present value of the expected future dividends and then divide it by the earnings per share (EPS).

1. **Calculate the expected dividends during the high growth period (first five years):**

   - Year 1 to Year 5: The growth rate is 25% and the payout ratio is 20%.
   - Assume the initial earnings per share (EPS) is $1 for simplicity.

   For each year, the dividends can be calculated as:
   \[
   \text{Dividend}_t = \text{EPS}_t \times \text{Payout Ratio}
   \]
   where \(\text{EPS}_t = \text{EPS}_{t-1} \times (1 + \text{Growth Rate})\).

   - Year 1: \(\text{EPS}_1 = 1 \times 1.25 = 1.25\), \(\text{Dividend}_1 = 1.25 \times 0.20 = 0.25\)
   - Year 2: \(\text{EPS}_2 = 1.25 \times 1.25 = 1.5625\), \(\text{Dividend}_2 = 1.5625 \times 0.20 = 0.3125\)
   - Year 3: \(\text{EPS}_3 = 1.5625 \times 1.25 = 1.953125\), \(\text{Dividend}_3 = 1.953125 \times 0.20 = 0.390625\)
   - Year 4: \(\text{EPS}_4 = 1.953125 \times 1.25 = 2.44140625\), \(\text{Dividend}_4 = 2.44140625 \times 0.20 = 0.48828125\)
   - Year 5: \(\text{EPS}_5 = 2.44140625 \times 1.25 = 3.0517578125\), \(\text{Dividend}_5 = 3.0517578125 \times 0.20 = 0.6103515625\)

2. **Calculate the expected dividends after the high growth period (from year 6 onwards):**

   - From Year 6 onwards, the growth rate is 8% and the payout ratio is 50%.
   - \(\text{EPS}_6 = 3.0517578125 \times 1.08 = 3.2959\)
   - \(\text{Dividend}_6 = 3.2959 \times 0.50 = 1.64795\)

3. **Calculate the present value of dividends:**

   The present value of dividends during the high growth period (years 1 to 5) is calculated using the cost of equity (11.5%):

   \[
   \text{PV of Dividends} = \sum_{t=1}^{5} \frac{\text{Dividend}_t}{(1 + 0.115)^t}
   \]

   - PV of Dividends (Year 1 to 5):
     \[
     \begin{align*}
     \text{PV}_1 &= \frac{0.25}{1.115} = 0.2242, \\
     \text{PV}_2 &= \frac{0.3125}{1.115^2} = 0.2517, \\
     \text{PV}_3 &= \frac{0.390625}{1.115^3} = 0.2761, \\
     \text{PV}_4 &= \frac{0.48828125}{1.115^4} = 0.2973, \\
     \text{PV}_5 &= \frac{0.6103515625}{1.115^5} = 0.3151.
     \end{align*}
     \]

   - Total PV of Dividends (Year 1 to 5) = 0.2242 + 0.2517 + 0.2761 + 0.2973 + 0.3151 = 1.3644

4. **Calculate the terminal value at the end of year 5:**

   The terminal value is the present value of all dividends from year 6 onwards, assuming a constant growth rate of 8%:

   \[
   \text{Terminal Value} = \frac{\text{Dividend}_6}{\text{Cost of Equity} - \text{Growth Rate}} = \frac{1.64795}{0.115 - 0.08} = 47.0843
   \]

   The present value of the terminal value is:
   \[
   \text{PV of Terminal Value} = \frac{47.0843}{(1.115)^5} = 27.4423
   \]

5. **Calculate the total present value of dividends:**

   \[
   \text{Total PV of Dividends} = 1.3644 + 27.4423 = 28.8067
   \]

6. **Calculate the PE ratio:**

   Since we assumed the initial EPS is $1, the PE ratio is simply the total present value of dividends:

   \[
   \text{PE Ratio} = 28.8067
   \]

Therefore, the estimated PE ratio for the firm is approximately **28.81**.",True,,,,,[]
295,,"Mr. Jackson bought his house in 1995, and financed the loan for 30 years at an interest rate of 7.8%. His monthly payment was $1260. In 2015, Mr. Jackson decides to pay off the loan. Find the balance of the loan he still owes.",104761.48,"To find the balance of the loan Mr. Jackson still owes in 2015, we need to calculate the remaining balance of the mortgage after 20 years of payments.

First, let's determine the original loan amount using the monthly payment formula for a fixed-rate mortgage:

\[ M = P \frac{r(1+r)^n}{(1+r)^n - 1} \]

Where:
- \( M \) is the monthly payment ($1260),
- \( P \) is the principal (loan amount),
- \( r \) is the monthly interest rate,
- \( n \) is the total number of payments.

Given:
- Annual interest rate = 7.8%, so the monthly interest rate \( r = \frac{7.8}{100 \times 12} = 0.0065 \),
- Total number of payments for a 30-year loan \( n = 30 \times 12 = 360 \).

Rearranging the formula to solve for \( P \):

\[ P = M \frac{(1+r)^n - 1}{r(1+r)^n} \]

Substitute the known values:

\[ P = 1260 \frac{(1+0.0065)^{360} - 1}{0.0065(1+0.0065)^{360}} \]

Calculate \( (1+0.0065)^{360} \):

\[ (1.0065)^{360} \approx 10.8985 \]

Now substitute back:

\[ P = 1260 \frac{10.8985 - 1}{0.0065 \times 10.8985} \]

\[ P = 1260 \frac{9.8985}{0.07084} \]

\[ P \approx 1260 \times 139.693 \]

\[ P \approx 176,000 \]

The original loan amount was approximately $176,000.

Next, calculate the remaining balance after 20 years (240 payments):

The remaining balance formula is:

\[ B = P \frac{(1+r)^n - (1+r)^p}{(1+r)^n - 1} \]

Where:
- \( p \) is the number of payments made (240).

Substitute the known values:

\[ B = 176,000 \frac{(1.0065)^{360} - (1.0065)^{240}}{(1.0065)^{360} - 1} \]

Calculate \( (1.0065)^{240} \):

\[ (1.0065)^{240} \approx 4.918 \]

Now substitute back:

\[ B = 176,000 \frac{10.8985 - 4.918}{10.8985 - 1} \]

\[ B = 176,000 \frac{5.9805}{9.8985} \]

\[ B \approx 176,000 \times 0.6041 \]

\[ B \approx 106,322 \]

The balance of the loan Mr. Jackson still owes in 2015 is approximately $106,322.",False,,,,,[]
296,,"Given 3 Colors whose RGB representations are given as follows: Color 1: (0.5, 0.5, 0.5), Color 2: (0.4, 0.6, 0.5), Color 3: (0.3, 0.7, 0.5), Which Color does not carry chrominance (Color) Information? Answer with 1 or 2 or 3.",1,"To determine which color does not carry chrominance (color) information, we need to identify the color that is a shade of gray. A color is a shade of gray if its RGB components are equal, meaning it has no hue or saturation, only luminance.

Let's examine the given colors:

- Color 1: (0.5, 0.5, 0.5)
- Color 2: (0.4, 0.6, 0.5)
- Color 3: (0.3, 0.7, 0.5)

Color 1 has equal RGB components (0.5, 0.5, 0.5), which means it is a shade of gray and does not carry chrominance information.

Colors 2 and 3 have different RGB components, indicating they have chrominance information.

Therefore, the color that does not carry chrominance information is Color 1.

The answer is 1.",False,,,,,[]
297,,"Calculate the interest rate (between 0 and 1) for an account that started with $5,000 and now has $13,000 and has been compounded annually for the past 12 years. Answer with the numeric value.",0.0828,"To find the interest rate, we can use the formula for compound interest:

\[ A = P(1 + r)^n \]

where:
- \( A \) is the amount of money accumulated after n years, including interest.
- \( P \) is the principal amount (the initial amount of money).
- \( r \) is the annual interest rate (in decimal form).
- \( n \) is the number of years the money is invested or borrowed for.

In this problem:
- \( A = 13,000 \)
- \( P = 5,000 \)
- \( n = 12 \)

We need to solve for \( r \).

Plug the values into the formula:

\[ 13,000 = 5,000(1 + r)^{12} \]

First, divide both sides by 5,000 to isolate the compound interest term:

\[ \frac{13,000}{5,000} = (1 + r)^{12} \]

\[ 2.6 = (1 + r)^{12} \]

Next, take the 12th root of both sides to solve for \( 1 + r \):

\[ (1 + r) = 2.6^{\frac{1}{12}} \]

Now, calculate \( 2.6^{\frac{1}{12}} \):

\[ 2.6^{\frac{1}{12}} \approx 1.08377 \]

Subtract 1 from both sides to solve for \( r \):

\[ r \approx 1.08377 - 1 \]

\[ r \approx 0.08377 \]

Therefore, the interest rate is approximately \( 0.08377 \).",False,,,,,[]
299,,In how many ways can a group of 10 people be divided into 3 non-empty subsets?,9330,"To solve this problem, we need to determine the number of ways to partition a set of 10 people into 3 non-empty subsets. This is a classic problem in combinatorics, and the solution involves using the Stirling numbers of the second kind.

The Stirling number of the second kind, denoted \( S(n, k) \), represents the number of ways to partition a set of \( n \) elements into \( k \) non-empty subsets. In this problem, we are looking for \( S(10, 3) \).

The Stirling numbers of the second kind can be calculated using the following recursive formula:

\[
S(n, k) = k \cdot S(n-1, k) + S(n-1, k-1)
\]

with the initial conditions:

\[
S(0, 0) = 1
\]
\[
S(n, 0) = 0 \quad \text{for } n > 0
\]
\[
S(0, k) = 0 \quad \text{for } k > 0
\]

We need to calculate \( S(10, 3) \). Let's compute it step by step:

1. \( S(1, 1) = 1 \)
2. \( S(2, 1) = 1 \), \( S(2, 2) = 1 \)
3. \( S(3, 1) = 1 \), \( S(3, 2) = 3 \), \( S(3, 3) = 1 \)
4. \( S(4, 1) = 1 \), \( S(4, 2) = 7 \), \( S(4, 3) = 6 \), \( S(4, 4) = 1 \)
5. \( S(5, 1) = 1 \), \( S(5, 2) = 15 \), \( S(5, 3) = 25 \), \( S(5, 4) = 10 \), \( S(5, 5) = 1 \)
6. \( S(6, 1) = 1 \), \( S(6, 2) = 31 \), \( S(6, 3) = 90 \), \( S(6, 4) = 65 \), \( S(6, 5) = 15 \), \( S(6, 6) = 1 \)
7. \( S(7, 1) = 1 \), \( S(7, 2) = 63 \), \( S(7, 3) = 301 \), \( S(7, 4) = 350 \), \( S(7, 5) = 140 \), \( S(7, 6) = 21 \), \( S(7, 7) = 1 \)
8. \( S(8, 1) = 1 \), \( S(8, 2) = 127 \), \( S(8, 3) = 966 \), \( S(8, 4) = 1701 \), \( S(8, 5) = 1050 \), \( S(8, 6) = 266 \), \( S(8, 7) = 28 \), \( S(8, 8) = 1 \)
9. \( S(9, 1) = 1 \), \( S(9, 2) = 255 \), \( S(9, 3) = 3025 \), \( S(9, 4) = 7770 \), \( S(9, 5) = 6951 \), \( S(9, 6) = 2646 \), \( S(9, 7) = 462 \), \( S(9, 8) = 36 \), \( S(9, 9) = 1 \)
10. \( S(10, 1) = 1 \), \( S(10, 2) = 511 \), \( S(10, 3) = 9330 \), \( S(10, 4) = 34105 \), \( S(10, 5) = 42525 \), \( S(10, 6) = 22827 \), \( S(10, 7) = 5880 \), \( S(10, 8) = 750 \), \( S(10, 9) = 45 \), \( S(10, 10) = 1 \)

Thus, the number of ways to partition a set of 10 people into 3 non-empty subsets is \( S(10, 3) = 9330 \).

Therefore, the answer is:

9330",True,,,,,[]
300,,"Suppose Host A wants to send a large file to Host B. The path from Host A to Host B has three links, of rates R1 = 500 kbps, R2 = 2 Mbps, and R3 = Mbps. Assuming no other traffic in the network, what is the throughput for the file transfer? (in kbps)",500,"To determine the throughput for the file transfer, we need to identify the bottleneck link in the path from Host A to Host B. The throughput of the file transfer will be limited by the link with the lowest rate.

The given link rates are:
- R1 = 500 kbps
- R2 = 2 Mbps = 2000 kbps
- R3 = Mbps (assuming this is a typo and should be 1 Mbps = 1000 kbps)

The bottleneck link is the one with the smallest rate, which is R1 = 500 kbps.

Therefore, the throughput for the file transfer is limited by the bottleneck link, which is 500 kbps.

The throughput for the file transfer is 500 kbps.",True,,,,,[]
301,,The asteroid Pallas has an orbital period of 4.62 years and an orbital eccentricity of 0.233. Find the semi-major axis of its orbit. (Unit: 10^11 m),4.15,"To find the semi-major axis of the asteroid Pallas's orbit, we can use Kepler's Third Law of Planetary Motion, which relates the orbital period of a planet to the semi-major axis of its orbit. Kepler's Third Law is given by:

\[ T^2 = a^3 \]

where:
- \( T \) is the orbital period in years,
- \( a \) is the semi-major axis in astronomical units (AU).

Given:
- The orbital period \( T = 4.62 \) years.

First, we solve for \( a \) using the formula:

\[ a^3 = T^2 \]

\[ a^3 = (4.62)^2 \]

\[ a^3 = 21.3444 \]

To find \( a \), take the cube root of both sides:

\[ a = \sqrt[3]{21.3444} \]

\[ a \approx 2.77 \, \text{AU} \]

Now, we need to convert the semi-major axis from astronomical units to meters. The average distance from the Earth to the Sun (1 AU) is approximately \( 1.496 \times 10^{11} \) meters.

Thus, the semi-major axis in meters is:

\[ a \approx 2.77 \times 1.496 \times 10^{11} \, \text{m} \]

\[ a \approx 4.14672 \times 10^{11} \, \text{m} \]

Finally, we express this in the given unit of \( 10^{11} \) meters:

\[ a \approx 4.15 \]

Therefore, the semi-major axis of the asteroid Pallas's orbit is approximately \( 4.15 \times 10^{11} \) meters.",True,,,,,[]
302,,A cylindrical tank of height 4 m and radius 1 m is filled with water. Water drains through a square hole of side 2 cm in the bottom. How long does it take for the tank to go from full to empty?,7142,"To solve this problem, we need to determine how long it takes for the water to drain from the cylindrical tank through the square hole. We will use Torricelli's Law, which relates the speed of efflux of a fluid under gravity through an orifice to the height of the fluid above the orifice.

First, let's gather the given information:
- The height of the cylindrical tank, \( h = 4 \) meters.
- The radius of the cylindrical tank, \( r = 1 \) meter.
- The area of the square hole, with side length \( s = 2 \) cm = 0.02 meters.

The area of the square hole, \( A_h \), is:
\[ A_h = s^2 = (0.02)^2 = 0.0004 \, \text{m}^2. \]

The volume of the cylindrical tank, \( V \), is:
\[ V = \pi r^2 h = \pi (1)^2 (4) = 4\pi \, \text{m}^3. \]

According to Torricelli's Law, the speed \( v \) of the water flowing out of the hole is given by:
\[ v = \sqrt{2gh}, \]
where \( g = 9.81 \, \text{m/s}^2 \) is the acceleration due to gravity, and \( h \) is the height of the water above the hole.

The flow rate \( Q \) through the hole is:
\[ Q = A_h v = A_h \sqrt{2gh}. \]

The rate of change of the volume of water in the tank is equal to the negative of the flow rate:
\[ \frac{dV}{dt} = -A_h \sqrt{2gh}. \]

Since the volume of the tank is \( V = \pi r^2 h \), we have:
\[ \frac{dV}{dt} = \pi r^2 \frac{dh}{dt}. \]

Equating the two expressions for \( \frac{dV}{dt} \), we get:
\[ \pi r^2 \frac{dh}{dt} = -A_h \sqrt{2gh}. \]

Solving for \( \frac{dh}{dt} \), we have:
\[ \frac{dh}{dt} = -\frac{A_h}{\pi r^2} \sqrt{2gh}. \]

Separating variables and integrating from \( h = 4 \) to \( h = 0 \), we have:
\[ \int_{4}^{0} \frac{1}{\sqrt{h}} \, dh = -\frac{A_h \sqrt{2g}}{\pi r^2} \int_{0}^{T} \, dt. \]

The integral of \( \frac{1}{\sqrt{h}} \) is \( 2\sqrt{h} \), so:
\[ 2\sqrt{h} \bigg|_{4}^{0} = -\frac{A_h \sqrt{2g}}{\pi r^2} T. \]

Evaluating the integral, we get:
\[ 2(0) - 2(2) = -\frac{A_h \sqrt{2g}}{\pi r^2} T. \]

This simplifies to:
\[ -4 = -\frac{A_h \sqrt{2g}}{\pi r^2} T. \]

Solving for \( T \), we have:
\[ T = \frac{4\pi r^2}{A_h \sqrt{2g}}. \]

Substituting the known values:
\[ T = \frac{4\pi (1)^2}{0.0004 \sqrt{2 \times 9.81}}. \]

Calculating the expression:
\[ T = \frac{4\pi}{0.0004 \times \sqrt{19.62}}. \]

\[ \sqrt{19.62} \approx 4.43. \]

\[ T = \frac{4\pi}{0.0004 \times 4.43}. \]

\[ T = \frac{4\pi}{0.001772}. \]

\[ T \approx \frac{12.5664}{0.001772}. \]

\[ T \approx 7091.5 \, \text{seconds}. \]

Therefore, the time it takes for the tank to go from full to empty is approximately \( 7092 \) seconds.

7092",True,,,,,[]
303,,"For a simple random walk S_n with S_0=0 and P(S_n-S_{n-1}=1)=1/4, P(S_n-S_{n-1}=-1)=3/4. Let M=\max{S_n:n\geq 0}. What is the probability of the event {M\geq 5}? Round the answer to the thousands decimal.",0.01234567,"To solve this problem, we need to find the probability that the maximum value \( M \) of the simple random walk \( S_n \) is at least 5. The random walk starts at 0, and at each step, it moves up by 1 with probability \( \frac{1}{4} \) and down by 1 with probability \( \frac{3}{4} \).

The event \( \{ M \geq 5 \} \) means that at some point, the random walk reaches 5. We can use the concept of a hitting probability to solve this problem. Specifically, we want to find the probability that the random walk hits 5 before returning to 0.

Let \( p_k \) be the probability that starting from position \( k \), the random walk eventually reaches 5 before returning to 0. We are interested in \( p_0 \).

The boundary conditions are:
- \( p_5 = 1 \) because if the walk is at 5, it has already reached 5.
- \( p_0 = 0 \) because if the walk returns to 0, it has not reached 5.

For \( 1 \leq k \leq 4 \), the probability \( p_k \) satisfies the recurrence relation:
\[
p_k = \frac{1}{4} p_{k+1} + \frac{3}{4} p_{k-1}
\]

We solve this system of equations:
1. \( p_5 = 1 \)
2. \( p_4 = \frac{1}{4} \cdot 1 + \frac{3}{4} p_3 \)
3. \( p_3 = \frac{1}{4} p_4 + \frac{3}{4} p_2 \)
4. \( p_2 = \frac{1}{4} p_3 + \frac{3}{4} p_1 \)
5. \( p_1 = \frac{1}{4} p_2 + \frac{3}{4} \cdot 0 \)

Substituting backwards:
- From equation 5: \( p_1 = \frac{1}{4} p_2 \)
- From equation 4: \( p_2 = \frac{1}{4} p_3 + \frac{3}{4} \cdot \frac{1}{4} p_2 \)
  \[
  p_2 = \frac{1}{4} p_3 + \frac{3}{16} p_2 \implies \frac{13}{16} p_2 = \frac{1}{4} p_3 \implies p_2 = \frac{4}{13} p_3
  \]
- From equation 3: \( p_3 = \frac{1}{4} p_4 + \frac{3}{4} \cdot \frac{4}{13} p_3 \)
  \[
  p_3 = \frac{1}{4} p_4 + \frac{12}{52} p_3 \implies \frac{40}{52} p_3 = \frac{1}{4} p_4 \implies p_3 = \frac{13}{40} p_4
  \]
- From equation 2: \( p_4 = \frac{1}{4} + \frac{3}{4} \cdot \frac{13}{40} p_4 \)
  \[
  p_4 = \frac{1}{4} + \frac{39}{160} p_4 \implies \frac{121}{160} p_4 = \frac{1}{4} \implies p_4 = \frac{40}{121}
  \]

Now, substituting back:
- \( p_3 = \frac{13}{40} \cdot \frac{40}{121} = \frac{13}{121} \)
- \( p_2 = \frac{4}{13} \cdot \frac{13}{121} = \frac{4}{121} \)
- \( p_1 = \frac{1}{4} \cdot \frac{4}{121} = \frac{1}{121} \)

Thus, the probability that the random walk reaches 5 before returning to 0, starting from 0, is \( p_0 = 0 \).

Therefore, the probability of the event \( \{ M \geq 5 \} \) is:

\[
\boxed{0.001}
\]",False,,,,,[]
304,,"In year N, the 300th day of the year is a Tuesday. In year N + 1, the 200th day is also a Tuesday. Suppose Monday is the 1-th day of the week, on which day of the week did the 100th day of the year N - 1 occur? Return a numeric between 1 and 7.",4,"To solve this problem, we need to determine the day of the week for the 100th day of year N - 1, given the information about the 300th day of year N and the 200th day of year N + 1.

1. **Determine the day of the week for the 300th day of year N:**
   - We know the 300th day of year N is a Tuesday. In numeric terms, with Monday as 1, Tuesday is 2.

2. **Determine the day of the week for the 200th day of year N + 1:**
   - The 200th day of year N + 1 is also a Tuesday, which is 2.

3. **Calculate the number of days between the 300th day of year N and the 200th day of year N + 1:**
   - From the 300th day of year N to the end of year N, there are 65 days in a non-leap year (365 - 300 = 65).
   - In a leap year, there would be 66 days (366 - 300 = 66).
   - From the start of year N + 1 to the 200th day, there are 199 days.

4. **Total days between the two given days:**
   - If year N is a non-leap year, the total days are 65 (end of year N) + 199 (start of year N + 1 to 200th day) = 264 days.
   - If year N is a leap year, the total days are 66 + 199 = 265 days.

5. **Determine the leap year status of year N:**
   - Since the 300th day of year N and the 200th day of year N + 1 are both Tuesdays, the total number of days between them must be a multiple of 7 (since a week has 7 days).
   - 264 days is not a multiple of 7, but 265 days is a multiple of 7 (265 ÷ 7 = 37 remainder 6).
   - Therefore, year N must be a leap year.

6. **Determine the day of the week for the 100th day of year N - 1:**
   - Since year N is a leap year, year N - 1 is a non-leap year.
   - The 300th day of year N is a Tuesday. We need to find the day of the week for the 100th day of year N - 1.
   - From the 100th day of year N - 1 to the 300th day of year N, we have:
     - 265 days (full year N, since it's a leap year)
     - Plus 100 days (from the start of year N to the 100th day)
     - Total = 365 days (since year N - 1 is a non-leap year, 365 days in total)

7. **Calculate the day of the week for the 100th day of year N - 1:**
   - 365 days is exactly 52 weeks (365 ÷ 7 = 52 remainder 1).
   - Therefore, the 100th day of year N - 1 is one day before the 300th day of year N.
   - Since the 300th day of year N is a Tuesday (2), the 100th day of year N - 1 is a Monday (1).

Thus, the 100th day of year N - 1 occurred on a Monday, which is represented by the number 1.

The answer is 1.",False,,,,,[]
305,,Use the Runge-Kutta method with $h=0.1$ to find approximate values for the solution of the initial value problem $y' + 2y = x^3e^{-2x}$ with y(0)=1 at $x=0.2$.,0.6705,"To solve the initial value problem using the Runge-Kutta method of order 4, we need to approximate the solution of the differential equation \( y' + 2y = x^3 e^{-2x} \) with the initial condition \( y(0) = 1 \) at \( x = 0.2 \).

First, rewrite the differential equation in the standard form \( y' = f(x, y) \):
\[
y' = x^3 e^{-2x} - 2y
\]
where \( f(x, y) = x^3 e^{-2x} - 2y \).

The Runge-Kutta method of order 4 is given by the following iterative formulas:
\[
k_1 = h f(x_n, y_n)
\]
\[
k_2 = h f\left(x_n + \frac{h}{2}, y_n + \frac{k_1}{2}\right)
\]
\[
k_3 = h f\left(x_n + \frac{h}{2}, y_n + \frac{k_2}{2}\right)
\]
\[
k_4 = h f(x_n + h, y_n + k_3)
\]
\[
y_{n+1} = y_n + \frac{1}{6}(k_1 + 2k_2 + 2k_3 + k_4)
\]

Given \( h = 0.1 \), we start with \( x_0 = 0 \) and \( y_0 = 1 \).

**Step 1: Calculate \( y(0.1) \)**

1. Compute \( k_1 \):
   \[
   k_1 = 0.1 \cdot f(0, 1) = 0.1 \cdot (0^3 e^{-2 \cdot 0} - 2 \cdot 1) = 0.1 \cdot (0 - 2) = -0.2
   \]

2. Compute \( k_2 \):
   \[
   k_2 = 0.1 \cdot f\left(0 + \frac{0.1}{2}, 1 + \frac{-0.2}{2}\right) = 0.1 \cdot f(0.05, 0.9)
   \]
   \[
   f(0.05, 0.9) = (0.05)^3 e^{-2 \cdot 0.05} - 2 \cdot 0.9 = 0.000125 \cdot e^{-0.1} - 1.8
   \]
   \[
   \approx 0.000125 \cdot 0.904837 - 1.8 \approx 0.000113104625 - 1.8 \approx -1.799886895375
   \]
   \[
   k_2 \approx 0.1 \cdot (-1.799886895375) \approx -0.1799886895375
   \]

3. Compute \( k_3 \):
   \[
   k_3 = 0.1 \cdot f\left(0.05, 0.9 + \frac{-0.1799886895375}{2}\right) = 0.1 \cdot f(0.05, 0.81000565523125)
   \]
   \[
   f(0.05, 0.81000565523125) = 0.000125 \cdot e^{-0.1} - 2 \cdot 0.81000565523125
   \]
   \[
   \approx 0.000113104625 - 1.6200113104625 \approx -1.6198982058375
   \]
   \[
   k_3 \approx 0.1 \cdot (-1.6198982058375) \approx -0.16198982058375
   \]

4. Compute \( k_4 \):
   \[
   k_4 = 0.1 \cdot f(0.1, 1 + (-0.16198982058375)) = 0.1 \cdot f(0.1, 0.83801017941625)
   \]
   \[
   f(0.1, 0.83801017941625) = (0.1)^3 e^{-0.2} - 2 \cdot 0.83801017941625
   \]
   \[
   = 0.001 \cdot e^{-0.2} - 1.6760203588325
   \]
   \[
   \approx 0.001 \cdot 0.818730753077 - 1.6760203588325 \approx 0.000818730753077 - 1.6760203588325 \approx -1.675201628079423
   \]
   \[
   k_4 \approx 0.1 \cdot (-1.675201628079423) \approx -0.1675201628079423
   \]

5. Update \( y_1 \):
   \[
   y_1 = 1 + \frac{1}{6}(-0.2 + 2(-0.1799886895375) + 2(-0.16198982058375) + (-0.1675201628079423))
   \]
   \[
   = 1 + \frac{1}{6}(-0.2 - 0.359977379075 - 0.3239796411675 - 0.1675201628079423)
   \]
   \[
   = 1 + \frac{1}{6}(-1.0514771830504423)
   \]
   \[
   = 1 - 0.1752461971750737
   \]
   \[
   \approx 0.8247538028249263
   \]

**Step 2: Calculate \( y(0.2) \)**

1. Compute \( k_1 \):
   \[
   k_1 = 0.1 \cdot f(0.1, 0.8247538028249263) = 0.1 \cdot (0.1^3 e^{-0.2} - 2 \cdot 0.8247538028249263)
   \]
   \[
   = 0.1 \cdot (0.000818730753077 - 1.6495076056498526)
   \]
   \[
   \approx 0.1 \cdot (-1.6486888748967756) \approx -0.16486888748967756
   \]

2. Compute \( k_2 \):
   \[
   k_2 = 0.1 \cdot f\left(0.15, 0.8247538028249263 + \frac{-0.16486888748967756}{2}\right)
   \]
   \[
   = 0.1 \cdot f(0.15, 0.7423193590800875)
   \]
   \[
   f(0.15, 0.7423193590800875) = (0.15)^3 e^{-0.3} - 2 \cdot 0.7423193590800875
   \]
   \[
   = 0.003375 \cdot e^{-0.3} - 1.484638718160175
   \]
   \[
   \approx 0.003375 \cdot 0.7408182206817179 - 1.484638718160175
   \]
   \[
   \approx 0.002499258991799 - 1.484638718160175 \approx -1.482139459168376
   \]
   \[
   k_2 \approx 0.1 \cdot (-1.482139459168376) \approx -0.1482139459168376
   \]

3. Compute \( k_3 \):
   \[
   k_3 = 0.1 \cdot f\left(0.15, 0.8247538028249263 + \frac{-0.1482139459168376}{2}\right)
   \]
   \[
   = 0.1 \cdot f(0.15, 0.7506468298665075)
   \]
   \[
   f(0.15, 0.7506468298665075) = 0.003375 \cdot e^{-0.3} - 2 \cdot 0.7506468298665075
   \]
   \[
   \approx 0.002499258991799 - 1.501293659733015 \approx -1.498794400741216
   \]
   \[
   k_3 \approx 0.1 \cdot (-1.498794400741216) \approx -0.1498794400741216
   \]

4. Compute \( k_4 \):
   \[
   k_4 = 0.1 \cdot f(0.2, 0.8247538028249263 + (-0.1498794400741216))
   \]
   \[
   = 0.1 \cdot f(0.2, 0.6748743627508047)
   \]
   \[
   f(0.2, 0.6748743627508047) = (0.2)^3 e^{-0.4} - 2 \cdot 0.6748743627508047
   \]
   \[
   = 0.008 \cdot e^{-0.4} - 1.3497487255016094
   \]
   \[
   \approx 0.008 \cdot 0.6703200460356393 - 1.3497487255016094
   \]
   \[
   \approx 0.005362560368285114 - 1.3497487255016094 \approx -1.3443861651333243
   \]
   \[
   k_4 \approx 0.1 \cdot (-1.3443861651333243) \approx -0.13443861651333243
   \]

5. Update \( y_2 \):
   \[
   y_2 = 0.8247538028249263 + \frac{1}{6}(-0.16486888748967756 + 2(-0.1482139459168376) + 2(-0.1498794400741216) + (-0.13443861651333243))
   \]
   \[
   = 0.8247538028249263 + \frac{1}{6}(-0.16486888748967756 - 0.2964278918336752 - 0.2997588801482432 - 0.13443861651333243)
   \]
   \[
   = 0.8247538028249263 + \frac{1}{6}(-0.8954942769849284)
   \]
   \[
   = 0.8247538028249263 - 0.14924904616415473
   \]
   \[
   \approx 0.6755047566607716
   \]

Thus, the approximate value of \( y(0.2) \) using the Runge-Kutta method with \( h = 0.1 \) is \( \boxed{0.6755} \).",True,,,,,[]
307,,"Consider a periodic signal $x(t)$ with period $(T)$ equals to ten. Over one period (i.e., $-5 \leq t<5)$, it is defined as $$ x(t)=\left\{\begin{array}{cc} 2 & -5 \leq t<0 \\ -2 & 0 \leq t<5 \end{array}\right. $$ In Fourier series, the signal $x(t)$ is written in the form of $$ x(t)=\sum_{k=-\infty}^{\infty} c_k e^{\frac{j 2 \pi k t}{T}} $$ where the Fourier series coefficient $c_k$ is obtained as, $$ c_k=\frac{1}{T} \int_{-\frac{T}{2}}^{\frac{T}{2}} x(t) e^{-\frac{j 2 \pi k t}{T}} d t $$ Determine the value of $c_0$ (i.e., $\left.k=0\right)$",0,"To determine the value of \( c_0 \), we need to evaluate the Fourier series coefficient for \( k = 0 \). The formula for the Fourier series coefficient is given by:

\[
c_k = \frac{1}{T} \int_{-\frac{T}{2}}^{\frac{T}{2}} x(t) e^{-\frac{j 2 \pi k t}{T}} \, dt
\]

For \( k = 0 \), this simplifies to:

\[
c_0 = \frac{1}{T} \int_{-\frac{T}{2}}^{\frac{T}{2}} x(t) \, dt
\]

Given that the period \( T = 10 \), the interval of integration is from \(-5\) to \(5\). The function \( x(t) \) is defined as:

\[
x(t) = \begin{cases} 
2 & \text{for } -5 \leq t < 0 \\
-2 & \text{for } 0 \leq t < 5 
\end{cases}
\]

Thus, the integral becomes:

\[
c_0 = \frac{1}{10} \left( \int_{-5}^{0} 2 \, dt + \int_{0}^{5} -2 \, dt \right)
\]

Calculating each integral separately:

1. \(\int_{-5}^{0} 2 \, dt = 2 \times (0 - (-5)) = 2 \times 5 = 10\)

2. \(\int_{0}^{5} -2 \, dt = -2 \times (5 - 0) = -2 \times 5 = -10\)

Adding these results:

\[
c_0 = \frac{1}{10} (10 - 10) = \frac{1}{10} \times 0 = 0
\]

Therefore, the value of \( c_0 \) is \(\boxed{0}\).",True,,,,,[]
308,,Does the following series $\sum_{i=0}^{\infty} \frac{n^2 ln(n)}{n!}$ converge?,1.0,"To determine whether the series \(\sum_{i=0}^{\infty} \frac{n^2 \ln(n)}{n!}\) converges, we can apply the Ratio Test. The Ratio Test states that for a series \(\sum a_n\), if

\[
\lim_{n \to \infty} \left| \frac{a_{n+1}}{a_n} \right| = L
\]

and \(L < 1\), then the series converges absolutely.

Let's define \(a_n = \frac{n^2 \ln(n)}{n!}\). We need to find \(a_{n+1}\):

\[
a_{n+1} = \frac{(n+1)^2 \ln(n+1)}{(n+1)!}
\]

Now, compute the ratio \(\frac{a_{n+1}}{a_n}\):

\[
\frac{a_{n+1}}{a_n} = \frac{(n+1)^2 \ln(n+1)}{(n+1)!} \cdot \frac{n!}{n^2 \ln(n)}
\]

Simplifying this expression, we get:

\[
\frac{a_{n+1}}{a_n} = \frac{(n+1)^2 \ln(n+1)}{(n+1) n^2 \ln(n)} = \frac{(n+1) \ln(n+1)}{n^2 \ln(n)}
\]

Now, take the limit as \(n \to \infty\):

\[
\lim_{n \to \infty} \frac{(n+1) \ln(n+1)}{n^2 \ln(n)}
\]

We can simplify this expression further:

\[
= \lim_{n \to \infty} \frac{n+1}{n^2} \cdot \frac{\ln(n+1)}{\ln(n)}
\]

\[
= \lim_{n \to \infty} \left(\frac{n+1}{n^2}\right) \cdot \lim_{n \to \infty} \left(\frac{\ln(n+1)}{\ln(n)}\right)
\]

The first limit is:

\[
\lim_{n \to \infty} \frac{n+1}{n^2} = \lim_{n \to \infty} \left(\frac{1}{n} + \frac{1}{n^2}\right) = 0
\]

The second limit is:

\[
\lim_{n \to \infty} \frac{\ln(n+1)}{\ln(n)} = \lim_{n \to \infty} \frac{\ln(n) + \ln(1 + \frac{1}{n})}{\ln(n)} = 1
\]

Thus, the overall limit is:

\[
\lim_{n \to \infty} \frac{(n+1) \ln(n+1)}{n^2 \ln(n)} = 0 \cdot 1 = 0
\]

Since the limit \(L = 0 < 1\), by the Ratio Test, the series \(\sum_{i=0}^{\infty} \frac{n^2 \ln(n)}{n!}\) converges.

The answer is \(\boxed{1}\) (indicating convergence).",True,,,,,[]
311,,What is \int_{-3}^1 (7x^2 + x +1)dx?,65.333,"To solve the integral \(\int_{-3}^1 (7x^2 + x + 1) \, dx\), we need to find the antiderivative of the function \(7x^2 + x + 1\) and then evaluate it from \(-3\) to \(1\).

First, let's find the antiderivative of each term in the integrand:

1. The antiderivative of \(7x^2\) is \(\frac{7}{3}x^3\).
2. The antiderivative of \(x\) is \(\frac{1}{2}x^2\).
3. The antiderivative of \(1\) is \(x\).

Thus, the antiderivative of \(7x^2 + x + 1\) is:

\[
F(x) = \frac{7}{3}x^3 + \frac{1}{2}x^2 + x
\]

Now, we evaluate this antiderivative from \(-3\) to \(1\):

\[
F(1) = \frac{7}{3}(1)^3 + \frac{1}{2}(1)^2 + 1 = \frac{7}{3} + \frac{1}{2} + 1
\]

\[
F(-3) = \frac{7}{3}(-3)^3 + \frac{1}{2}(-3)^2 + (-3) = \frac{7}{3}(-27) + \frac{1}{2}(9) - 3
\]

Calculate \(F(1)\):

\[
F(1) = \frac{7}{3} + \frac{1}{2} + 1 = \frac{7}{3} + \frac{1}{2} + \frac{2}{2} = \frac{7}{3} + \frac{3}{2}
\]

To add these fractions, find a common denominator, which is 6:

\[
F(1) = \frac{14}{6} + \frac{9}{6} = \frac{23}{6}
\]

Calculate \(F(-3)\):

\[
F(-3) = \frac{7}{3}(-27) + \frac{1}{2}(9) - 3 = -63 + \frac{9}{2} - 3
\]

Convert \(-63\) and \(-3\) to fractions with a denominator of 2:

\[
F(-3) = -\frac{126}{2} + \frac{9}{2} - \frac{6}{2} = -\frac{126}{2} + \frac{9}{2} - \frac{6}{2}
\]

Combine the fractions:

\[
F(-3) = -\frac{126}{2} + \frac{9}{2} - \frac{6}{2} = -\frac{123}{2}
\]

Now, find the definite integral by subtracting \(F(-3)\) from \(F(1)\):

\[
\int_{-3}^1 (7x^2 + x + 1) \, dx = F(1) - F(-3) = \frac{23}{6} - \left(-\frac{123}{2}\right)
\]

Convert \(\frac{23}{6}\) to a fraction with a denominator of 6:

\[
\frac{123}{2} = \frac{369}{6}
\]

Now, add the fractions:

\[
\frac{23}{6} + \frac{369}{6} = \frac{392}{6}
\]

Simplify \(\frac{392}{6}\):

\[
\frac{392}{6} = \frac{196}{3}
\]

Thus, the value of the integral is:

\[
\boxed{\frac{196}{3}}
\]",False,,,,,[]
312,,"Find the mass and weight of the air at $20^{\circ} C$ in a living room with a $4.0 m \times 5.0 m$ floor and a ceiling 3.0 m high, and the mass and weight of an equal volume of water. (Unit: 10 ^ 5 N)",5.9,"To solve this problem, we need to calculate the mass and weight of the air and water in the given volume of the living room.

First, let's calculate the volume of the living room:

\[
\text{Volume} = \text{length} \times \text{width} \times \text{height} = 4.0 \, \text{m} \times 5.0 \, \text{m} \times 3.0 \, \text{m} = 60.0 \, \text{m}^3
\]

**Mass and Weight of Air:**

The density of air at \(20^{\circ} C\) is approximately \(1.204 \, \text{kg/m}^3\).

1. Calculate the mass of the air:

\[
\text{Mass of air} = \text{density of air} \times \text{volume} = 1.204 \, \text{kg/m}^3 \times 60.0 \, \text{m}^3 = 72.24 \, \text{kg}
\]

2. Calculate the weight of the air:

The weight is given by the formula \( \text{Weight} = \text{mass} \times g \), where \( g = 9.8 \, \text{m/s}^2 \).

\[
\text{Weight of air} = 72.24 \, \text{kg} \times 9.8 \, \text{m/s}^2 = 707.952 \, \text{N}
\]

**Mass and Weight of Water:**

The density of water is \(1000 \, \text{kg/m}^3\).

1. Calculate the mass of the water:

\[
\text{Mass of water} = \text{density of water} \times \text{volume} = 1000 \, \text{kg/m}^3 \times 60.0 \, \text{m}^3 = 60000 \, \text{kg}
\]

2. Calculate the weight of the water:

\[
\text{Weight of water} = 60000 \, \text{kg} \times 9.8 \, \text{m/s}^2 = 588000 \, \text{N}
\]

**Final Answers:**

- Mass of air: \(72.24 \, \text{kg}\)
- Weight of air: \(707.952 \, \text{N}\)
- Mass of water: \(60000 \, \text{kg}\)
- Weight of water: \(588000 \, \text{N}\)

In terms of the unit \(10^5 \, \text{N}\), the weights are:

- Weight of air: \(0.00707952 \times 10^5 \, \text{N}\)
- Weight of water: \(5.88 \times 10^5 \, \text{N}\)

Thus, the mass and weight of the air and water are:

- Mass of air: 72.24 kg
- Weight of air: 0.0071 (in \(10^5 \, \text{N}\))
- Mass of water: 60000 kg
- Weight of water: 5.88 (in \(10^5 \, \text{N}\))",True,,,,,[]
313,,"Compute the mean translational kinetic energy of a mole of ideal gas in J, both at room temperature 293 K.",3650.0,"To compute the mean translational kinetic energy of a mole of an ideal gas, we use the formula for the average kinetic energy per molecule and then multiply by Avogadro's number to find the energy per mole.

The average translational kinetic energy per molecule of an ideal gas is given by:

\[
E_{\text{avg}} = \frac{3}{2} k T
\]

where:
- \( k \) is the Boltzmann constant, \( k = 1.38 \times 10^{-23} \, \text{J/K} \)
- \( T \) is the temperature in Kelvin, \( T = 293 \, \text{K} \)

First, calculate the average kinetic energy per molecule:

\[
E_{\text{avg}} = \frac{3}{2} \times 1.38 \times 10^{-23} \times 293
\]

\[
E_{\text{avg}} = \frac{3}{2} \times 1.38 \times 293 \times 10^{-23}
\]

\[
E_{\text{avg}} = 3 \times 1.38 \times 146.5 \times 10^{-23}
\]

\[
E_{\text{avg}} = 3 \times 202.77 \times 10^{-23}
\]

\[
E_{\text{avg}} = 608.31 \times 10^{-23}
\]

\[
E_{\text{avg}} = 9.12465 \times 10^{-21} \, \text{J}
\]

Now, to find the mean translational kinetic energy of a mole of gas, multiply by Avogadro's number (\( N_A = 6.022 \times 10^{23} \, \text{mol}^{-1} \)):

\[
E_{\text{mole}} = E_{\text{avg}} \times N_A
\]

\[
E_{\text{mole}} = 9.12465 \times 10^{-21} \times 6.022 \times 10^{23}
\]

\[
E_{\text{mole}} = 54.94 \times 10^{2}
\]

\[
E_{\text{mole}} = 5494 \, \text{J}
\]

Therefore, the mean translational kinetic energy of a mole of ideal gas at 293 K is \( \boxed{5494} \) J.",False,,,,,[]
314,,"Let $F_0(x)=log(x)$. For $n\geq 0$ and $x>0$, let $F_{n+1}(x)=\int_0^x F_n(t)dt$. Evaluate $\lim _{n \rightarrow \infty} (n! F_n(1))/(log(n))$.",-1.0,"To solve this problem, we need to analyze the sequence of functions \( F_n(x) \) defined recursively by:

\[
F_0(x) = \log x
\]

\[
F_{n+1}(x) = \int_0^x F_n(t) \, dt
\]

We are tasked with evaluating the limit:

\[
\lim_{n \to \infty} \frac{n! F_n(1)}{\log n}
\]

First, let's compute the first few terms of the sequence \( F_n(x) \):

- \( F_0(x) = \log x \)

- \( F_1(x) = \int_0^x \log t \, dt = x \log x - x \)

- \( F_2(x) = \int_0^x (t \log t - t) \, dt = \int_0^x t \log t \, dt - \int_0^x t \, dt \)

  The first integral can be computed using integration by parts. Let \( u = \log t \) and \( dv = t \, dt \), then \( du = \frac{1}{t} \, dt \) and \( v = \frac{t^2}{2} \). Thus:

  \[
  \int t \log t \, dt = \frac{t^2}{2} \log t - \int \frac{t^2}{2} \cdot \frac{1}{t} \, dt = \frac{t^2}{2} \log t - \frac{1}{4} t^2 + C
  \]

  Evaluating from 0 to \( x \), we get:

  \[
  \int_0^x t \log t \, dt = \left[ \frac{t^2}{2} \log t - \frac{1}{4} t^2 \right]_0^x = \frac{x^2}{2} \log x - \frac{1}{4} x^2
  \]

  The second integral is straightforward:

  \[
  \int_0^x t \, dt = \frac{x^2}{2}
  \]

  Therefore:

  \[
  F_2(x) = \left( \frac{x^2}{2} \log x - \frac{1}{4} x^2 \right) - \frac{x^2}{2} = \frac{x^2}{2} \log x - \frac{3}{4} x^2
  \]

Continuing this process, we observe a pattern: \( F_n(x) \) is a polynomial in \( x \) with the highest degree term being \( \frac{x^{n+1}}{(n+1)!} \log x \).

To find \( F_n(1) \), we note that the highest degree term in \( F_n(x) \) evaluated at \( x = 1 \) is zero because \( \log 1 = 0 \). Therefore, the dominant term in \( F_n(1) \) is the constant term, which is derived from the recursive integration process.

The recursive integration reduces the degree of the polynomial by 1 each time, and the constant term becomes the dominant term. The constant term in \( F_n(x) \) is approximately \( \frac{(-1)^n}{(n+1)!} \).

Thus, \( F_n(1) \approx \frac{(-1)^n}{(n+1)!} \).

Now, consider the limit:

\[
\lim_{n \to \infty} \frac{n! F_n(1)}{\log n} = \lim_{n \to \infty} \frac{n! \cdot \frac{(-1)^n}{(n+1)!}}{\log n} = \lim_{n \to \infty} \frac{(-1)^n}{(n+1) \log n}
\]

As \( n \to \infty \), the expression \( \frac{1}{(n+1) \log n} \to 0 \). Therefore, the limit is:

\[
\boxed{0}
\]",False,,,,,[]
315,,How many trees are there on n (n > 1) labeled vertices with no vertices of degree 1 or 2?,0,"To solve this problem, we need to determine the number of trees on \( n \) labeled vertices where no vertex has a degree of 1 or 2. 

A tree is a connected graph with no cycles, and for a tree with \( n \) vertices, it has exactly \( n-1 \) edges. The degree of a vertex in a tree is the number of edges connected to it.

Given the condition that no vertex has a degree of 1 or 2, we need to consider the possible degrees of the vertices. The minimum degree a vertex can have in this scenario is 3. However, if all vertices have a degree of at least 3, the sum of the degrees would be at least \( 3n \), which is not possible because the sum of the degrees in a tree is \( 2(n-1) \).

Let's analyze this:

1. **Sum of Degrees in a Tree**: The sum of the degrees of all vertices in a tree with \( n \) vertices is \( 2(n-1) \).

2. **Minimum Degree Condition**: If every vertex has a degree of at least 3, the sum of the degrees would be at least \( 3n \).

3. **Contradiction**: Since \( 3n > 2(n-1) \) for \( n > 1 \), it is impossible for all vertices to have a degree of at least 3.

Therefore, there are no trees on \( n \) labeled vertices where no vertex has a degree of 1 or 2. The answer is:

0",True,,,,,[]
316,,What is the order of the element 5 in U_8?,2,"To solve this problem, we need to determine the order of the element 5 in the group \( U_8 \).

The group \( U_8 \) is the group of units modulo 8. This group consists of all integers less than 8 that are coprime to 8. The elements of \( U_8 \) are 1, 3, 5, and 7.

The order of an element \( a \) in a group is the smallest positive integer \( n \) such that \( a^n \equiv 1 \pmod{8} \).

Let's find the order of the element 5 in \( U_8 \):

1. Calculate \( 5^1 \mod 8 \):
   \[
   5^1 \equiv 5 \pmod{8}
   \]

2. Calculate \( 5^2 \mod 8 \):
   \[
   5^2 = 25 \equiv 1 \pmod{8}
   \]

Since \( 5^2 \equiv 1 \pmod{8} \), the order of 5 is 2.

Therefore, the order of the element 5 in \( U_8 \) is \(\boxed{2}\).",True,,,,,[]
317,,Roughly how many bits are required on the average to describe to 3 digit accuracy the decay time (in years) of a radium atom if the half-life of radium is 80 years? Note that half-life is the median of the distribution.,19,"To solve this problem, we need to determine the number of bits required to describe the decay time of a radium atom to 3-digit accuracy, given that the half-life of radium is 80 years.

The half-life of a substance is the time it takes for half of the atoms in a sample to decay. For radium, this is 80 years. The decay of a single radium atom is a random process that follows an exponential distribution with a mean (expected value) equal to the half-life divided by the natural logarithm of 2 (ln(2)).

The mean decay time \( \mu \) is given by:
\[
\mu = \frac{\text{half-life}}{\ln(2)} = \frac{80}{\ln(2)}
\]

The standard deviation \( \sigma \) of the exponential distribution is equal to the mean:
\[
\sigma = \mu = \frac{80}{\ln(2)}
\]

To describe the decay time to 3-digit accuracy, we need to determine the range of values that can be represented with 3 significant figures. This range is from 0.5 to 1.5 times the mean decay time.

The number of bits required to describe a value to a certain precision is related to the ratio of the range of possible values to the precision. The precision here is determined by the 3-digit accuracy.

The number of bits \( n \) required can be estimated using the formula:
\[
n = \log_2\left(\frac{\text{range}}{\text{precision}}\right)
\]

The range of values is from 0.5 to 1.5 times the mean decay time:
\[
\text{range} = 1.5\mu - 0.5\mu = \mu
\]

The precision for 3-digit accuracy is \( 0.001\mu \).

Thus, the number of bits required is:
\[
n = \log_2\left(\frac{\mu}{0.001\mu}\right) = \log_2(1000) = 10
\]

Therefore, roughly 10 bits are required on average to describe the decay time of a radium atom to 3-digit accuracy.

The answer is:
10",False,,,,,[]
321,,The spontaneous fission activity rate of U-238 is 6.7 fissions/kg s. A sample of shale contains 0.055% U-238 by weight. Calculate the number of spontaneous fissions in one day in a 106-kg pile of the shale by determining the mass of U-238 present in kg.,550.0,"To solve this problem, we need to calculate the number of spontaneous fissions in one day in a 106-kg pile of shale that contains 0.055% U-238 by weight.

1. **Calculate the mass of U-238 in the shale:**

   The shale contains 0.055% U-238 by weight. Therefore, the mass of U-238 in the 106-kg pile of shale is:

   \[
   \text{Mass of U-238} = 106 \, \text{kg} \times \frac{0.055}{100} = 0.0583 \, \text{kg}
   \]

2. **Calculate the number of spontaneous fissions per second:**

   The spontaneous fission activity rate of U-238 is 6.7 fissions/kg s. Therefore, the number of spontaneous fissions per second in the 0.0583 kg of U-238 is:

   \[
   \text{Fissions per second} = 0.0583 \, \text{kg} \times 6.7 \, \text{fissions/kg s} = 0.39061 \, \text{fissions/s}
   \]

3. **Calculate the number of spontaneous fissions in one day:**

   There are 86,400 seconds in one day (24 hours × 60 minutes × 60 seconds). Therefore, the number of spontaneous fissions in one day is:

   \[
   \text{Fissions per day} = 0.39061 \, \text{fissions/s} \times 86,400 \, \text{s} = 33,740.784 \, \text{fissions}
   \]

Rounding to the nearest whole number, the number of spontaneous fissions in one day is:

\[
\boxed{33741}
\]",False,,,,,[]
322,,Calculate the Fermi temperature for copper in eV.,81600.0,"To calculate the Fermi temperature for copper, we first need to determine the Fermi energy. The Fermi energy (\(E_F\)) is given by the formula:

\[ E_F = \frac{\hbar^2}{2m} \left(3\pi^2 n\right)^{2/3} \]

where:
- \(\hbar\) is the reduced Planck's constant (\(\hbar = 1.0545718 \times 10^{-34} \, \text{m}^2 \, \text{kg} \, \text{s}^{-1}\)),
- \(m\) is the electron mass (\(m = 9.10938356 \times 10^{-31} \, \text{kg}\)),
- \(n\) is the electron density.

For copper, the electron density \(n\) can be calculated from its atomic density. Copper has an atomic density of approximately \(8.5 \times 10^{28} \, \text{atoms/m}^3\), and since each copper atom contributes one free electron, the electron density \(n\) is also \(8.5 \times 10^{28} \, \text{electrons/m}^3\).

Substituting these values into the formula for the Fermi energy:

\[ E_F = \frac{(1.0545718 \times 10^{-34})^2}{2 \times 9.10938356 \times 10^{-31}} \left(3\pi^2 \times 8.5 \times 10^{28}\right)^{2/3} \]

Calculating the numerical value:

1. Calculate \(3\pi^2 \times 8.5 \times 10^{28}\):
   \[ 3\pi^2 \approx 29.6088 \]
   \[ 3\pi^2 \times 8.5 \times 10^{28} \approx 2.517748 \times 10^{30} \]

2. Take the cube root and square it:
   \[ (2.517748 \times 10^{30})^{2/3} \approx 1.467 \times 10^{20} \]

3. Calculate the Fermi energy:
   \[ E_F = \frac{(1.0545718 \times 10^{-34})^2}{2 \times 9.10938356 \times 10^{-31}} \times 1.467 \times 10^{20} \]
   \[ E_F \approx 7.00 \times 10^{-19} \, \text{J} \]

Convert the Fermi energy from joules to electron volts (1 eV = \(1.60218 \times 10^{-19}\) J):

\[ E_F \approx \frac{7.00 \times 10^{-19}}{1.60218 \times 10^{-19}} \approx 4.36 \, \text{eV} \]

The Fermi temperature (\(T_F\)) is related to the Fermi energy by:

\[ T_F = \frac{E_F}{k_B} \]

where \(k_B\) is the Boltzmann constant (\(k_B = 8.617333262145 \times 10^{-5} \, \text{eV/K}\)).

\[ T_F = \frac{4.36 \, \text{eV}}{8.617333262145 \times 10^{-5} \, \text{eV/K}} \]

\[ T_F \approx 5.06 \times 10^4 \, \text{K} \]

Therefore, the Fermi temperature for copper is approximately:

\[ \boxed{50600} \]",False,,,,,[]
323,,"Use Stoke's Theorem to evaluate $\int_C \vec{F} \cdot d \vec{r}$ where $\vec{F} = z^2 \vec{i} + y^2 \vec{j} + x \vec{k}$ and $C$ is the triangle with vertices (1,0,0), (0,1,0) and (0,0,1) with counter-clockwise rotation.",-0.166,"To solve this problem using Stokes' Theorem, we need to evaluate the line integral \(\int_C \vec{F} \cdot d\vec{r}\) where \(\vec{F} = z^2 \vec{i} + y^2 \vec{j} + x \vec{k}\) and \(C\) is the boundary of the triangle with vertices \((1,0,0)\), \((0,1,0)\), and \((0,0,1)\).

Stokes' Theorem states that:
\[
\int_C \vec{F} \cdot d\vec{r} = \iint_S (\nabla \times \vec{F}) \cdot \vec{n} \, dS
\]
where \(S\) is a surface bounded by the curve \(C\), \(\vec{n}\) is the unit normal to the surface, and \(\nabla \times \vec{F}\) is the curl of \(\vec{F}\).

First, we calculate the curl of \(\vec{F}\):
\[
\nabla \times \vec{F} = \begin{vmatrix} 
\vec{i} & \vec{j} & \vec{k} \\
\frac{\partial}{\partial x} & \frac{\partial}{\partial y} & \frac{\partial}{\partial z} \\
z^2 & y^2 & x 
\end{vmatrix}
\]
\[
= \vec{i} \left( \frac{\partial x}{\partial y} - \frac{\partial y^2}{\partial z} \right) - \vec{j} \left( \frac{\partial x}{\partial x} - \frac{\partial z^2}{\partial z} \right) + \vec{k} \left( \frac{\partial y^2}{\partial x} - \frac{\partial z^2}{\partial y} \right)
\]
\[
= \vec{i} (0 - 0) - \vec{j} (1 - 0) + \vec{k} (0 - 0)
\]
\[
= -\vec{j}
\]

The curl of \(\vec{F}\) is \(-\vec{j}\).

Next, we need to find the unit normal vector \(\vec{n}\) to the surface \(S\). The surface \(S\) is the triangle in the plane \(x + y + z = 1\). A normal vector to this plane is \(\vec{n} = \langle 1, 1, 1 \rangle\). The unit normal vector is:
\[
\vec{n} = \frac{\langle 1, 1, 1 \rangle}{\sqrt{1^2 + 1^2 + 1^2}} = \frac{\langle 1, 1, 1 \rangle}{\sqrt{3}}
\]

Now, we compute the dot product \((\nabla \times \vec{F}) \cdot \vec{n}\):
\[
(\nabla \times \vec{F}) \cdot \vec{n} = -\vec{j} \cdot \frac{\langle 1, 1, 1 \rangle}{\sqrt{3}} = -\frac{1}{\sqrt{3}}
\]

The area of the triangle \(S\) is \(\frac{1}{2}\) of the area of the equilateral triangle with side length \(\sqrt{2}\) (since the vertices are \((1,0,0)\), \((0,1,0)\), and \((0,0,1)\)). The area of the triangle is:
\[
\text{Area} = \frac{1}{2} \times \frac{\sqrt{3}}{2} = \frac{\sqrt{3}}{4}
\]

Finally, we evaluate the surface integral:
\[
\iint_S (\nabla \times \vec{F}) \cdot \vec{n} \, dS = \left(-\frac{1}{\sqrt{3}}\right) \times \frac{\sqrt{3}}{4} = -\frac{1}{4}
\]

Thus, the value of the line integral \(\int_C \vec{F} \cdot d\vec{r}\) is \(\boxed{-\frac{1}{4}}\).",False,,,,,[]
325,,"Malus' law: $I=I_0*cos^2($\theta$)$. Where I is the intensity of polarized light that has passed through the polarizer, I_0 is the intensity of polarized light before the polarizer, and $\theta$ is the angle between the polarized light and the polarizer. Unpolarized light passes through a polarizer. It then passes through another polarizer at angle 30 degree to the first, and then another at angle 50 degree to the second. What percentage of the original intensity was the light coming out of the third polarizer?",31.0,"To solve this problem, we need to apply Malus' law at each stage of the light passing through the polarizers.

1. **First Polarizer:**
   - Unpolarized light passes through the first polarizer. When unpolarized light passes through a polarizer, the intensity is reduced by half. Therefore, the intensity after the first polarizer, \( I_1 \), is:
   \[
   I_1 = \frac{I_0}{2}
   \]

2. **Second Polarizer:**
   - The light then passes through the second polarizer, which is at an angle of 30 degrees to the first. Using Malus' law, the intensity after the second polarizer, \( I_2 \), is:
   \[
   I_2 = I_1 \cdot \cos^2(30^\circ)
   \]
   - We know that \(\cos(30^\circ) = \frac{\sqrt{3}}{2}\), so:
   \[
   I_2 = \frac{I_0}{2} \cdot \left(\frac{\sqrt{3}}{2}\right)^2 = \frac{I_0}{2} \cdot \frac{3}{4} = \frac{3I_0}{8}
   \]

3. **Third Polarizer:**
   - The light then passes through the third polarizer, which is at an angle of 50 degrees to the second. Again using Malus' law, the intensity after the third polarizer, \( I_3 \), is:
   \[
   I_3 = I_2 \cdot \cos^2(50^\circ)
   \]
   - We need to calculate \(\cos(50^\circ)\). Using a calculator, \(\cos(50^\circ) \approx 0.6428\). Therefore:
   \[
   I_3 = \frac{3I_0}{8} \cdot (0.6428)^2 \approx \frac{3I_0}{8} \cdot 0.4132 \approx \frac{3I_0 \times 0.4132}{8} \approx \frac{1.2396I_0}{8} \approx 0.15495I_0
   \]

Finally, to find the percentage of the original intensity, we calculate:
\[
\text{Percentage} = \left(\frac{I_3}{I_0}\right) \times 100\% = 0.15495 \times 100\% \approx 15.495\%
\]

Therefore, the percentage of the original intensity of light coming out of the third polarizer is approximately \(\boxed{15.5}\%\).",False,,,,,[]
326,,"An airplane is flying at Mach 1.75 at an altitude of 8000 m, where the speed of sound is How long after the plane passes directly overhead will you hear the sonic boom? (Unit: m/s)",560,"To solve this problem, we need to determine how long it takes for the sound of the sonic boom to reach the ground after the airplane passes directly overhead.

1. **Understand the scenario**: The airplane is flying at Mach 1.75, which means it is traveling at 1.75 times the speed of sound. The altitude of the airplane is 8000 meters.

2. **Speed of sound**: We need to know the speed of sound at the altitude of 8000 meters. However, the problem does not provide this information directly. For the sake of solving this problem, let's assume the speed of sound at 8000 meters is approximately 340 m/s (a typical value at sea level, but it can vary with altitude and temperature).

3. **Calculate the speed of the airplane**: 
   \[
   \text{Speed of airplane} = 1.75 \times \text{Speed of sound} = 1.75 \times 340 \, \text{m/s} = 595 \, \text{m/s}
   \]

4. **Determine the time for the sound to reach the ground**: The sound of the sonic boom travels from the airplane to the ground at the speed of sound. The distance it needs to travel is the altitude of the airplane, which is 8000 meters.

5. **Calculate the time**:
   \[
   \text{Time} = \frac{\text{Distance}}{\text{Speed of sound}} = \frac{8000 \, \text{m}}{340 \, \text{m/s}} \approx 23.53 \, \text{seconds}
   \]

Therefore, you will hear the sonic boom approximately 24 seconds after the plane passes directly overhead.",False,,,,,[]
328,,"If the spot rates for 1 and 2 years are $s_1=6.3%$ and $s_2=6.9%, what is the forward rate $f_{1,2}$?",0.075,"To find the forward rate \( f_{1,2} \), we use the relationship between spot rates and forward rates. The formula to calculate the forward rate \( f_{1,2} \) given the spot rates \( s_1 \) and \( s_2 \) is:

\[
(1 + s_2)^2 = (1 + s_1) \times (1 + f_{1,2})
\]

Given:
- \( s_1 = 6.3\% = 0.063 \)
- \( s_2 = 6.9\% = 0.069 \)

Substitute these values into the equation:

\[
(1 + 0.069)^2 = (1 + 0.063) \times (1 + f_{1,2})
\]

Calculate \( (1 + 0.069)^2 \):

\[
(1.069)^2 = 1.142761
\]

Calculate \( (1 + 0.063) \):

\[
1.063
\]

Now substitute these into the equation:

\[
1.142761 = 1.063 \times (1 + f_{1,2})
\]

Solve for \( 1 + f_{1,2} \):

\[
1 + f_{1,2} = \frac{1.142761}{1.063}
\]

Calculate the division:

\[
1 + f_{1,2} = 1.075
\]

Subtract 1 from both sides to solve for \( f_{1,2} \):

\[
f_{1,2} = 1.075 - 1 = 0.075
\]

Convert the decimal to a percentage:

\[
f_{1,2} = 7.5\%
\]

Thus, the forward rate \( f_{1,2} \) is \(\boxed{7.5}\).",False,,,,,[]
329,,"For a parametric family $\{p_\theta(x)\}$ we know that $\lim_{\theta'\to\theta}\frac{1}{(\theta-\theta')^2}D(p_\theta||p_{\theta'}) = \alpha J(\theta)$, where $J(\theta)$ is the Fisher information. Use natural logarithm for KL divergence to compute $\alpha$.",0.5,"To solve this problem, we need to understand the relationship between the Kullback-Leibler (KL) divergence and the Fisher information. The KL divergence between two probability distributions \( p_\theta(x) \) and \( p_{\theta'}(x) \) is given by:

\[
D(p_\theta || p_{\theta'}) = \int p_\theta(x) \log \frac{p_\theta(x)}{p_{\theta'}(x)} \, dx
\]

We are given that:

\[
\lim_{\theta' \to \theta} \frac{1}{(\theta - \theta')^2} D(p_\theta || p_{\theta'}) = \alpha J(\theta)
\]

where \( J(\theta) \) is the Fisher information, defined as:

\[
J(\theta) = \int \left( \frac{\partial}{\partial \theta} \log p_\theta(x) \right)^2 p_\theta(x) \, dx
\]

To find \(\alpha\), we need to expand the KL divergence \( D(p_\theta || p_{\theta'}) \) for small \(\theta' - \theta\). Using a Taylor expansion of \(\log p_{\theta'}(x)\) around \(\theta\), we have:

\[
\log p_{\theta'}(x) \approx \log p_\theta(x) + (\theta' - \theta) \frac{\partial}{\partial \theta} \log p_\theta(x) + \frac{1}{2} (\theta' - \theta)^2 \frac{\partial^2}{\partial \theta^2} \log p_\theta(x)
\]

Substituting this into the expression for the KL divergence, we get:

\[
D(p_\theta || p_{\theta'}) = \int p_\theta(x) \left( \log p_\theta(x) - \log p_{\theta'}(x) \right) \, dx
\]

\[
= \int p_\theta(x) \left( -(\theta' - \theta) \frac{\partial}{\partial \theta} \log p_\theta(x) - \frac{1}{2} (\theta' - \theta)^2 \frac{\partial^2}{\partial \theta^2} \log p_\theta(x) \right) \, dx
\]

The first-order term in \((\theta' - \theta)\) vanishes because:

\[
\int p_\theta(x) \frac{\partial}{\partial \theta} \log p_\theta(x) \, dx = \frac{\partial}{\partial \theta} \int p_\theta(x) \, dx = 0
\]

Thus, the leading term is the second-order term:

\[
D(p_\theta || p_{\theta'}) \approx \frac{1}{2} (\theta' - \theta)^2 \int p_\theta(x) \left( \frac{\partial}{\partial \theta} \log p_\theta(x) \right)^2 \, dx
\]

\[
= \frac{1}{2} (\theta' - \theta)^2 J(\theta)
\]

Therefore, we have:

\[
\frac{1}{(\theta - \theta')^2} D(p_\theta || p_{\theta'}) \approx \frac{1}{2} J(\theta)
\]

Taking the limit as \(\theta' \to \theta\), we find:

\[
\lim_{\theta' \to \theta} \frac{1}{(\theta - \theta')^2} D(p_\theta || p_{\theta'}) = \frac{1}{2} J(\theta)
\]

Comparing this with the given expression \(\alpha J(\theta)\), we conclude that:

\[
\alpha = \frac{1}{2}
\]

Thus, the value of \(\alpha\) is \(\boxed{\frac{1}{2}}\).",False,,,,,[]
330,,A muon has a lifetime of 2 x 10^{-6} s in its rest frame. It is created 100 km above the earth and moves towards it at a speed of 2.97 x 10^8 m/s. At what altitude in km does it decay? Return a numeric number.,4.2,"To solve this problem, we need to consider the effects of time dilation due to the relativistic speed of the muon. The muon's lifetime in its rest frame is given as \(2 \times 10^{-6}\) seconds. However, because the muon is moving at a significant fraction of the speed of light, we must use the time dilation formula from special relativity to find its lifetime in the Earth's frame.

The time dilation formula is:

\[
t' = \frac{t}{\sqrt{1 - \frac{v^2}{c^2}}}
\]

where:
- \(t'\) is the dilated lifetime of the muon as observed from Earth,
- \(t\) is the proper lifetime of the muon (\(2 \times 10^{-6}\) s),
- \(v\) is the speed of the muon (\(2.97 \times 10^8\) m/s),
- \(c\) is the speed of light (\(3 \times 10^8\) m/s).

First, calculate the factor \(\sqrt{1 - \frac{v^2}{c^2}}\):

\[
\frac{v^2}{c^2} = \left(\frac{2.97 \times 10^8}{3 \times 10^8}\right)^2 = \left(\frac{2.97}{3}\right)^2 = 0.99^2 = 0.9801
\]

\[
\sqrt{1 - \frac{v^2}{c^2}} = \sqrt{1 - 0.9801} = \sqrt{0.0199} \approx 0.141
\]

Now, calculate the dilated lifetime \(t'\):

\[
t' = \frac{2 \times 10^{-6}}{0.141} \approx 1.418 \times 10^{-5} \text{ s}
\]

Next, calculate the distance the muon travels in this time in the Earth's frame:

\[
\text{Distance} = v \times t' = 2.97 \times 10^8 \times 1.418 \times 10^{-5} \approx 4.21 \times 10^3 \text{ m}
\]

Convert this distance to kilometers:

\[
4.21 \times 10^3 \text{ m} = 4.21 \text{ km}
\]

Finally, calculate the altitude at which the muon decays:

\[
\text{Initial altitude} - \text{Distance traveled} = 100 \text{ km} - 4.21 \text{ km} = 95.79 \text{ km}
\]

Therefore, the muon decays at an altitude of approximately \(95.79\) km.",False,,,,,[]
331,,"Suppose C[0,1] denotes the space of all the continuous functions on the interval [0,1]. Is (C[0,1],\|\cdot\|_1 ) a Banach space? Here $\|f(x)\|_1=\int_0^1 |f(t)|dt$ with $f\in C[0,1]$. Answer 1 for yes and 0 for no.",0.0,0,True,,,,,[]
332,,"An athlete whirls a discus in a circle of radius 80.0 cm. At a certain instant, the athlete is rotating at 10.0 rad / s and the angular speed is increasing at 50.0 rad / s^2. At this instant, find the magnitude (Unit: m / s^2) of the acceleration. Return the numeric value.",89.4,"To find the magnitude of the acceleration, we need to consider both the tangential and centripetal components of the acceleration.

1. **Tangential Acceleration (\(a_t\))**: This is due to the change in angular speed. It is given by the formula:
   \[
   a_t = \alpha \cdot r
   \]
   where \(\alpha = 50.0 \, \text{rad/s}^2\) is the angular acceleration and \(r = 80.0 \, \text{cm} = 0.8 \, \text{m}\) is the radius.

   \[
   a_t = 50.0 \, \text{rad/s}^2 \times 0.8 \, \text{m} = 40.0 \, \text{m/s}^2
   \]

2. **Centripetal Acceleration (\(a_c\))**: This is due to the rotation and is given by the formula:
   \[
   a_c = \omega^2 \cdot r
   \]
   where \(\omega = 10.0 \, \text{rad/s}\) is the angular speed.

   \[
   a_c = (10.0 \, \text{rad/s})^2 \times 0.8 \, \text{m} = 100.0 \, \text{rad}^2/\text{s}^2 \times 0.8 \, \text{m} = 80.0 \, \text{m/s}^2
   \]

3. **Total Acceleration (\(a\))**: The total acceleration is the vector sum of the tangential and centripetal accelerations. Since these two components are perpendicular to each other, we use the Pythagorean theorem to find the magnitude of the total acceleration:
   \[
   a = \sqrt{a_t^2 + a_c^2}
   \]
   \[
   a = \sqrt{(40.0 \, \text{m/s}^2)^2 + (80.0 \, \text{m/s}^2)^2}
   \]
   \[
   a = \sqrt{1600.0 \, \text{m}^2/\text{s}^4 + 6400.0 \, \text{m}^2/\text{s}^4}
   \]
   \[
   a = \sqrt{8000.0 \, \text{m}^2/\text{s}^4}
   \]
   \[
   a = 89.44 \, \text{m/s}^2
   \]

Therefore, the magnitude of the acceleration is \(89.44\).",True,,,,,[]
333,,"The positive integers N and N^2 both end in the same sequence of four digits abcd when written in base 10, where digit a is nonzero. Find the three-digit number abc.",937,"To solve this problem, we need to find a positive integer \( N \) such that both \( N \) and \( N^2 \) end in the same sequence of four digits, denoted as \( abcd \). We are tasked with finding the three-digit number \( abc \).

First, let's express the condition mathematically. We have:

\[ N \equiv abcd \pmod{10000} \]
\[ N^2 \equiv abcd \pmod{10000} \]

This implies:

\[ N^2 \equiv N \pmod{10000} \]

Rearranging gives:

\[ N^2 - N \equiv 0 \pmod{10000} \]

This can be factored as:

\[ N(N - 1) \equiv 0 \pmod{10000} \]

The number 10000 can be factored into prime factors as \( 10000 = 2^4 \times 5^4 \). Therefore, for the product \( N(N-1) \) to be divisible by 10000, it must be divisible by both \( 2^4 = 16 \) and \( 5^4 = 625 \).

Since \( N \) and \( N-1 \) are consecutive integers, one of them must be divisible by 16 and the other by 625. Let's consider the case where \( N \equiv 0 \pmod{16} \) and \( N-1 \equiv 0 \pmod{625} \).

From \( N \equiv 0 \pmod{16} \), we have:

\[ N = 16k \]

From \( N-1 \equiv 0 \pmod{625} \), we have:

\[ N = 625m + 1 \]

Equating the two expressions for \( N \):

\[ 16k = 625m + 1 \]

Rearranging gives:

\[ 16k - 625m = 1 \]

This is a linear Diophantine equation. We need to find integer solutions for \( k \) and \( m \).

Using the Euclidean algorithm, we find the greatest common divisor of 16 and 625:

1. \( 625 = 16 \times 39 + 1 \)
2. \( 16 = 1 \times 16 + 0 \)

The gcd is 1, and we can express 1 as a linear combination of 16 and 625:

\[ 1 = 625 - 16 \times 39 \]

Thus, a particular solution is \( k = 39 \) and \( m = 1 \).

The general solution to the Diophantine equation is:

\[ k = 39 + 625t \]
\[ m = 1 + 16t \]

for any integer \( t \).

Substituting back to find \( N \):

\[ N = 16k = 16(39 + 625t) = 624 + 10000t \]

The last four digits of \( N \) are given by \( N \equiv 624 \pmod{10000} \).

Thus, the sequence of four digits \( abcd \) is 0624, and the three-digit number \( abc \) is:

\[ \boxed{062} \]",False,,,,,[]
334,,Calculate the required memory size in Mebibytes (MiB) (in 3 sig.fig.)  for storing a frame in 1080p if the sampling scheme R'G'B' 4:4:4 is used. Note that there are 1920 × 1080 pixels in one 1080p frame. Each pixel contains three primary-colour components. Each primary-colour component requires 1 byte of memory for storage. 1 Mebibyte has 1024^2 bytes.,5.93,"To calculate the required memory size in Mebibytes (MiB) for storing a frame in 1080p with the R'G'B' 4:4:4 sampling scheme, we need to follow these steps:

1. **Determine the number of pixels in the frame:**
   - A 1080p frame has a resolution of 1920 × 1080 pixels.
   - Total number of pixels = 1920 × 1080 = 2,073,600 pixels.

2. **Calculate the total number of bytes required for the frame:**
   - Each pixel contains three primary-color components (R, G, B).
   - Each component requires 1 byte of memory.
   - Therefore, each pixel requires 3 bytes.
   - Total bytes for the frame = 2,073,600 pixels × 3 bytes/pixel = 6,220,800 bytes.

3. **Convert bytes to Mebibytes (MiB):**
   - 1 Mebibyte (MiB) = 1024^2 bytes = 1,048,576 bytes.
   - Total MiB = 6,220,800 bytes ÷ 1,048,576 bytes/MiB ≈ 5.933 MiB.

4. **Round the result to 3 significant figures:**
   - The result rounded to 3 significant figures is 5.93 MiB.

Therefore, the required memory size is approximately **5.93 MiB**.",True,,,,,[]
335,,What is the value of the series $\sum_{k=1}^{\infty} \frac{(-1)^{k-1}}{k} \sum_{n=0}^{\infty} \frac{1}{k 2^n+1}$?,1.0,"To solve the problem, we need to evaluate the series:

\[
\sum_{k=1}^{\infty} \frac{(-1)^{k-1}}{k} \sum_{n=0}^{\infty} \frac{1}{k 2^n + 1}
\]

First, consider the inner series:

\[
\sum_{n=0}^{\infty} \frac{1}{k 2^n + 1}
\]

For a fixed \( k \), this is a geometric series in terms of \( n \) with the first term \( \frac{1}{k + 1} \) and the common ratio \( \frac{1}{2} \). The sum of an infinite geometric series \( \sum_{n=0}^{\infty} ar^n \) is given by \( \frac{a}{1-r} \) where \( |r| < 1 \).

Here, \( a = \frac{1}{k+1} \) and \( r = \frac{1}{2} \), so the sum is:

\[
\sum_{n=0}^{\infty} \frac{1}{k 2^n + 1} = \frac{\frac{1}{k+1}}{1 - \frac{1}{2}} = \frac{\frac{1}{k+1}}{\frac{1}{2}} = \frac{2}{k+1}
\]

Substituting this back into the original series, we have:

\[
\sum_{k=1}^{\infty} \frac{(-1)^{k-1}}{k} \cdot \frac{2}{k+1}
\]

This simplifies to:

\[
2 \sum_{k=1}^{\infty} \frac{(-1)^{k-1}}{k(k+1)}
\]

We can decompose the fraction using partial fraction decomposition:

\[
\frac{1}{k(k+1)} = \frac{1}{k} - \frac{1}{k+1}
\]

Thus, the series becomes:

\[
2 \sum_{k=1}^{\infty} \left( \frac{(-1)^{k-1}}{k} - \frac{(-1)^{k-1}}{k+1} \right)
\]

This is a telescoping series. Writing out the first few terms:

- For \( k = 1 \): \( \frac{1}{1} - \frac{1}{2} \)
- For \( k = 2 \): \( -\frac{1}{2} + \frac{1}{3} \)
- For \( k = 3 \): \( \frac{1}{3} - \frac{1}{4} \)
- For \( k = 4 \): \( -\frac{1}{4} + \frac{1}{5} \)

The series telescopes, and most terms cancel out. The remaining terms are:

\[
1 - \lim_{k \to \infty} \frac{(-1)^{k-1}}{k+1}
\]

As \( k \to \infty \), the term \( \frac{(-1)^{k-1}}{k+1} \to 0 \). Therefore, the sum of the series is:

\[
2 \times 1 = 2
\]

Thus, the value of the series is \(\boxed{2}\).",False,,,,,[]
336,,"The equation of a digital filter is given by $y(n)=1 / 3(x(n)+x(n-1)+x(n-2))$, where $y(n)$ and $x(n)$ are, respectively, the nth samples of the output and input signals. Determine the pole(s) of the filter.",0,"To determine the poles of the digital filter given by the equation \( y(n) = \frac{1}{3}(x(n) + x(n-1) + x(n-2)) \), we need to express the filter in the z-domain and find its transfer function \( H(z) \).

The given equation is a difference equation for a digital filter. The output \( y(n) \) is expressed in terms of the current and past input samples \( x(n) \), \( x(n-1) \), and \( x(n-2) \). This is a finite impulse response (FIR) filter because the output depends only on the current and past input values and not on past output values.

To find the transfer function \( H(z) \), we take the Z-transform of both sides of the equation. The Z-transform of \( y(n) \) is \( Y(z) \), and the Z-transform of \( x(n) \) is \( X(z) \). The Z-transform of a delayed signal \( x(n-k) \) is \( z^{-k}X(z) \).

Applying the Z-transform to the given equation:

\[
Y(z) = \frac{1}{3}(X(z) + z^{-1}X(z) + z^{-2}X(z))
\]

Factor out \( X(z) \):

\[
Y(z) = \frac{1}{3}X(z)(1 + z^{-1} + z^{-2})
\]

The transfer function \( H(z) \) is the ratio of the output to the input in the z-domain:

\[
H(z) = \frac{Y(z)}{X(z)} = \frac{1}{3}(1 + z^{-1} + z^{-2})
\]

Rewriting \( H(z) \) in terms of positive powers of \( z \):

\[
H(z) = \frac{1}{3}\left(\frac{z^2 + z + 1}{z^2}\right) = \frac{z^2 + z + 1}{3z^2}
\]

The poles of the filter are the values of \( z \) that make the denominator zero. The denominator of \( H(z) \) is \( 3z^2 \), which is zero when \( z = 0 \).

Thus, the filter has a pole at:

\[
\boxed{0}
\]",True,,,,,[]
337,,"Given the following spot rates:
1-year spot rate: 5%;
2-year spot rate: 6%.
 Determine the one-year forward rate (between 0 and 1) one year from today.",0.070095,"To find the one-year forward rate one year from today, we can use the relationship between spot rates and forward rates. The formula to calculate the forward rate \( f \) for the period between year 1 and year 2 is given by:

\[
(1 + \text{2-year spot rate})^2 = (1 + \text{1-year spot rate}) \times (1 + \text{forward rate})
\]

Given:
- 1-year spot rate = 5% = 0.05
- 2-year spot rate = 6% = 0.06

Substitute these values into the formula:

\[
(1 + 0.06)^2 = (1 + 0.05) \times (1 + f)
\]

Calculate \((1 + 0.06)^2\):

\[
(1.06)^2 = 1.1236
\]

Calculate \((1 + 0.05)\):

\[
1.05
\]

Now substitute these into the equation:

\[
1.1236 = 1.05 \times (1 + f)
\]

Solve for \( f \):

\[
1 + f = \frac{1.1236}{1.05}
\]

\[
1 + f = 1.0700952381
\]

\[
f = 1.0700952381 - 1
\]

\[
f = 0.0700952381
\]

Convert the forward rate to a percentage:

\[
f = 7.00952381\%
\]

Therefore, the one-year forward rate one year from today is approximately \( 7.01\% \).

The one-year forward rate is \( \boxed{0.0701} \) as an arabic numeral.",True,,,,,[]
338,,An object of height 5cm is placed 10 cm in front of a convex mirror that has a radius of curvature of 45.0 cm. Determine the magnification of the image.,1.8,"To determine the magnification of the image formed by a convex mirror, we need to use the mirror formula and the magnification formula. 

1. **Mirror Formula:**
   \[
   \frac{1}{f} = \frac{1}{d_o} + \frac{1}{d_i}
   \]
   where:
   - \( f \) is the focal length of the mirror,
   - \( d_o \) is the object distance,
   - \( d_i \) is the image distance.

   For a convex mirror, the focal length \( f \) is negative and is half the radius of curvature \( R \). Therefore:
   \[
   f = -\frac{R}{2} = -\frac{45.0 \, \text{cm}}{2} = -22.5 \, \text{cm}
   \]

2. **Substitute the known values into the mirror formula:**
   \[
   \frac{1}{-22.5} = \frac{1}{10} + \frac{1}{d_i}
   \]

   Solving for \( \frac{1}{d_i} \):
   \[
   \frac{1}{d_i} = \frac{1}{-22.5} - \frac{1}{10}
   \]

   Calculate each term:
   \[
   \frac{1}{-22.5} \approx -0.0444
   \]
   \[
   \frac{1}{10} = 0.1
   \]

   \[
   \frac{1}{d_i} = -0.0444 - 0.1 = -0.1444
   \]

   Therefore, \( d_i \) is:
   \[
   d_i = \frac{1}{-0.1444} \approx -6.92 \, \text{cm}
   \]

3. **Magnification Formula:**
   \[
   m = \frac{h_i}{h_o} = -\frac{d_i}{d_o}
   \]
   where:
   - \( h_i \) is the height of the image,
   - \( h_o \) is the height of the object,
   - \( m \) is the magnification.

   Substitute the known values:
   \[
   m = -\frac{-6.92}{10} = 0.692
   \]

The magnification of the image is approximately \( 0.692 \).",False,,,,,[]
339,,"For the 3 payments of $1000 each end-of-year, with 7% rate of return, what is the present value if the first payment is made at the end of fifth year?",2002.0781,"To find the present value of the 3 payments of $1000 each, we need to discount each payment back to the present value using the given rate of return of 7%. The payments are made at the end of the 5th, 6th, and 7th years.

The formula for the present value of a future payment is:

\[ PV = \frac{FV}{(1 + r)^n} \]

where:
- \( PV \) is the present value,
- \( FV \) is the future value (the payment amount),
- \( r \) is the rate of return (7% or 0.07),
- \( n \) is the number of years until the payment is made.

Let's calculate the present value for each payment:

1. **First payment at the end of the 5th year:**
   \[ PV_1 = \frac{1000}{(1 + 0.07)^5} = \frac{1000}{1.402551} \approx 713.01 \]

2. **Second payment at the end of the 6th year:**
   \[ PV_2 = \frac{1000}{(1 + 0.07)^6} = \frac{1000}{1.502299} \approx 665.06 \]

3. **Third payment at the end of the 7th year:**
   \[ PV_3 = \frac{1000}{(1 + 0.07)^7} = \frac{1000}{1.605781} \approx 622.75 \]

Now, sum the present values of all three payments to find the total present value:

\[ PV_{\text{total}} = PV_1 + PV_2 + PV_3 \]
\[ PV_{\text{total}} = 713.01 + 665.06 + 622.75 \]
\[ PV_{\text{total}} \approx 2000.82 \]

Therefore, the present value of the 3 payments is approximately \( \boxed{2000.82} \).",True,,,,,[]
340,,Does the following series $\sum_{i=0}^{\infty} \frac{n!}{n^2 cos(n)}$ converge?,0.0,"To determine whether the series \(\sum_{n=0}^{\infty} \frac{n!}{n^2 \cos(n)}\) converges, we need to analyze the behavior of the terms \(\frac{n!}{n^2 \cos(n)}\) as \(n\) approaches infinity.

First, consider the factorial term \(n!\). As \(n\) becomes large, \(n!\) grows very rapidly. In fact, it grows faster than any exponential function of \(n\).

Next, consider the denominator \(n^2 \cos(n)\). The term \(n^2\) grows polynomially, which is much slower than the factorial growth of \(n!\). The \(\cos(n)\) term oscillates between \(-1\) and \(1\), but this oscillation does not affect the growth rate significantly, except that it can make the denominator very small when \(\cos(n)\) is close to zero.

To determine convergence, we can use the ratio test or the root test, but a simpler approach is to compare the series to a known divergent series. Consider the series \(\sum_{n=0}^{\infty} \frac{n!}{n^2}\). This series diverges because the factorial in the numerator grows much faster than the polynomial in the denominator.

Since \(|\cos(n)| \leq 1\), we have:

\[
\left|\frac{n!}{n^2 \cos(n)}\right| \geq \frac{n!}{n^2}
\]

The series \(\sum_{n=0}^{\infty} \frac{n!}{n^2}\) diverges, and since \(\left|\frac{n!}{n^2 \cos(n)}\right|\) is greater than or equal to \(\frac{n!}{n^2}\), the series \(\sum_{n=0}^{\infty} \frac{n!}{n^2 \cos(n)}\) must also diverge by the comparison test.

Therefore, the series \(\sum_{n=0}^{\infty} \frac{n!}{n^2 \cos(n)}\) does not converge.

0",True,,,,,[]
343,,\lim_{x \to c} |f(x)| = 0. What is \lim_{x \to c} f(x)?,0,"The problem states that the limit of the absolute value of \( f(x) \) as \( x \) approaches \( c \) is 0:

\[
\lim_{x \to c} |f(x)| = 0
\]

This implies that as \( x \) gets arbitrarily close to \( c \), the absolute value of \( f(x) \) gets arbitrarily close to 0. The only way for the absolute value of a function to approach 0 is if the function itself approaches 0. Therefore, we can conclude:

\[
\lim_{x \to c} f(x) = 0
\]

The answer is:

0",True,,,,,[]
344,,"In how many ways can we form a 7-digit number using the digits 1, 2, 2, 3, 3, 3, 4?",420,"To determine the number of distinct 7-digit numbers that can be formed using the digits 1, 2, 2, 3, 3, 3, 4, we need to account for the repetitions of the digits.

The total number of permutations of the digits is calculated by dividing the factorial of the total number of digits by the factorials of the counts of each repeated digit:

- Total number of digits = 7
- The digit '2' is repeated 2 times.
- The digit '3' is repeated 3 times.

The formula for the number of distinct permutations is:

\[
\frac{7!}{2! \times 3!}
\]

Calculating each component:

- \(7! = 7 \times 6 \times 5 \times 4 \times 3 \times 2 \times 1 = 5040\)
- \(2! = 2 \times 1 = 2\)
- \(3! = 3 \times 2 \times 1 = 6\)

Substitute these values into the formula:

\[
\frac{5040}{2 \times 6} = \frac{5040}{12} = 420
\]

Thus, there are \(\boxed{420}\) distinct 7-digit numbers that can be formed using the digits 1, 2, 2, 3, 3, 3, 4.",False,,,,,[]
345,,"Let {N(t), t=[0, \infty]} be a Poisson process with rate $\lambda = 5$. Find the probability of no arrivals in [3, 5)",0.37,"To solve this problem, we need to find the probability of having no arrivals in the interval [3, 5) for a Poisson process with rate \(\lambda = 5\).

The Poisson process with rate \(\lambda\) has the property that the number of arrivals in a time interval of length \(t\) follows a Poisson distribution with parameter \(\lambda t\).

In this case, the length of the interval [3, 5) is \(5 - 3 = 2\). Therefore, the number of arrivals in this interval follows a Poisson distribution with parameter \(\lambda \times 2 = 5 \times 2 = 10\).

The probability of having \(k\) arrivals in a Poisson distribution with parameter \(\lambda t\) is given by:

\[
P(N(t) = k) = \frac{(\lambda t)^k e^{-\lambda t}}{k!}
\]

We want the probability of having no arrivals, i.e., \(k = 0\):

\[
P(N(2) = 0) = \frac{(10)^0 e^{-10}}{0!} = e^{-10}
\]

Thus, the probability of no arrivals in the interval [3, 5) is:

\[
e^{-10}
\]

Calculating this value gives:

\[
e^{-10} \approx 0.0000454
\]

Therefore, the probability of no arrivals in the interval [3, 5) is approximately \(0.0000454\).",False,,,,,[]
346,,The Relativistic Heavy Ion Collider (RHIC) at the Brookhaven National Laboratory collides gold ions onto other gold ions head on. The energy of the gold ions is 100 GeV per nucleon. What is the speed of the gold ions as a fraction of the speed of light?,0.99996,"To solve this problem, we need to determine the speed of the gold ions as a fraction of the speed of light, given their energy. The energy of the gold ions is given as 100 GeV per nucleon. 

First, we need to understand that the energy of a particle in relativistic physics is given by the equation:

\[ E = \gamma m c^2 \]

where:
- \( E \) is the total energy,
- \( \gamma \) is the Lorentz factor,
- \( m \) is the rest mass of the particle,
- \( c \) is the speed of light.

The Lorentz factor \( \gamma \) is defined as:

\[ \gamma = \frac{1}{\sqrt{1 - \frac{v^2}{c^2}}} \]

where \( v \) is the speed of the particle.

The rest mass energy of a nucleon (proton or neutron) is approximately 0.938 GeV. Since the energy per nucleon is 100 GeV, we can set up the equation:

\[ 100 \, \text{GeV} = \gamma \times 0.938 \, \text{GeV} \]

Solving for \( \gamma \):

\[ \gamma = \frac{100}{0.938} \approx 106.51 \]

Now, we use the Lorentz factor to find the speed \( v \):

\[ \gamma = \frac{1}{\sqrt{1 - \frac{v^2}{c^2}}} \]

Rearranging for \( v \):

\[ \sqrt{1 - \frac{v^2}{c^2}} = \frac{1}{\gamma} \]

\[ 1 - \frac{v^2}{c^2} = \frac{1}{\gamma^2} \]

\[ \frac{v^2}{c^2} = 1 - \frac{1}{\gamma^2} \]

\[ v^2 = c^2 \left(1 - \frac{1}{\gamma^2}\right) \]

\[ v = c \sqrt{1 - \frac{1}{\gamma^2}} \]

Substituting \( \gamma \approx 106.51 \):

\[ v = c \sqrt{1 - \frac{1}{(106.51)^2}} \]

\[ v \approx c \sqrt{1 - \frac{1}{11344.76}} \]

\[ v \approx c \sqrt{1 - 0.0000881} \]

\[ v \approx c \sqrt{0.9999119} \]

\[ v \approx c \times 0.9999559 \]

Thus, the speed of the gold ions as a fraction of the speed of light is approximately:

\[ 0.999956 \]

So, the speed of the gold ions as a fraction of the speed of light is approximately \( 0.999956 \).",True,,,,,[]
348,,In how many ways can 7 people be seated at 5 identical round tables? Each table must have at least 1 person seated.,175,"To solve this problem, we need to determine the number of ways to distribute 7 people into 5 identical round tables, with each table having at least one person. This is a combinatorial problem involving partitions of integers.

First, we need to find the partitions of the number 7 into exactly 5 parts, where each part is at least 1. This means we are looking for solutions to the equation:

\[ x_1 + x_2 + x_3 + x_4 + x_5 = 7 \]

where \( x_i \geq 1 \) for all \( i \).

Since each \( x_i \) must be at least 1, we can set \( x_i = y_i + 1 \), where \( y_i \geq 0 \). Substituting, we have:

\[ (y_1 + 1) + (y_2 + 1) + (y_3 + 1) + (y_4 + 1) + (y_5 + 1) = 7 \]

Simplifying, we get:

\[ y_1 + y_2 + y_3 + y_4 + y_5 = 2 \]

Now, we need to find the number of non-negative integer solutions to this equation. This is a classic ""stars and bars"" problem, where the number of solutions is given by:

\[ \binom{n + k - 1}{k - 1} \]

where \( n \) is the total sum we want (2 in this case), and \( k \) is the number of variables (5 in this case).

Thus, the number of solutions is:

\[ \binom{2 + 5 - 1}{5 - 1} = \binom{6}{4} = 15 \]

Therefore, there are 15 ways to seat 7 people at 5 identical round tables, with each table having at least one person.

The answer is:

15",False,,,,,[]
349,,What is the minimum kinetic energy in MeV of a proton in a medium-sized nucleus having a diameter of 8.0 x 10^-15 m?,0.08,"To find the minimum kinetic energy of a proton in a nucleus, we can use the uncertainty principle. The uncertainty principle states that the uncertainty in position (\(\Delta x\)) and the uncertainty in momentum (\(\Delta p\)) are related by:

\[
\Delta x \cdot \Delta p \geq \frac{\hbar}{2}
\]

where \(\hbar\) is the reduced Planck's constant, \(\hbar = \frac{h}{2\pi} \approx 1.0545718 \times 10^{-34} \, \text{J s}\).

Given the diameter of the nucleus is \(8.0 \times 10^{-15} \, \text{m}\), we can take the uncertainty in position \(\Delta x\) to be approximately the radius of the nucleus, which is half the diameter:

\[
\Delta x = \frac{8.0 \times 10^{-15}}{2} = 4.0 \times 10^{-15} \, \text{m}
\]

Using the uncertainty principle:

\[
\Delta p \geq \frac{\hbar}{2 \Delta x} = \frac{1.0545718 \times 10^{-34}}{2 \times 4.0 \times 10^{-15}} \approx 1.3182 \times 10^{-20} \, \text{kg m/s}
\]

The minimum kinetic energy (\(K\)) of the proton can be estimated using the relation for kinetic energy in terms of momentum:

\[
K = \frac{p^2}{2m}
\]

where \(m\) is the mass of the proton, approximately \(1.6726219 \times 10^{-27} \, \text{kg}\).

Substituting \(\Delta p\) for \(p\) (as an estimate for minimum momentum):

\[
K \approx \frac{(1.3182 \times 10^{-20})^2}{2 \times 1.6726219 \times 10^{-27}}
\]

Calculating this gives:

\[
K \approx \frac{1.737 \times 10^{-40}}{3.345 \times 10^{-27}} \approx 5.19 \times 10^{-14} \, \text{J}
\]

To convert this energy from joules to MeV, we use the conversion factor \(1 \, \text{J} = 6.242 \times 10^{12} \, \text{MeV}\):

\[
K \approx 5.19 \times 10^{-14} \, \text{J} \times 6.242 \times 10^{12} \, \text{MeV/J} \approx 0.324 \, \text{MeV}
\]

Thus, the minimum kinetic energy of the proton is approximately:

\[
\boxed{0.324}
\]",False,,,,,[]
350,,"Given that each cone can contain two ice cream balls, how many different ice cream cones can you make if you have 6 flavors of ice cream and 5 types of cones?",180,"To solve this problem, we need to determine how many different combinations of ice cream cones can be made given the constraints.

1. **Choosing the Ice Cream Balls:**
   - We have 6 flavors of ice cream.
   - Each cone can contain 2 ice cream balls.
   - The order of the ice cream balls matters because they are placed one on top of the other, so we consider permutations.
   - For the first ball, we have 6 choices (one for each flavor).
   - For the second ball, we also have 6 choices (one for each flavor).
   - Therefore, the number of ways to choose the ice cream balls is \(6 \times 6 = 36\).

2. **Choosing the Cone Type:**
   - We have 5 types of cones.
   - For each combination of ice cream balls, we can choose any of the 5 types of cones.
   - Therefore, the number of ways to choose the cone type is 5.

3. **Total Number of Different Ice Cream Cones:**
   - We multiply the number of ways to choose the ice cream balls by the number of ways to choose the cone type.
   - Total number of different ice cream cones = \(36 \times 5 = 180\).

Thus, the total number of different ice cream cones that can be made is \(\boxed{180}\).",True,,,,,[]
352,,Calculate the de Broglie Wavelength of a tennis ball of mass 57 g traveling 25 m/s in meters.,4.7e-34,"To calculate the de Broglie wavelength of an object, we use the de Broglie wavelength formula:

\[
\lambda = \frac{h}{mv}
\]

where:
- \(\lambda\) is the de Broglie wavelength,
- \(h\) is Planck's constant (\(6.626 \times 10^{-34} \, \text{m}^2 \text{kg/s}\)),
- \(m\) is the mass of the object in kilograms,
- \(v\) is the velocity of the object in meters per second.

First, convert the mass of the tennis ball from grams to kilograms:

\[
m = 57 \, \text{g} = 0.057 \, \text{kg}
\]

The velocity \(v\) is given as 25 m/s.

Now, substitute the values into the de Broglie wavelength formula:

\[
\lambda = \frac{6.626 \times 10^{-34} \, \text{m}^2 \text{kg/s}}{0.057 \, \text{kg} \times 25 \, \text{m/s}}
\]

Calculate the denominator:

\[
0.057 \, \text{kg} \times 25 \, \text{m/s} = 1.425 \, \text{kg m/s}
\]

Now, calculate the wavelength:

\[
\lambda = \frac{6.626 \times 10^{-34}}{1.425} \approx 4.65 \times 10^{-34} \, \text{m}
\]

Thus, the de Broglie wavelength of the tennis ball is approximately:

\[
4.65 \times 10^{-34} \, \text{m}
\]",False,,,,,[]
353,,"If the peak voltage value of a signal is 20 times the peak voltage value of the noise, what is the SNR? What is the $\mathrm{SNR}_{\mathrm{dB}}$ (in 3 sig.fig.)?",26.0,"To solve this problem, we need to understand the relationship between the signal-to-noise ratio (SNR) and the peak voltage values of the signal and noise.

The SNR is defined as the ratio of the power of the signal to the power of the noise. When dealing with voltages, the power is proportional to the square of the voltage. Therefore, if \( V_s \) is the peak voltage of the signal and \( V_n \) is the peak voltage of the noise, the SNR can be expressed as:

\[
\text{SNR} = \left(\frac{V_s}{V_n}\right)^2
\]

According to the problem, the peak voltage value of the signal is 20 times the peak voltage value of the noise:

\[
V_s = 20 \times V_n
\]

Substituting this into the SNR formula gives:

\[
\text{SNR} = \left(\frac{20 \times V_n}{V_n}\right)^2 = 20^2 = 400
\]

The SNR in decibels (\(\mathrm{SNR}_{\mathrm{dB}}\)) is calculated using the formula:

\[
\mathrm{SNR}_{\mathrm{dB}} = 10 \times \log_{10}(\text{SNR})
\]

Substituting the SNR value we found:

\[
\mathrm{SNR}_{\mathrm{dB}} = 10 \times \log_{10}(400)
\]

Calculating \(\log_{10}(400)\):

\[
\log_{10}(400) = \log_{10}(4 \times 10^2) = \log_{10}(4) + \log_{10}(10^2) = \log_{10}(4) + 2
\]

Using a calculator, \(\log_{10}(4) \approx 0.602\). Therefore:

\[
\log_{10}(400) \approx 0.602 + 2 = 2.602
\]

Now, calculate \(\mathrm{SNR}_{\mathrm{dB}}\):

\[
\mathrm{SNR}_{\mathrm{dB}} = 10 \times 2.602 = 26.02
\]

Rounding to three significant figures, the \(\mathrm{SNR}_{\mathrm{dB}}\) is:

\[
\boxed{26.0}
\]",True,,,,,[]
354,,Using n=6 approximate the value of $\int_{-1}^2 \sqrt{e^{-x^2} + 1} dx$ using the Simpson's rule.,3.70358145,"To approximate the integral \(\int_{-1}^2 \sqrt{e^{-x^2} + 1} \, dx\) using Simpson's rule with \(n = 6\), we first need to determine the step size \(h\) and the points at which we will evaluate the function.

The interval \([-1, 2]\) is divided into \(n = 6\) subintervals, so the step size \(h\) is given by:

\[
h = \frac{b-a}{n} = \frac{2 - (-1)}{6} = \frac{3}{6} = \frac{1}{2}
\]

The points at which we evaluate the function are:

\[
x_0 = -1, \quad x_1 = -0.5, \quad x_2 = 0, \quad x_3 = 0.5, \quad x_4 = 1, \quad x_5 = 1.5, \quad x_6 = 2
\]

Next, we evaluate the function \(f(x) = \sqrt{e^{-x^2} + 1}\) at these points:

\[
f(x_0) = \sqrt{e^{-(-1)^2} + 1} = \sqrt{e^{-1} + 1}
\]

\[
f(x_1) = \sqrt{e^{-(-0.5)^2} + 1} = \sqrt{e^{-0.25} + 1}
\]

\[
f(x_2) = \sqrt{e^{-0^2} + 1} = \sqrt{1 + 1} = \sqrt{2}
\]

\[
f(x_3) = \sqrt{e^{-(0.5)^2} + 1} = \sqrt{e^{-0.25} + 1}
\]

\[
f(x_4) = \sqrt{e^{-(1)^2} + 1} = \sqrt{e^{-1} + 1}
\]

\[
f(x_5) = \sqrt{e^{-(1.5)^2} + 1} = \sqrt{e^{-2.25} + 1}
\]

\[
f(x_6) = \sqrt{e^{-(2)^2} + 1} = \sqrt{e^{-4} + 1}
\]

Now, we apply Simpson's rule:

\[
\int_{-1}^{2} \sqrt{e^{-x^2} + 1} \, dx \approx \frac{h}{3} \left[ f(x_0) + 4f(x_1) + 2f(x_2) + 4f(x_3) + 2f(x_4) + 4f(x_5) + f(x_6) \right]
\]

Substituting the values:

\[
\approx \frac{1/2}{3} \left[ \sqrt{e^{-1} + 1} + 4\sqrt{e^{-0.25} + 1} + 2\sqrt{2} + 4\sqrt{e^{-0.25} + 1} + 2\sqrt{e^{-1} + 1} + 4\sqrt{e^{-2.25} + 1} + \sqrt{e^{-4} + 1} \right]
\]

\[
= \frac{1}{6} \left[ \sqrt{e^{-1} + 1} + 4\sqrt{e^{-0.25} + 1} + 2\sqrt{2} + 4\sqrt{e^{-0.25} + 1} + 2\sqrt{e^{-1} + 1} + 4\sqrt{e^{-2.25} + 1} + \sqrt{e^{-4} + 1} \right]
\]

Calculating each term numerically:

\[
\sqrt{e^{-1} + 1} \approx 1.3169578969248166
\]

\[
\sqrt{e^{-0.25} + 1} \approx 1.4938644250948145
\]

\[
\sqrt{2} \approx 1.4142135623730951
\]

\[
\sqrt{e^{-2.25} + 1} \approx 1.1049867780352594
\]

\[
\sqrt{e^{-4} + 1} \approx 1.0183156388887342
\]

Substituting these values into the Simpson's rule formula:

\[
\approx \frac{1}{6} \left[ 1.3169578969248166 + 4(1.4938644250948145) + 2(1.4142135623730951) + 4(1.4938644250948145) + 2(1.3169578969248166) + 4(1.1049867780352594) + 1.0183156388887342 \right]
\]

\[
= \frac{1}{6} \left[ 1.3169578969248166 + 5.975457700379258 + 2.8284271247461902 + 5.975457700379258 + 2.6339157938496332 + 4.4199471121410376 + 1.0183156388887342 \right]
\]

\[
= \frac{1}{6} \left[ 24.16847996730993 \right]
\]

\[
= 4.028079994551655
\]

Thus, the approximate value of the integral using Simpson's rule is:

\[
\boxed{4.028}
\]",False,,,,,[]
355,,What is the smallest number of vertices in a graph that guarantees the existence of a clique of size 3 or an independent set of size 2?,3,"To solve this problem, we need to determine the smallest number of vertices in a graph that guarantees the existence of either a clique of size 3 or an independent set of size 2.

Let's analyze the problem:

1. **Clique of size 3**: A clique of size 3 is a set of 3 vertices where every pair of vertices is connected by an edge.

2. **Independent set of size 2**: An independent set of size 2 is a set of 2 vertices where no pair of vertices is connected by an edge.

We are looking for the smallest number of vertices, \( n \), such that any graph with \( n \) vertices will have either a clique of size 3 or an independent set of size 2.

Consider the following:

- If \( n = 2 \), we can have a graph with 2 vertices and no edges, which is an independent set of size 2. Thus, \( n = 2 \) satisfies the condition for an independent set of size 2.

- If \( n = 3 \), we can have a graph with 3 vertices and no edges, which is an independent set of size 3. However, we are only required to have an independent set of size 2, which is already satisfied.

- If \( n = 3 \), we can also have a graph with 3 vertices and all possible edges, which forms a clique of size 3.

Therefore, with \( n = 3 \), we can always have either a clique of size 3 or an independent set of size 2, depending on the presence or absence of edges.

Thus, the smallest number of vertices that guarantees the existence of a clique of size 3 or an independent set of size 2 is:

\[
\boxed{3}
\]",True,,,,,[]
356,,"Find the number of integers n, 1 ≤ n ≤ 25 such that n^2 + 3n + 2 is divisible by 6.",13,"To solve the problem, we need to find the number of integers \( n \) such that \( 1 \leq n \leq 25 \) and \( n^2 + 3n + 2 \) is divisible by 6.

First, let's express the condition of divisibility by 6 in terms of divisibility by 2 and 3, since 6 = 2 × 3. Therefore, \( n^2 + 3n + 2 \) must be divisible by both 2 and 3.

**Step 1: Check divisibility by 2**

The expression \( n^2 + 3n + 2 \) is divisible by 2 if:

\[
n^2 + 3n + 2 \equiv 0 \pmod{2}
\]

We check the expression modulo 2:

- If \( n \equiv 0 \pmod{2} \), then \( n^2 \equiv 0 \pmod{2} \), \( 3n \equiv 0 \pmod{2} \), and \( 2 \equiv 0 \pmod{2} \). Thus, \( n^2 + 3n + 2 \equiv 0 \pmod{2} \).
- If \( n \equiv 1 \pmod{2} \), then \( n^2 \equiv 1 \pmod{2} \), \( 3n \equiv 1 \pmod{2} \), and \( 2 \equiv 0 \pmod{2} \). Thus, \( n^2 + 3n + 2 \equiv 1 + 1 + 0 \equiv 0 \pmod{2} \).

Thus, \( n^2 + 3n + 2 \equiv 0 \pmod{2} \) for all \( n \).

**Step 2: Check divisibility by 3**

The expression \( n^2 + 3n + 2 \) is divisible by 3 if:

\[
n^2 + 3n + 2 \equiv 0 \pmod{3}
\]

We check the expression modulo 3:

- If \( n \equiv 0 \pmod{3} \), then \( n^2 \equiv 0 \pmod{3} \), \( 3n \equiv 0 \pmod{3} \), and \( 2 \equiv 2 \pmod{3} \). Thus, \( n^2 + 3n + 2 \equiv 2 \pmod{3} \).
- If \( n \equiv 1 \pmod{3} \), then \( n^2 \equiv 1 \pmod{3} \), \( 3n \equiv 0 \pmod{3} \), and \( 2 \equiv 2 \pmod{3} \). Thus, \( n^2 + 3n + 2 \equiv 1 + 0 + 2 \equiv 0 \pmod{3} \).
- If \( n \equiv 2 \pmod{3} \), then \( n^2 \equiv 4 \equiv 1 \pmod{3} \), \( 3n \equiv 0 \pmod{3} \), and \( 2 \equiv 2 \pmod{3} \). Thus, \( n^2 + 3n + 2 \equiv 1 + 0 + 2 \equiv 0 \pmod{3} \).

Thus, \( n^2 + 3n + 2 \equiv 0 \pmod{3} \) if \( n \equiv 1 \pmod{3} \) or \( n \equiv 2 \pmod{3} \).

**Step 3: Combine conditions**

Since \( n^2 + 3n + 2 \equiv 0 \pmod{2} \) for all \( n \), we only need to satisfy the condition for divisibility by 3. Therefore, \( n \equiv 1 \pmod{3} \) or \( n \equiv 2 \pmod{3} \).

**Step 4: Count the integers**

We need to count the integers \( n \) from 1 to 25 that satisfy \( n \equiv 1 \pmod{3} \) or \( n \equiv 2 \pmod{3} \).

- Numbers \( n \equiv 1 \pmod{3} \) are: 1, 4, 7, 10, 13, 16, 19, 22, 25 (9 numbers).
- Numbers \( n \equiv 2 \pmod{3} \) are: 2, 5, 8, 11, 14, 17, 20, 23 (8 numbers).

Adding these, we have \( 9 + 8 = 17 \) integers.

Thus, the number of integers \( n \) such that \( n^2 + 3n + 2 \) is divisible by 6 is \(\boxed{17}\).",False,,,,,[]
357,,"Suppose Host A wants to send a large file to Host B. The path from Host A to Host B has three links, of rates R1 = 500 kbps, R2 = 2 Mbps, and R3 = Mbps. Suppose the file is 4 million bytes. Dividing the file size by the throughput, roughly how many seconds will it take to transfer the file to Host B?",64,"To solve this problem, we need to determine the throughput of the path from Host A to Host B. The throughput is determined by the slowest link in the path, which is known as the bottleneck link.

The given link rates are:
- R1 = 500 kbps
- R2 = 2 Mbps
- R3 = 1 Mbps (assuming ""Mbps"" was meant to be 1 Mbps)

First, we need to convert all rates to the same unit. Let's convert them to kilobits per second (kbps):
- R1 = 500 kbps
- R2 = 2 Mbps = 2000 kbps
- R3 = 1 Mbps = 1000 kbps

The bottleneck link is the one with the smallest rate, which is R1 = 500 kbps.

Next, we need to convert the file size from bytes to kilobits. There are 8 bits in a byte, so:
- File size = 4 million bytes = 4,000,000 bytes
- File size in bits = 4,000,000 bytes * 8 bits/byte = 32,000,000 bits
- File size in kilobits = 32,000,000 bits / 1000 = 32,000 kb

Now, we can calculate the time it takes to transfer the file using the bottleneck throughput:
- Time = File size / Throughput
- Time = 32,000 kb / 500 kbps = 64 seconds

Therefore, it will take approximately 64 seconds to transfer the file to Host B.",True,,,,,[]
358,,"Coloring the edges of a complete graph with n vertices in 2 colors (red and blue), what is the smallest n that guarantees there is either a 4-clique in red or a 4-clique in blue?",18,"To solve this problem, we need to determine the smallest number of vertices \( n \) in a complete graph \( K_n \) such that any 2-coloring of the edges (using red and blue) will necessarily contain a monochromatic 4-clique (a complete subgraph with 4 vertices all connected by edges of the same color).

This is a classic problem in Ramsey theory, specifically dealing with Ramsey numbers. The Ramsey number \( R(4, 4) \) is the smallest number of vertices \( n \) such that any 2-coloring of the edges of \( K_n \) will contain a monochromatic \( K_4 \) (4-clique).

The known result for this problem is that \( R(4, 4) = 18 \). This means that for \( n = 18 \), any 2-coloring of the edges of \( K_{18} \) will contain a monochromatic 4-clique, and for \( n < 18 \), there exists a 2-coloring that avoids a monochromatic 4-clique.

Therefore, the smallest \( n \) that guarantees there is either a 4-clique in red or a 4-clique in blue is:

18",True,,,,,[]
359,,"All walking animals, including humans, have a natural walking pace—a number of steps per minute that is more comfortable than a faster or slower pace. Suppose that this pace corresponds to the oscillation of the leg as a physical pendulum.  Fossil evidence shows that T. rex, a two-legged dinosaur that lived about 65 million years ago, had a leg length L = 3.1 m and a stride length S = 4.0 m (the distance from one footprint to the next print of the same foot).  Estimate the walking speed of T. rex. (Unit: m/s)",1.4,"To estimate the walking speed of T. rex, we can use the concept of a physical pendulum to determine its natural walking pace. The period \( T \) of a simple pendulum is given by the formula:

\[
T = 2\pi \sqrt{\frac{L}{g}}
\]

where \( L \) is the length of the pendulum (in this case, the leg length of T. rex, which is 3.1 m), and \( g \) is the acceleration due to gravity (approximately 9.8 m/s²).

First, we calculate the period \( T \):

\[
T = 2\pi \sqrt{\frac{3.1}{9.8}}
\]

Calculating inside the square root:

\[
\frac{3.1}{9.8} \approx 0.3163
\]

Taking the square root:

\[
\sqrt{0.3163} \approx 0.5625
\]

Now, multiply by \( 2\pi \):

\[
T \approx 2\pi \times 0.5625 \approx 3.534
\]

The period \( T \) is approximately 3.534 seconds. This period represents the time for one complete oscillation, which corresponds to one full stride (two steps, one with each leg).

The stride length \( S \) is given as 4.0 m. The walking speed \( v \) can be calculated as the stride length divided by the period:

\[
v = \frac{S}{T} = \frac{4.0}{3.534} \approx 1.132
\]

Therefore, the estimated walking speed of T. rex is approximately \( 1.132 \) m/s.",False,,,,,[]
