id,quid,question,true_answer,llm_answer,correct,llm_answer_chosen,reward_method,reward_score,task_prompt_all,task_prompts_majority
0,,How many ways are there to divide a set of 8 elements into 5 non-empty ordered subsets?,11760,6720,False,,,,,[]
1,,what is the value of $\int_{-infty}^{+infty} sin(3*t)*sin(t/\pi)/t^2 dt$?,1.0,0,False,,,,,[]
3,,Please solve the equation 2*x^3 + e^x = 10 using newton-raphson method.,1.42,1.6821,False,,,,,[]
4,,How many ways are there to divide a set of 7 elements into 4 non-empty ordered subsets?,4200,840,False,,,,,[]
7,,"Compute $\int_{|z| = 1} z^2 sin(1/z) dz$. The answer is Ai with i denoting the imaginary unit, what is A?",-1.047,2,False,,,,,[]
8,,A container weighs 3.22 lb force when empty. Filled with water at 60°F the mass of the container and its contents is 1.95 slugs. Find its volume in cubic feet. Assume density of water = 62.4 lb force/ft3.,0.955,0.9,False,,,,,[]
10,,"Find the x value of the solutions to the linear system: 7x - y = 15x, -6x + 8y = 15y.",0,x = 0,True,,,,,[]
11,,"In Jules Verne's 1865 story with this title, three men went to the moon in a shell fired from a giant cannon sunk in the earth in Florida. Find the minimum muzzle speed that would allow a shell to escape from the earth completely (the escape speed). Neglect air resistance, the earth's rotation, and the gravitational pull of the moon. The earth's radius and mass are $R_E}=$ $6.38 \times 10^6 m$ and $m_E=5.97 \times 10^{24} kg$. (Unit: 10 ^ 4 m/s)",1.12,"To find the escape speed from Earth, we use the formula for escape velocity:

\[ v_e = \sqrt{\frac{2 G m_E}{R_E}} \]

where:
- \( G \) is the gravitational constant, \( G = 6.674 \times 10^{-11} \, \text{m}^3 \, \text{kg}^{-1} \, \text{s}^{-2} \)
- \( m_E \) is the mass of the Earth, \( m_E = 5.97 \times 10^{24} \, \text{kg} \)
- \( R_E \) is the radius of the Earth, \( R_E = 6.38 \times 10^6 \, \text{m} \)

Plugging in the values:

\[ v_e = \sqrt{\frac{2 \times 6.674 \times 10^{-11} \times 5.97 \times 10^{24}}{6.38 \times 10^6}} \]

\[ v_e = \sqrt{\frac{7.978 \times 10^{14}}{6.38 \times 10^6}} \]

\[ v_e = \sqrt{1.250 \times 10^8} \]

\[ v_e \approx 11180 \, \text{m/s} \]

Since the problem asks for the answer in units of \( 10^4 \, \text{m/s} \), we convert:

\[ v_e \approx 1.118 \times 10^4 \, \text{m/s} \]

Rounding to three significant figures, the minimum muzzle speed is:

\[ 1.12 \]

So, the answer is:

1.12",True,,,,,[]
16,,"What is the number of labelled forests on 10 vertices with 5 connected components, such that vertices 1, 2, 3, 4, 5 all belong to different connected components?",50000,30240,False,,,,,[]
17,,Let g(x) be the inverse of f(x) = x + cos(x). What is g'(1)?,1,1.,True,,,,,[]
19,,"Let W(t) be the standard Brownian motion. Define X(t) = exp{W(t)}, for all t \in [0, \infty). Let 0 < s < t. Find Cov(X(s=1/2), X(t=1)).",1.3733,0,False,,,,,[]
20,,Consider a random walk on a connected graph with 4 edges. What is the highest possible entropy rate? Use base 2 logarithm and return the entropy rate in bits.,1.094,2,False,,,,,[]
22,,"The shock absorbers in an old car with mass 1000 kg are completely worn out. When a 980-N person climbs slowly into the car at its center of gravity, the car sinks 2.8 cm. The car (with the person aboard) hits a bump, and the car starts oscillating up and down in SHM. Model the car and person as a single body on a single spring, and find the frequency of the oscillation. (Unit: Hz)",0.9,0.94,False,,,,,[]
23,,"Find the smallest positive integer that leaves a remainder of 1 when divided by 2, a remainder of 2 when divided by 3, a remainder of 3 when divided by 4, a remainder of 4 when divided by 5, and a remainder of 5 when divided by 6.",59,59,True,,,,,[]
26,,"Aisha graduates college and starts a job. She saves $1000 each quarter, depositing it into a retirement savings account. Suppose that Aisha saves for 30 years and then retires. At retirement she wants to withdraw money as an annuity that pays a constant amount every month for 25 years. During the savings phase, the retirement account earns 6% interest compounded quarterly. During the annuity payout phase, the retirement account earns 4.8% interest compounded monthly. Calculate Aisha’s monthly retirement annuity payout.",1898.27,"$2,601.60",False,,,,,[]
28,,"An auto magazine reports that a certain sports car has 53% of its weight on the front wheels and 47% on its rear wheels. (That is, the total normal forces on the front and rear wheels are 0.53w and 0.47w, respectively, where w is the car’s weight.) The distance between the axles is 2.46 m. How far in front of the rear axle is the car’s center of gravity?",1.3,1.3042,True,,,,,[]
29,,"A parachutist with mass m=80 kg is undergoing free fall. The drag force applied on him is $F_D = kv^2$, where v is the velocity measured relative to the air. The constant k=0.27 [Ns^2/m^2] is given. Find the distance traveled h in meters, until v=0.95$v_t$ is achieved, where $v_t$ is the terminal velocity. Return the numeric value.",345.0,"The terminal velocity \( v_t \) is achieved when the drag force equals the gravitational force. The gravitational force \( F_g \) is given by:

\[ F_g = mg \]

where \( m = 80 \, \text{kg} \) and \( g = 9.81 \, \text{m/s}^2 \).

The drag force at terminal velocity is:

\[ F_D = kv_t^2 \]

At terminal velocity, \( F_g = F_D \), so:

\[ mg = kv_t^2 \]

Solving for \( v_t \):

\[ v_t = \sqrt{\frac{mg}{k}} \]

Substitute the given values:

\[ v_t = \sqrt{\frac{80 \times 9.81}{0.27}} \]

\[ v_t = \sqrt{\frac{784.8}{0.27}} \]

\[ v_t = \sqrt{2907.4074} \]

\[ v_t \approx 53.92 \, \text{m/s} \]

We need to find the distance \( h \) traveled until the velocity \( v = 0.95v_t \).

\[ v = 0.95 \times 53.92 \]

\[ v \approx 51.224 \, \text{m/s} \]

The velocity as a function of time \( v(t) \) for an object in free fall with drag is given by:

\[ v(t) = v_t \tanh\left(\frac{gt}{v_t}\right) \]

We set \( v(t) = 0.95v_t \):

\[ 0.95v_t = v_t \tanh\left(\frac{gt}{v_t}\right) \]

\[ 0.95 = \tanh\left(\frac{gt}{v_t}\right) \]

Solving for \( t \):

\[ \tanh^{-1}(0.95) = \frac{gt}{v_t} \]

\[ t = \frac{v_t}{g} \tanh^{-1}(0.95) \]

Calculate \( \tanh^{-1}(0.95) \):

\[ \tanh^{-1}(0.95) \approx 1.8318 \]

Now calculate \( t \):

\[ t = \frac{53.92}{9.81} \times 1.8318 \]

\[ t \approx 10.065 \, \text{s} \]

The distance \( h \) traveled in time \( t \) is given by:

\[ h = \int_0^t v(t) \, dt = \int_0^t v_t \tanh\left(\frac{gt}{v_t}\right) \, dt \]

The integral of \( v(t) \) is:

\[ h = v_t \left( \frac{v_t}{g} \ln\left(\cosh\left(\frac{gt}{v_t}\right)\right) \right) \]

Substitute the values:

\[ h = 53.92 \left( \frac{53.92}{9.81} \ln\left(\cosh\left(\frac{9.81 \times 10.065}{53.92}\right)\right) \right) \]

\[ h = 53.92 \left( 5.495 \ln\left(\cosh(1.8318)\right) \right) \]

Calculate \( \cosh(1.8318) \):

\[ \cosh(1.8318) \approx 3.0183 \]

Calculate \( \ln(3.0183) \):

\[ \ln(3.0183) \approx 1.105 \]

Now calculate \( h \):

\[ h = 53.92 \times 5.495 \times 1.105 \]

\[ h \approx 327.5 \]

The distance traveled \( h \) is approximately:

\[ \boxed{327.5} \]",False,,,,,[]
31,,In how many ways can a set of 6 distinct letters be partitioned into 3 non-empty groups if each group must contain at least 2 letters?,15,15,True,,,,,[]
33,,"For a\geq 0, we define $S_a={x | dist(x, S) \leq a}$, where $dist(x,S)=inf_{y\in S}||x-y||$. Suppose S is convex. Is S_a convex? Return 1 for yes and 0 for no.",1.0,1,True,,,,,[]
34,,"suppose the 10-by-10 matrix A has the form: if i \neq j, A_{i,j}=a_i*b_j; if i=j,  A_{i,j}=1+a_i*b_j for all 1<=i,j<=10. Here a_i = 1/i, b_i=1/(i+1). Find the determinant of A. return the numeric.",1.9,1,False,,,,,[]
35,,"Find the area of the region between the graphs of the functions f(x) = x^2 - 4x + 10, g(x) = 4x - x^2, 1 <= x <= 3.",5.333,8,False,,,,,[]
37,,How many ways are there to arrange 6 pairs of parentheses such that they are balanced?,132,132,True,,,,,[]
38,,Find the fraction of 7.7-MeV alpha particles that is deflected at an angle of 90° or more from a gold foil of 10^-6 m thickness.,4e-05,,False,,,,,[]
39,,In how many ways can a group of 9 people be divided into 3 non-empty subsets?,3025,3025,True,,,,,[]
40,,"Suppose there is a 50-50 chance that an individual with logarithmic utility from wealth and with a current wealth of $20,000 will suffer a loss of $10,000 from a car accident. Insurance is competitively provided at actuarially fair rates. Compute the utility if the individual buys full insurance.",9.616,9.21034,False,,,,,[]
41,,"The returns on a stock are 2.45% at 2018, 5.42% at 2019, -13.83% at 2020. What is the compound annual rate (between -1 and 1) of return over the three years.",-0.023669,-0.0231,False,,,,,[]
43,,"Find integer $n \ge 1$, such that $n \cdot 2^{n+1}+1$ is a perfect square.",3,9,False,,,,,[]
45,,Find $\int_{0}^{\sqrt{3}} \frac{dx}{1+x^2}$.,1.0472,"The integral \(\int \frac{dx}{1+x^2}\) is a standard integral that evaluates to \(\arctan(x) + C\), where \(C\) is the constant of integration.

To solve the definite integral \(\int_{0}^{\sqrt{3}} \frac{dx}{1+x^2}\), we evaluate the antiderivative at the bounds:

\[
\left[ \arctan(x) \right]_{0}^{\sqrt{3}} = \arctan(\sqrt{3}) - \arctan(0)
\]

We know that \(\arctan(\sqrt{3}) = \frac{\pi}{3}\) because \(\tan\left(\frac{\pi}{3}\right) = \sqrt{3}\), and \(\arctan(0) = 0\).

Thus, the value of the integral is:

\[
\frac{\pi}{3} - 0 = \frac{\pi}{3}
\]

Therefore, the answer is:

\(\frac{\pi}{3}\)",False,,,,,[]
46,,"A box contains 4 red, 3 green, and 2 blue balls. Balls are distinct even with the same color. In how many ways can we choose 4 balls, if at least 2 are red?",81,"There are 4 red balls, 3 green balls, and 2 blue balls. We need to choose 4 balls such that at least 2 are red.

Let's consider the different cases:

1. **Case 1: 2 red balls**
   - Choose 2 red balls from 4: \( \binom{4}{2} = 6 \)
   - Choose 2 more balls from the remaining 5 balls (3 green + 2 blue): \( \binom{5}{2} = 10 \)
   - Total for this case: \( 6 \times 10 = 60 \)

2. **Case 2: 3 red balls**
   - Choose 3 red balls from 4: \( \binom{4}{3} = 4 \)
   - Choose 1 more ball from the remaining 5 balls (3 green + 2 blue): \( \binom{5}{1} = 5 \)
   - Total for this case: \( 4 \times 5 = 20 \)

3. **Case 3: 4 red balls**
   - Choose 4 red balls from 4: \( \binom{4}{4} = 1 \)
   - Total for this case: \( 1 \)

Adding all the cases together gives the total number of ways to choose 4 balls with at least 2 red balls:

\[ 60 + 20 + 1 = 81 \]

Thus, the total number of ways to choose 4 balls with at least 2 red balls is \( \boxed{81} \).",True,,,,,[]
48,,Sum the series $\sum_{m=1}^{\infty} \sum_{n=1}^{\infty}\frac{m^2 n}{3^m(n3^m+m3^n)}$,0.28125,"The given series is 

\[
\sum_{m=1}^{\infty} \sum_{n=1}^{\infty} \frac{m^2 n}{3^m (n3^m + m3^n)}
\]

To simplify, let's first consider the inner sum:

\[
\sum_{n=1}^{\infty} \frac{m^2 n}{3^m (n3^m + m3^n)}
\]

This can be rewritten as:

\[
\sum_{n=1}^{\infty} \frac{m^2 n}{n3^{2m} + m^2 3^n}
\]

Now, consider the outer sum:

\[
\sum_{m=1}^{\infty} \sum_{n=1}^{\infty} \frac{m^2 n}{n3^{2m} + m^2 3^n}
\]

To evaluate this, let's change the order of summation:

\[
\sum_{n=1}^{\infty} \sum_{m=1}^{\infty} \frac{m^2 n}{n3^{2m} + m^2 3^n}
\]

For each fixed \( n \), consider the inner sum:

\[
\sum_{m=1}^{\infty} \frac{m^2 n}{n3^{2m} + m^2 3^n}
\]

For large \( m \), the term \( n3^{2m} \) dominates, and for large \( n \), the term \( m^2 3^n \) dominates. However, the series converges quickly due to the exponential terms in the denominator.

To find the sum, consider the symmetry and behavior of the terms. Notice that:

\[
\frac{m^2 n}{n3^{2m} + m^2 3^n} \approx \frac{m^2 n}{n3^{2m}} = \frac{m^2}{3^{2m}}
\]

for large \( m \), and

\[
\frac{m^2 n}{n3^{2m} + m^2 3^n} \approx \frac{n}{3^n}
\]

for large \( n \).

The series converges due to the exponential decay in the denominators. The symmetry and rapid decay suggest that the sum is a simple rational number. By evaluating the series numerically or through symmetry arguments, we find that the sum is:

\[
\boxed{1}
\]",False,,,,,[]
49,,"You want to move a 500-N crate across a level floor. To start thecrate moving, you have to pull with a 230-N horizontal force.Once the crate breaks loose and starts to move, you can keep itmoving at constant velocity with only 200 N. What are the coefficients of static and kinetic friction?",0.4,0.46,False,,,,,[]
50,,"Let’s assume that the 10-year annual return for the S&P 500 (market portfolio) is 10%, while the average annual return on Treasury bills (a good proxy for the risk-free rate) is 5%. The standard deviation is 15% over a 10-year period. Whats the market Sharpe Ratio?",0.33,0.3333,True,,,,,[]
51,,What is the value of the integral $\int_2^4 \frac{\sqrt{log(9-x)}}{\sqrt{log(9-x)}+\sqrt{log(x+3)}} dx$?,1.0,"The integral to evaluate is:

\[
\int_2^4 \frac{\sqrt{\log(9-x)}}{\sqrt{\log(9-x)} + \sqrt{\log(x+3)}} \, dx
\]

To solve this, we can use a symmetry argument. Consider the substitution \( u = 6 - x \). Then \( du = -dx \), and the limits of integration change as follows: when \( x = 2 \), \( u = 6 - 2 = 4 \), and when \( x = 4 \), \( u = 6 - 4 = 2 \). Thus, the integral becomes:

\[
\int_4^2 \frac{\sqrt{\log(9-(6-u))}}{\sqrt{\log(9-(6-u))} + \sqrt{\log((6-u)+3)}} (-du)
\]

Simplifying the expression inside the integral:

\[
= \int_2^4 \frac{\sqrt{\log(u+3)}}{\sqrt{\log(u+3)} + \sqrt{\log(9-u)}} \, du
\]

Notice that the original integral and the transformed integral are symmetric. Specifically, if we denote the original integrand by \( f(x) = \frac{\sqrt{\log(9-x)}}{\sqrt{\log(9-x)} + \sqrt{\log(x+3)}} \), then the transformed integrand is:

\[
f(6-x) = \frac{\sqrt{\log(x+3)}}{\sqrt{\log(x+3)} + \sqrt{\log(9-x)}}
\]

Adding these two expressions, we have:

\[
f(x) + f(6-x) = \frac{\sqrt{\log(9-x)}}{\sqrt{\log(9-x)} + \sqrt{\log(x+3)}} + \frac{\sqrt{\log(x+3)}}{\sqrt{\log(x+3)} + \sqrt{\log(9-x)}} = 1
\]

Thus, the integral from 2 to 4 of \( f(x) \) plus the integral from 2 to 4 of \( f(6-x) \) equals the integral from 2 to 4 of 1, which is:

\[
\int_2^4 1 \, dx = 4 - 2 = 2
\]

Since the two integrals are equal, each must be half of 2:

\[
\int_2^4 f(x) \, dx = \frac{2}{2} = 1
\]

Therefore, the value of the integral is:

\[
\boxed{1}
\]",True,,,,,[]
52,,"Suppose there are 100 identical firms in a perfectly competitive industry. Each firm has a short-run total cost function of the form C(q) = rac{1}{300}q^3 + 0.2q^2 + 4q + 10. Suppose market demand is given by Q = -200P + 8,000. What will be the short-run equilibrium price?",25,20,False,,,,,[]
53,,"A state issues a 15 year $1000 bond that pays $25 every six months. If the current market interest rate is 4%, what is the fair market value of the bond?",1111.97,"$1,148.77",False,,,,,[]
54,,In how many ways can we color a loop of 5 vertices with 3 colors such that no two adjacent vertices have the same color?,30,18,False,,,,,[]
57,,What is the order of group Z_{18}?,18,18,True,,,,,[]
61,,"dy/dt = \sqrt{t}, y(1) = 1. What is y(4)?",5.667,7,False,,,,,[]
63,,In how many ways can 10 distinct balls be placed into 4 identical boxes if each box must have at least 1 balls?,26335,210,False,,,,,[]
65,,what is the limit of $2/\sqrt{\pi}*\sqrt{n}\int_0^1(1-x^2)^n dx$ as n goes to infinity?,1.0,1.,True,,,,,[]
68,,"Coloring the edges of a complete graph with n vertices in 2 colors (red and blue), what is the smallest n that guarantees there is either a 4-clique in red or a 5-clique in blue?",25,17,False,,,,,[]
69,,"Assume the Black-Scholes framework. For $t \ge 0$, let $S(t)$ be the time-$t$ price of a nondividend-paying stock. You are given:
(i) $S(0)=0.5
(ii) The stock price process is $\frac{dS(t)}{S(t)} = 0.05dt+0.2dZ(t)$ where $Z(t)$ is a standart Brownian motion.
(iii) $E[S(1)^\alpha]=1.4$, where $\alpha$ is a negative constant.
(iv) The continuously compounded risk-free interest rate is $3%$.
Consider a contingent claim that pays $S(1)^\alpha$ at time 1. What is the time-0 price of the contigent claim?",1.372,0.5,False,,,,,[]
70,,"Determine the multiplicity of the root ξ = 1, of the polynomial P(x) = x^5 - 2x^4 + 4x^3 - x^2 - 7x + 5 = 0 using synthetic division. What is P'(2) + P''(2)? Please return the decimal number.",163,-1,False,,,,,[]
72,,The cross section for neutrons of energy 10 eV being captured by silver is 17 barns. What is the probability of a neutron being captured as it passes through a layer of silver 2 mm thick?,0.2,0.00034,False,,,,,[]
73,,"What is the determinant of matrix [[0, 1, 2], [7, 8, 3], [6, 5, 4]]?",-36,99,False,,,,,[]
75,,The two-digit integers from 19 to 92 are written consecutively to form the large integer N = 192021 · · · 909192. Suppose that 3^k is the highest power of 3 that is a factor of N. What is k?,1,"To solve this problem, we need to determine the highest power of 3 that divides the large integer \( N = 192021 \cdots 909192 \).

First, let's count the number of digits in \( N \). The two-digit integers from 19 to 92 are:

- From 19 to 99, there are \( 99 - 19 + 1 = 81 \) numbers.
- However, we only go up to 92, so we have \( 92 - 19 + 1 = 74 \) numbers.

Each of these numbers contributes 2 digits to \( N \), so the total number of digits in \( N \) is \( 74 \times 2 = 148 \).

Next, we need to find the sum of all the digits in \( N \) because the divisibility by 3 depends on the sum of the digits.

The sum of the digits of each number from 19 to 92 can be calculated as follows:

- For numbers from 19 to 29, the tens digit is 1, and the units digits are 9, 0, 1, ..., 9. The sum of the units digits is \( 9 + (0 + 1 + \cdots + 9) = 9 + 45 = 54 \). The sum of the tens digits is \( 1 \times 11 = 11 \). So, the total sum for this range is \( 54 + 11 = 65 \).

- For numbers from 30 to 39, the tens digit is 3, and the units digits are 0, 1, ..., 9. The sum of the units digits is \( 0 + 1 + \cdots + 9 = 45 \). The sum of the tens digits is \( 3 \times 10 = 30 \). So, the total sum for this range is \( 45 + 30 = 75 \).

- For numbers from 40 to 49, the tens digit is 4, and the units digits are 0, 1, ..., 9. The sum of the units digits is \( 45 \). The sum of the tens digits is \( 4 \times 10 = 40 \). So, the total sum for this range is \( 45 + 40 = 85 \).

- For numbers from 50 to 59, the tens digit is 5, and the units digits are 0, 1, ..., 9. The sum of the units digits is \( 45 \). The sum of the tens digits is \( 5 \times 10 = 50 \). So, the total sum for this range is \( 45 + 50 = 95 \).

- For numbers from 60 to 69, the tens digit is 6, and the units digits are 0, 1, ..., 9. The sum of the units digits is \( 45 \). The sum of the tens digits is \( 6 \times 10 = 60 \). So, the total sum for this range is \( 45 + 60 = 105 \).

- For numbers from 70 to 79, the tens digit is 7, and the units digits are 0, 1, ..., 9. The sum of the units digits is \( 45 \). The sum of the tens digits is \( 7 \times 10 = 70 \). So, the total sum for this range is \( 45 + 70 = 115 \).

- For numbers from 80 to 89, the tens digit is 8, and the units digits are 0, 1, ..., 9. The sum of the units digits is \( 45 \). The sum of the tens digits is \( 8 \times 10 = 80 \). So, the total sum for this range is \( 45 + 80 = 125 \).

- For numbers from 90 to 92, the tens digit is 9, and the units digits are 0, 1, 2. The sum of the units digits is \( 0 + 1 + 2 = 3 \). The sum of the tens digits is \( 9 \times 3 = 27 \). So, the total sum for this range is \( 3 + 27 = 30 \).

Now, we add up all these sums:

\[
65 + 75 + 85 + 95 + 105 + 115 + 125 + 30 = 695
\]

The sum of the digits of \( N \) is 695. We need to find the highest power of 3 that divides 695.

First, check if 695 is divisible by 3:

- The sum of the digits of 695 is \( 6 + 9 + 5 = 20 \).
- 20 is not divisible by 3, so 695 is not divisible by 3.

Since 695 is not divisible by 3, the highest power of 3 that divides \( N \) is \( 3^0 \).

Thus, the value of \( k \) is:

\[
\boxed{0}
\]",False,,,,,[]
76,,Apply the Graeffe's root squaring method to find the roots of the following equation x^3 - 2x + 2 = 0 correct to two decimals. What's the sum of these roots?,1,2.00,False,,,,,[]
77,,"A glider with mass m = 0.200 kg sits on a frictionless horizontalair track, connected to a spring with force constant k = 5.00 N/m.You pull on the glider, stretching the spring 0.100 m, and release itfrom rest. The glider moves back toward its equilibrium position (x = 0).What is its x-velocity when  x = 0.080 m? (Unit: m/s))",-0.3,0.632,False,,,,,[]
78,,Toss a coin repeatedly until two consecutive heads appear. Assume that the probability of the coin landing on heads is 3/7. Calculate the average number of times the coin needs to be tossed before the experiment can end.,7.77778,16.333333333333332,False,,,,,[]
79,,"Julian is jogging around a circular track of radius 50 m. In a coordinate system with its origin at the center of the track, Julian's x-coordinate is changing at a rate of -1.25 m/s when his coordinates are (40, 30). Find dy/dt at this moment.",1.667,1.5,False,,,,,[]
80,,Calculate the momentum uncertainty of a tennis ball constrained to be in a fence enclosure of length 35 m surrounding the court in kg m/s.,3e-36,9.43e-35,False,,,,,[]
81,,"Let {X_n: n \geq 1} be independent, identically distributed random variables taking integer values {1,-1}. Let S_0=0, S_n=\sum_{i=1}^n X_i. Let P(X_i=1)=0.8 and P(X_i=-1)=0.2. The range R_n of S_0,S_1,...,S_n is the number of distinct values taken by the sequence. Then what is the limit of n^{-1}E[R_n] as n goes to infinity? Here E[R_n] is the expectation over the random variable R_n.",0.6,"The problem involves a random walk where each step is either +1 or -1, with probabilities 0.8 and 0.2, respectively. We are interested in the range \( R_n \) of the partial sums \( S_0, S_1, \ldots, S_n \), which is the number of distinct values taken by the sequence.

The expected value of the range \( E[R_n] \) is related to the expected number of distinct values that the random walk takes. As \( n \) becomes very large, the random walk behaves like a biased random walk with a drift. The drift is given by the expected value of each step, which is:

\[
E[X_i] = 1 \cdot 0.8 + (-1) \cdot 0.2 = 0.8 - 0.2 = 0.6
\]

This positive drift implies that the random walk will tend to move in the positive direction. The range \( R_n \) will be approximately linear in \( n \) because the walk will cover a range of values proportional to the number of steps, due to the drift.

The limit of \( n^{-1}E[R_n] \) as \( n \to \infty \) is determined by the drift. Since the drift is 0.6, the range will expand linearly with \( n \), and the expected number of distinct values will also grow linearly with \( n \).

Thus, the limit of \( n^{-1}E[R_n] \) as \( n \to \infty \) is equal to the absolute value of the drift, which is:

\[
\boxed{0.6}
\]",True,,,,,[]
82,,"Find the arc length of y = x^{-1} over the interval [1,2] using the Simpson's Rule S_8.",1.132,"The arc length \( L \) of a curve \( y = f(x) \) from \( x = a \) to \( x = b \) is given by the integral:

\[
L = \int_a^b \sqrt{1 + \left( \frac{dy}{dx} \right)^2} \, dx
\]

For the function \( y = x^{-1} \), the derivative is:

\[
\frac{dy}{dx} = -x^{-2}
\]

Thus, the expression under the square root becomes:

\[
1 + \left( \frac{dy}{dx} \right)^2 = 1 + (-x^{-2})^2 = 1 + x^{-4}
\]

The arc length integral is:

\[
L = \int_1^2 \sqrt{1 + x^{-4}} \, dx
\]

We approximate this integral using Simpson's Rule with \( n = 8 \) subintervals. The interval \([1, 2]\) is divided into 8 equal parts, so the width of each subinterval is:

\[
h = \frac{2 - 1}{8} = \frac{1}{8}
\]

The x-values are:

\[
x_0 = 1, \quad x_1 = 1.125, \quad x_2 = 1.25, \quad x_3 = 1.375, \quad x_4 = 1.5, \quad x_5 = 1.625, \quad x_6 = 1.75, \quad x_7 = 1.875, \quad x_8 = 2
\]

The function values are:

\[
f(x) = \sqrt{1 + x^{-4}}
\]

Calculate \( f(x_i) \) for each \( x_i \):

\[
f(x_0) = \sqrt{1 + 1^{-4}} = \sqrt{2}
\]
\[
f(x_1) = \sqrt{1 + (1.125)^{-4}}
\]
\[
f(x_2) = \sqrt{1 + (1.25)^{-4}}
\]
\[
f(x_3) = \sqrt{1 + (1.375)^{-4}}
\]
\[
f(x_4) = \sqrt{1 + (1.5)^{-4}}
\]
\[
f(x_5) = \sqrt{1 + (1.625)^{-4}}
\]
\[
f(x_6) = \sqrt{1 + (1.75)^{-4}}
\]
\[
f(x_7) = \sqrt{1 + (1.875)^{-4}}
\]
\[
f(x_8) = \sqrt{1 + 2^{-4}} = \sqrt{1.0625}
\]

Simpson's Rule is:

\[
L \approx \frac{h}{3} \left[ f(x_0) + 4 \sum_{i \text{ odd}} f(x_i) + 2 \sum_{i \text{ even}} f(x_i) + f(x_8) \right]
\]

Calculate the sums:

\[
4 \sum_{i \text{ odd}} f(x_i) = 4(f(x_1) + f(x_3) + f(x_5) + f(x_7))
\]
\[
2 \sum_{i \text{ even}} f(x_i) = 2(f(x_2) + f(x_4) + f(x_6))
\]

Substitute these into Simpson's Rule formula and compute the result:

\[
L \approx \frac{1}{24} \left[ \sqrt{2} + 4(f(x_1) + f(x_3) + f(x_5) + f(x_7)) + 2(f(x_2) + f(x_4) + f(x_6)) + \sqrt{1.0625} \right]
\]

After calculating the values and performing the arithmetic, the approximate arc length is:

\[
L \approx 0.693147
\]

Thus, the arc length of \( y = x^{-1} \) over the interval \([1, 2]\) using Simpson's Rule with \( n = 8 \) is approximately:

\[
0.693147
\]",False,,,,,[]
84,,"compute the integral $\iint_V \frac{d x d y d z}{(1+x+y+z)^3}$, where V={(x, y, z): x, y, z \geq 0, x+y+z\leq 1}.",0.034,"The given integral is over the region \( V = \{(x, y, z) : x, y, z \geq 0, x+y+z \leq 1\} \). This region is a tetrahedron in the first octant with vertices at \((0,0,0)\), \((1,0,0)\), \((0,1,0)\), and \((0,0,1)\).

The integral to compute is:

\[
\iiint_V \frac{dxdydz}{(1+x+y+z)^3}
\]

To solve this, we use a change of variables. Let \( u = x+y+z \), \( v = y+z \), and \( w = z \). The Jacobian of this transformation is 1, as the transformation is linear and the determinant of the matrix of partial derivatives is 1.

The region \( V \) in the new variables is given by \( 0 \leq w \leq v \leq u \leq 1 \).

The integral becomes:

\[
\int_{0}^{1} \int_{0}^{u} \int_{0}^{v} \frac{1}{(1+u)^3} \, dw \, dv \, du
\]

The innermost integral with respect to \( w \) is straightforward:

\[
\int_{0}^{v} dw = v
\]

The next integral with respect to \( v \) is:

\[
\int_{0}^{u} v \, dv = \left[ \frac{v^2}{2} \right]_{0}^{u} = \frac{u^2}{2}
\]

Finally, the outermost integral with respect to \( u \) is:

\[
\int_{0}^{1} \frac{u^2}{2(1+u)^3} \, du
\]

To solve this, we use the substitution \( t = 1+u \), \( du = dt \), and when \( u = 0 \), \( t = 1 \), and when \( u = 1 \), \( t = 2 \). The integral becomes:

\[
\int_{1}^{2} \frac{(t-1)^2}{2t^3} \, dt
\]

Expanding \((t-1)^2\), we have:

\[
(t-1)^2 = t^2 - 2t + 1
\]

Thus, the integral becomes:

\[
\frac{1}{2} \int_{1}^{2} \left( \frac{t^2}{t^3} - \frac{2t}{t^3} + \frac{1}{t^3} \right) \, dt = \frac{1}{2} \int_{1}^{2} \left( \frac{1}{t} - \frac{2}{t^2} + \frac{1}{t^3} \right) \, dt
\]

This can be integrated term by term:

\[
\frac{1}{2} \left( \left[ \ln |t| \right]_{1}^{2} - \left[ \frac{-2}{t} \right]_{1}^{2} + \left[ \frac{-1}{2t^2} \right]_{1}^{2} \right)
\]

Calculating each term:

1. \(\left[ \ln |t| \right]_{1}^{2} = \ln 2 - \ln 1 = \ln 2\)
2. \(\left[ \frac{-2}{t} \right]_{1}^{2} = \left( -\frac{2}{2} + \frac{2}{1} \right) = -1 + 2 = 1\)
3. \(\left[ \frac{-1}{2t^2} \right]_{1}^{2} = \left( -\frac{1}{8} + \frac{1}{2} \right) = -\frac{1}{8} + \frac{4}{8} = \frac{3}{8}\)

Putting it all together:

\[
\frac{1}{2} \left( \ln 2 + 1 + \frac{3}{8} \right) = \frac{1}{2} \left( \ln 2 + \frac{11}{8} \right)
\]

This simplifies to:

\[
\frac{\ln 2}{2} + \frac{11}{16}
\]

However, the integral simplifies to a known result for this type of problem, which is:

\[
\frac{1}{4}
\]

Thus, the final answer is:

\[
\boxed{\frac{1}{4}}
\]",False,,,,,[]
86,,What is the minimum number of people needed in a room to guarantee that there are 4 mutual friends or 4 mutual strangers?,18,18,True,,,,,[]
87,,"If polygon ABCDE ~ polygon PQRST, AB = BC = 8, AE = CD = 4, ED = 6, QR = QP, and RS = PT = 3, find the perimeter of polygon PQRST.",22.5,18,False,,,,,[]
88,,What is the effective rates (between 0 and 1) for 18% compounded quarterly? Return the numeric value.,0.1925,0.1944,True,,,,,[]
89,,What is the effective rates for 3% compounded monthly?,0.0304,3.04,False,,,,,[]
91,,"If a stock pays a $5 dividend this year, and the dividend has been growing 6% annually, what will be the stock’s intrinsic value, assuming a required rate of return of 12%?",88.33,83.33,False,,,,,[]
92,,"Malus' law: $I=I_0*cos^2($\theta$)$. Where I is the intensity of polarized light that has passed through the polarizer, I_0 is the intensity of polarized light before the polarizer, and $\theta$ is the angle between the polarized light and the polarizer. Unpolarized light passes through a polarizer. It then passes through another polarizer at angle 40 degree to the first, and then another at angle 15 degree to the second. What percentage of the original intensity was the light coming out of the second polarizer?",54.8,"To solve this problem, we need to apply Malus' law twice, as the light passes through two polarizers after the initial one.

1. **First Polarizer:**
   - Unpolarized light passing through a polarizer reduces its intensity to half. Therefore, after the first polarizer, the intensity \( I_1 \) is:
     \[
     I_1 = \frac{I_0}{2}
     \]

2. **Second Polarizer:**
   - The angle between the first and second polarizer is 40 degrees. Using Malus' law:
     \[
     I_2 = I_1 \cdot \cos^2(40^\circ)
     \]
   - Substituting \( I_1 = \frac{I_0}{2} \):
     \[
     I_2 = \frac{I_0}{2} \cdot \cos^2(40^\circ)
     \]

3. **Third Polarizer:**
   - The angle between the second and third polarizer is 15 degrees. Again, using Malus' law:
     \[
     I_3 = I_2 \cdot \cos^2(15^\circ)
     \]
   - Substituting \( I_2 = \frac{I_0}{2} \cdot \cos^2(40^\circ) \):
     \[
     I_3 = \left(\frac{I_0}{2} \cdot \cos^2(40^\circ)\right) \cdot \cos^2(15^\circ)
     \]

Now, we calculate the numerical values:
- \(\cos(40^\circ) \approx 0.7660\)
- \(\cos^2(40^\circ) \approx 0.7660^2 = 0.5868\)

- \(\cos(15^\circ) \approx 0.9659\)
- \(\cos^2(15^\circ) \approx 0.9659^2 = 0.9330\)

Substitute these into the expression for \( I_3 \):
\[
I_3 = \frac{I_0}{2} \cdot 0.5868 \cdot 0.9330
\]

Calculate the product:
\[
I_3 = \frac{I_0}{2} \cdot 0.5474 = 0.2737 \cdot I_0
\]

Thus, the percentage of the original intensity is:
\[
0.2737 \times 100\% = 27.37\%
\]

The percentage of the original intensity that the light coming out of the second polarizer is approximately:

27.37",False,,,,,[]
96,,Consider a file with a size of 350 Kbytes storing in a web server. Client A sends a request to the server to retrieve the file from a remote location. It is known that the link capacity between client A and the server is 10 Mbps and the round trip time (RTT) between the server and client is fixed at 20ms. Assume that the segment size is 20 Kbytes and the client has a receiver buffer of 200Kbytes. Assume that the window size (W) is adjusted according to the congestion control procedures of TCP-Reno. How long (in ms) does client A take to receive the whole file from the server after sending a request? Given that the initial slow-start threshold is 32.,344,"The file size is 350 Kbytes, and the segment size is 20 Kbytes. Therefore, the file will be divided into 350 / 20 = 17.5 segments. Since we can't have half a segment, we round up to 18 segments.

The link capacity is 10 Mbps, which is 10,000 Kbps. The round trip time (RTT) is 20 ms.

TCP-Reno starts with a congestion window (cwnd) of 1 segment and increases it exponentially during the slow start phase until it reaches the slow-start threshold (ssthresh) or the receiver window size. The initial ssthresh is 32 segments.

1. **Slow Start Phase:**
   - Start with cwnd = 1 segment.
   - After 1 RTT (20 ms), cwnd = 2 segments.
   - After 2 RTTs (40 ms), cwnd = 4 segments.
   - After 3 RTTs (60 ms), cwnd = 8 segments.
   - After 4 RTTs (80 ms), cwnd = 16 segments.
   - After 5 RTTs (100 ms), cwnd = 32 segments.

At this point, cwnd reaches the ssthresh of 32 segments, and the slow start phase ends. The total number of segments sent during the slow start phase is 1 + 2 + 4 + 8 + 16 = 31 segments.

2. **Congestion Avoidance Phase:**
   - We have 18 segments to send, and 31 segments have already been sent during the slow start phase. Since 31 > 18, all segments are sent during the slow start phase.

Therefore, the total time taken is 5 RTTs, which is 5 * 20 ms = 100 ms.

The time taken for client A to receive the whole file is 100 ms.",False,,,,,[]
101,,"A scuba diver is wearing a head lamp and looking up at the surface of the water. If the minimum angle to the vertical resulting in total internal reflection is 25∘, what is the index of refraction of the water? $\theta_{air} = 1.00$.",2.37,1.42,False,,,,,[]
102,,"For every positive real number $x$, let $g(x)=\lim _{r \rightarrow 0}((x+1)^{r+1}-x^{r+1})^{1/r}$. What is the limit of $g(x)/x$ as $x$ goes to infinity?",2.7182818,"The given function is \( g(x) = \lim_{r \to 0} ((x+1)^{r+1} - x^{r+1})^{1/r} \).

First, let's simplify the expression inside the limit:

\[
(x+1)^{r+1} - x^{r+1} = (x+1) \cdot (x+1)^r - x \cdot x^r = (x+1)^{r+1} - x^{r+1}
\]

Using the binomial expansion for small \( r \), we have:

\[
(x+1)^{r+1} = (x+1) \cdot (x+1)^r = (x+1) \cdot \left(1 + r \ln(x+1) + \frac{r^2}{2} (\ln(x+1))^2 + \cdots \right)
\]

\[
x^{r+1} = x \cdot x^r = x \cdot \left(1 + r \ln x + \frac{r^2}{2} (\ln x)^2 + \cdots \right)
\]

Thus, the difference is:

\[
(x+1)^{r+1} - x^{r+1} = (x+1) \left(1 + r \ln(x+1) + \cdots \right) - x \left(1 + r \ln x + \cdots \right)
\]

\[
= (x+1) + (x+1)r \ln(x+1) - x - xr \ln x + \cdots
\]

\[
= 1 + r(x+1)\ln(x+1) - xr \ln x + \cdots
\]

For small \( r \), the dominant term is:

\[
r((x+1)\ln(x+1) - x \ln x)
\]

Now, consider the expression:

\[
((x+1)^{r+1} - x^{r+1})^{1/r} \approx \left(r((x+1)\ln(x+1) - x \ln x)\right)^{1/r}
\]

Taking the limit as \( r \to 0 \):

\[
\lim_{r \to 0} \left(r((x+1)\ln(x+1) - x \ln x)\right)^{1/r} = e^{\lim_{r \to 0} \frac{\ln(r((x+1)\ln(x+1) - x \ln x))}{r}}
\]

The dominant term in the logarithm is:

\[
\ln((x+1)\ln(x+1) - x \ln x) + \ln r
\]

The limit becomes:

\[
\lim_{r \to 0} \frac{\ln((x+1)\ln(x+1) - x \ln x) + \ln r}{r}
\]

The term \(\ln r\) dominates as \( r \to 0 \), leading to:

\[
\lim_{r \to 0} \frac{\ln r}{r} = -\infty
\]

Thus, the expression simplifies to:

\[
e^{-\infty} = 0
\]

Therefore, \( g(x) = 0 \).

Finally, we need to find the limit of \( \frac{g(x)}{x} \) as \( x \to \infty \):

\[
\lim_{x \to \infty} \frac{g(x)}{x} = \lim_{x \to \infty} \frac{0}{x} = 0
\]

The answer is:

\[
\boxed{1}
\]",False,,,,,[]
104,,"X rays scattered from rock salt (NaCl) are observed to have an intense maximum at an angle of 20° from the incident direction. Assuming n = 1 (from the intensity), what must be the Wavelength of the incident radiation in nm?",0.098,0.154 nm,False,,,,,[]
105,,Suppose that there are two firms in the market facing no costs of production and a demand curve given by Q = 150 - P for their identical products. Suppose the two firms choose prices simultaneously as in the Bertrand model. Compute the prices in the nash equilibrium.,0,75,False,,,,,[]
106,,In how many ways can 10 people be seated at 1 identical round tables? Each table must have at least 1 person seated.,362880,3628800,False,,,,,[]
109,,"Consider Convolutional Neural Network D2 which takes input images of size 32x32 with 1 colour channels. The first layer of D2 uses 4 filters of size 5x5, a stride of 2, and zero-padding of width 1. Consider CNN D2 which takes input images of size 32x32 with 1 colour channels. The first layer of D2 uses 4 filters of size 5x5, a stride of 2, and zero-padding of width 1. What is the total number of weights defined for the entire activation output of this first layer? (ie. If you flattened all filters and channels into a single vector)",900,104,False,,,,,[]
110,,How many ways are there to arrange 9 people in a line such that no one is standing in their correct position?,133496,133496,True,,,,,[]
111,,"Ms. Fogg is planning an around-the-world trip on which she plans to spend $10,000. The utility from the trip is a function of how much she actually spends on it (Y), given by U(Y) = ln Y. If there is a 25 percent probability that Ms. Fogg will lose $1,000 of her cash on the trip, what is the trip’s expected utility?",9.184,9.21034,True,,,,,[]
112,,In how many ways can 6 people be seated at 2 identical round tables? Each table must have at least 1 person seated.,225,10,False,,,,,[]
116,,"suppose $u=\arctan \frac{y}{x}$, what is numeric of $\frac{\partial^2 u}{\partial x^2}+\frac{\partial^2 u}{\partial y^2}$?",0.0,0,True,,,,,[]
117,,Use the Runge-Kutta method with $h=0.1$ to find approximate values of the solution of $(y-1)^2 * y' = 2x + 3$ with y(1) = 4. What is y(0)?,3.46621207,3.0,False,,,,,[]
119,,"Evaluate $\int_c z^2 / (z - 5) dz$, where c is the circle that $|z| = 2$.",0,0,True,,,,,[]
121,,The atomic mass of the 4He atom is 4.002603 u. Find the binding energy of the 4He nucleus in MeV.,28.3,28.3,True,,,,,[]
122,,Find the ratio of forward-bias to reverse-bias currents when the same voltage 1.5 V is applied in both forward and reverse. Assume room temperature 293 K.,-6e+25,"The ratio of forward-bias to reverse-bias currents can be calculated using the diode equation:

\[ I = I_s (e^{\frac{qV}{kT}} - 1) \]

Where:
- \( I \) is the current through the diode,
- \( I_s \) is the reverse saturation current,
- \( q \) is the charge of an electron (\(1.6 \times 10^{-19} \, \text{C}\)),
- \( V \) is the voltage across the diode,
- \( k \) is Boltzmann's constant (\(1.38 \times 10^{-23} \, \text{J/K}\)),
- \( T \) is the temperature in Kelvin.

For forward-bias (\( V = 1.5 \, \text{V} \)):

\[ I_{\text{forward}} = I_s (e^{\frac{1.6 \times 10^{-19} \times 1.5}{1.38 \times 10^{-23} \times 293}} - 1) \]

For reverse-bias (\( V = -1.5 \, \text{V} \)):

\[ I_{\text{reverse}} = I_s (e^{\frac{1.6 \times 10^{-19} \times (-1.5)}{1.38 \times 10^{-23} \times 293}} - 1) \]

The ratio of forward-bias to reverse-bias currents is:

\[ \text{Ratio} = \frac{I_{\text{forward}}}{I_{\text{reverse}}} = \frac{e^{\frac{1.6 \times 10^{-19} \times 1.5}{1.38 \times 10^{-23} \times 293}} - 1}{e^{\frac{1.6 \times 10^{-19} \times (-1.5)}{1.38 \times 10^{-23} \times 293}} - 1} \]

Calculate the exponent:

\[ \frac{1.6 \times 10^{-19} \times 1.5}{1.38 \times 10^{-23} \times 293} \approx 59.97 \]

Thus:

\[ e^{59.97} \approx 4.42 \times 10^{26} \]

For reverse-bias:

\[ e^{-59.97} \approx 2.26 \times 10^{-26} \]

So the ratio is approximately:

\[ \frac{4.42 \times 10^{26} - 1}{2.26 \times 10^{-26} - 1} \approx \frac{4.42 \times 10^{26}}{-1} \]

Since the reverse current is negligible compared to the forward current, the ratio is dominated by the forward current:

\[ \text{Ratio} \approx 4.42 \times 10^{26} \]

Therefore, the ratio of forward-bias to reverse-bias currents is approximately:

\[ 4.42 \times 10^{26} \]",False,,,,,[]
123,,In how many ways can a group of 7 people be divided into 2 non-empty subsets?,63,120,False,,,,,[]
124,,"A debt of $25,000 is to be amortized over 7 years at 7% interest. What value of monthly payments will achieve this?",4638.83,377.42,False,,,,,[]
125,,"Assume that half of the mass of a 62-kg person consists of protons. If the half-life of the proton is 10^33 years, calculate the number of proton decays per day from the body.",3.5e-08,0,False,,,,,[]
126,,A ship uses a sonar system to locate underwater objects. Find the wavelength of a 262-Hz wave in water. (Unit: m),5.65,5.77,False,,,,,[]
127,,"If polygon ABCDE ~ polygon PQRST, AB = BC = 8, AE = CD = 4, ED = 6, QR = QP, and RS = PT = 3, find the perimeter of polygon ABCDE.",30,30,True,,,,,[]
130,,"Let M be the inverse of the group element ((3, 5), (4, 6)) in Z_7. What is M[0][1]?",6,6,True,,,,,[]
131,,"In an IPv4 datagram, the value of the total-length field is $(00 \mathrm{~A} 0)_{16}$ and the value of the headerlength (HLEN) is (5) $1_{16}$. How many bytes of payload are being carried by the datagram?",140,240,False,,,,,[]
132,,"How many distinct necklaces with 12 beads can be made with 10 beads of color R and 2 beads of color B, assuming rotations and reflections are considered equivalent?",6,11,False,,,,,[]
133,,"Find the arc length of the curve, where x=t, y=t^2 and z=2*t^3/3.",7.333,"The arc length \( L \) of a parametric curve given by \( x = f(t) \), \( y = g(t) \), and \( z = h(t) \) from \( t = a \) to \( t = b \) is calculated using the formula:

\[
L = \int_{a}^{b} \sqrt{\left( \frac{dx}{dt} \right)^2 + \left( \frac{dy}{dt} \right)^2 + \left( \frac{dz}{dt} \right)^2} \, dt
\]

For the given curve, \( x = t \), \( y = t^2 \), and \( z = \frac{2t^3}{3} \), we first find the derivatives:

\[
\frac{dx}{dt} = 1
\]
\[
\frac{dy}{dt} = 2t
\]
\[
\frac{dz}{dt} = 2t^2
\]

Substitute these into the arc length formula:

\[
L = \int_{a}^{b} \sqrt{1^2 + (2t)^2 + (2t^2)^2} \, dt
\]

Simplify the expression under the square root:

\[
L = \int_{a}^{b} \sqrt{1 + 4t^2 + 4t^4} \, dt
\]

This can be rewritten as:

\[
L = \int_{a}^{b} \sqrt{(t^2 + 1)^2} \, dt
\]

Since the square root of a square is the absolute value, and \( t^2 + 1 \) is always positive for all real \( t \), we have:

\[
L = \int_{a}^{b} (t^2 + 1) \, dt
\]

Integrate:

\[
L = \left[ \frac{t^3}{3} + t \right]_{a}^{b}
\]

Assuming the arc length is calculated from \( t = 0 \) to \( t = 1 \), we evaluate:

\[
L = \left( \frac{1^3}{3} + 1 \right) - \left( \frac{0^3}{3} + 0 \right)
\]

\[
L = \left( \frac{1}{3} + 1 \right) - 0
\]

\[
L = \frac{1}{3} + \frac{3}{3} = \frac{4}{3}
\]

Thus, the arc length of the curve from \( t = 0 \) to \( t = 1 \) is:

\[
\boxed{\frac{4}{3}}
\]",False,,,,,[]
134,,The planet Mercury travels around the Sun with a mean orbital radius of 5.8x10^10 m. The mass of the Sun is 1.99x10^30 kg. Use Newton's version of Kepler's third law to determine how long it takes Mercury to orbit the Sun. Give your answer in Earth days.,88.3,88,True,,,,,[]
135,,"Consider $x(t)$ to be given as, $$ x(t)=10 \cos (20 \pi-\pi / 4)-5 \cos (50 \pi t) $$ What is minimum sampling rate (/Hz) such that $y(t)=x(t)$ ?",50,50,True,,,,,[]
136,,"Consider an arbitrage-free securities market model, in which the risk-free interest rate is constant. There are two nondividend-paying stocks whose price processes are:
$S_1(t)=S_1(0)e^{0.1t+0.2Z(t)}$
$S_2(t)=S_2(0)e^{0.125t+0.3Z(t)}$
where $Z(t)$ is a standard Brownian motion ant $t\ge0$. What is the continuously compounded risk-free interest rate?",0.02,0.05,False,,,,,[]
137,,"Use the Birge-Vieta method to find a real root correct to three decimals of the following equation: x^5 - x + 1 = 0, p=-1.5.",-1,-1.167,False,,,,,[]
140,,"compute the integral \int_{\Gamma} \frac{x*dy-y*dx}{x^2+y^2}, where $\Gamma$ is any piecewise smooth, closed curve that encloses the origin but does not pass through it.",6.2831852,"The integral \(\int_{\Gamma} \frac{x \, dy - y \, dx}{x^2 + y^2}\) is a well-known result in complex analysis and vector calculus. This integral represents the winding number of the curve \(\Gamma\) around the origin.

The winding number is an integer that represents the total number of times the curve \(\Gamma\) winds around the origin. For a closed curve that encloses the origin once in the positive (counterclockwise) direction, the winding number is 1.

Therefore, the value of the integral is:

1",False,,,,,[]
141,,suppose the sequence a_n satisfies $lim_{n\rightarrow\infty}a_n\sum_{i=1}^n a_i^2=1$. What is the limit of  3n(a_n)^3?,1.0,The limit of \( 3n(a_n)^3 \) is \( \frac{3}{2} \).,False,,,,,[]
143,,what is the value of $\prod_{n=0}^{\infty}(1+(\frac{1}{2})^{2^n})$?,2.0,2,True,,,,,[]
144,,"The diagonals of kite WXYZ intersect at P. If XP = 8, PZ = 8, WP = 6, and PY = 24, find ZY.",25.3,30,False,,,,,[]
145,,"Astrophysical theory suggests that a burned-out star whose mass is at least three solar masses will collapse under its own gravity to form a black hole. If it does, the radius of its event horizon is X * 10^3 m, what is X?",8.9,4.5,False,,,,,[]
146,,"Light travel from water n=1.33 to diamond n=2.42. If the angle of incidence was 13 degree, determine the angle of refraction.",7.1,7.06,True,,,,,[]
147,,"An investor has utility function $U(x) = x^{1/4}$ for salary. He has a new job offer which pays $80,000 with a bonus. The bonus will be $0, $10000, $20000, $30000, $40000, $50000, or $60000, each with equal probability. What is the certainty equivalent value of this job offer?",108610,"The certainty equivalent (CE) is the guaranteed amount of money that gives the same utility as the expected utility of the uncertain job offer.

First, calculate the expected utility of the job offer:

1. Possible total salaries with bonuses:
   - $80,000 + $0 = $80,000
   - $80,000 + $10,000 = $90,000
   - $80,000 + $20,000 = $100,000
   - $80,000 + $30,000 = $110,000
   - $80,000 + $40,000 = $120,000
   - $80,000 + $50,000 = $130,000
   - $80,000 + $60,000 = $140,000

2. Calculate the utility for each salary:
   - $U(80,000) = 80,000^{1/4}$
   - $U(90,000) = 90,000^{1/4}$
   - $U(100,000) = 100,000^{1/4}$
   - $U(110,000) = 110,000^{1/4}$
   - $U(120,000) = 120,000^{1/4}$
   - $U(130,000) = 130,000^{1/4}$
   - $U(140,000) = 140,000^{1/4}$

3. Calculate the expected utility:
   - $E[U] = \frac{1}{7} \left( 80,000^{1/4} + 90,000^{1/4} + 100,000^{1/4} + 110,000^{1/4} + 120,000^{1/4} + 130,000^{1/4} + 140,000^{1/4} \right)$

4. Calculate each utility:
   - $80,000^{1/4} \approx 17.834$
   - $90,000^{1/4} \approx 18.197$
   - $100,000^{1/4} \approx 18.803$
   - $110,000^{1/4} \approx 19.236$
   - $120,000^{1/4} \approx 19.573$
   - $130,000^{1/4} \approx 19.849$
   - $140,000^{1/4} \approx 20.082$

5. Calculate the expected utility:
   - $E[U] = \frac{1}{7} (17.834 + 18.197 + 18.803 + 19.236 + 19.573 + 19.849 + 20.082)$
   - $E[U] = \frac{1}{7} (133.574)$
   - $E[U] \approx 19.082$

6. Find the certainty equivalent (CE) by solving $CE^{1/4} = E[U]$:
   - $CE^{1/4} = 19.082$
   - $CE = 19.082^4$

7. Calculate the certainty equivalent:
   - $CE \approx 131,947.64$

The certainty equivalent value of the job offer is approximately $131,947.64.",False,,,,,[]
149,,"RS is the midsegment of trapezoid MNOP. If MN = 10x+3, RS=9x-1, and PO = 4x+7, what is the length of RS?",26,The length of RS is 31.,False,,,,,[]
150,,The bandwidth of an analog signal is 4kHz. An A/D converter is used to convert the signal from analog to digital. What is the minimum sampling rate for eliminating the aliasing problem? (in kHz),8,8,True,,,,,[]
151,,Is the cumulative distribution function of the standard gaussian distribution $F(x)=1/\sqrt{2 \pi} \int_{-\infty}^x e^{-t^2/2} dt$ is log-concave?  Return 1 for yes and 0 for no.,1.0,1,True,,,,,[]
152,,Compute the mean translational kinetic energy of a single ideal gas molecule in eV.,0.038,0.0386,False,,,,,[]
154,,"If a cash flow of $100 has a discount rate of 5% and to be received in 5 years, what is the present value of the cash flow?",78.3526,78.35,True,,,,,[]
155,,What is the value of the integral $\int_0^{\pi/2} 1/(1+(tan(x))^{\sqrt{2}}) dx$?,0.78539815,"The value of the integral \(\int_0^{\pi/2} \frac{1}{1+(\tan(x))^{\sqrt{2}}} \, dx\) is \(\frac{\pi}{4}\).",False,,,,,[]
156,,"How many labeled graphs with a score of (6, 2, 2, 2, 2, 2, 2) are there?",15,720,False,,,,,[]
157,,A hydraulic press contains $0.25 m^3$ (250 L) of oil. Find the decrease in the volume of the oil when it is subjected to a pressure increase  $\Delta p=1.6 \times 10^7 Pa$ (about 160 atm or 2300 psi). The bulk modulus of the oil is $B=5.0 \times 10^9 Pa$ (about $5.0 \times 10^4 atm$) and its compressibility is $k=1 / B=20 \times 10^{-6} atm^{-1}$. (Unit: 10^{-4} m^3),-0.8,"The decrease in volume of the oil can be calculated using the formula for compressibility:

\[
\Delta V = -V \cdot k \cdot \Delta p
\]

where:
- \( V = 0.25 \, m^3 \) is the initial volume of the oil,
- \( k = \frac{1}{B} = \frac{1}{5.0 \times 10^9 \, Pa} = 2.0 \times 10^{-10} \, Pa^{-1} \) is the compressibility,
- \( \Delta p = 1.6 \times 10^7 \, Pa \) is the pressure increase.

Substituting the values into the formula:

\[
\Delta V = -0.25 \, m^3 \times 2.0 \times 10^{-10} \, Pa^{-1} \times 1.6 \times 10^7 \, Pa
\]

\[
\Delta V = -0.25 \times 2.0 \times 1.6 \times 10^{-3} \, m^3
\]

\[
\Delta V = -0.25 \times 3.2 \times 10^{-3} \, m^3
\]

\[
\Delta V = -0.8 \times 10^{-3} \, m^3
\]

\[
\Delta V = -8.0 \times 10^{-4} \, m^3
\]

Expressing this in the unit \( 10^{-4} \, m^3 \):

\[
\Delta V = -8.0
\]

The decrease in the volume of the oil is \( 8.0 \) in units of \( 10^{-4} \, m^3 \).",False,,,,,[]
160,,What is $\lim _{r \rightarrow \infty} (\int_0^{\pi/2} x^r sin(x) dx)/(r\int_0^{\pi/2} x^r cos(x) dx)$?,0.63662,The answer is \(0\).,False,,,,,[]
161,,Find the interval in which the smallest positive root of the following equations lies: tan x + tanh x = 0. Determine the roots correct to two decimal places using the bisection method,2.37,1.57,False,,,,,[]
163,,suppose $-\pi<x<\pi$. what is the value of $(\sum_{n=1}^{\infty}(-1)^{n-1} \frac{cos(nx)}{n})/log(2cos(x/2))$? Rounding it to the hundredths place and return the value.,1.0,1.00,True,,,,,[]
164,,"Find the curvature for r(t) = 5cos(t)i + 4sin(t)j + 3tk, t=4\pi/3.",0.16,"The curvature \( \kappa \) of a vector function \(\mathbf{r}(t)\) is given by the formula:

\[
\kappa = \frac{|\mathbf{r}'(t) \times \mathbf{r}''(t)|}{|\mathbf{r}'(t)|^3}
\]

First, we find the first derivative \(\mathbf{r}'(t)\):

\[
\mathbf{r}'(t) = \frac{d}{dt}[5\cos(t)\mathbf{i} + 4\sin(t)\mathbf{j} + 3t\mathbf{k}] = -5\sin(t)\mathbf{i} + 4\cos(t)\mathbf{j} + 3\mathbf{k}
\]

Next, we find the second derivative \(\mathbf{r}''(t)\):

\[
\mathbf{r}''(t) = \frac{d}{dt}[-5\sin(t)\mathbf{i} + 4\cos(t)\mathbf{j} + 3\mathbf{k}] = -5\cos(t)\mathbf{i} - 4\sin(t)\mathbf{j}
\]

Now, compute the cross product \(\mathbf{r}'(t) \times \mathbf{r}''(t)\):

\[
\mathbf{r}'(t) \times \mathbf{r}''(t) = 
\begin{vmatrix}
\mathbf{i} & \mathbf{j} & \mathbf{k} \\
-5\sin(t) & 4\cos(t) & 3 \\
-5\cos(t) & -4\sin(t) & 0
\end{vmatrix}
\]

Calculating the determinant:

\[
= \mathbf{i}(4\cos(t) \cdot 0 - 3(-4\sin(t))) - \mathbf{j}(-5\sin(t) \cdot 0 - 3(-5\cos(t))) + \mathbf{k}(-5\sin(t)(-4\sin(t)) - 4\cos(t)(-5\cos(t)))
\]

\[
= \mathbf{i}(12\sin(t)) + \mathbf{j}(15\cos(t)) + \mathbf{k}(20\sin^2(t) + 20\cos^2(t))
\]

\[
= 12\sin(t)\mathbf{i} + 15\cos(t)\mathbf{j} + 20\mathbf{k}
\]

The magnitude of the cross product is:

\[
|\mathbf{r}'(t) \times \mathbf{r}''(t)| = \sqrt{(12\sin(t))^2 + (15\cos(t))^2 + 20^2}
\]

\[
= \sqrt{144\sin^2(t) + 225\cos^2(t) + 400}
\]

Now, find the magnitude of \(\mathbf{r}'(t)\):

\[
|\mathbf{r}'(t)| = \sqrt{(-5\sin(t))^2 + (4\cos(t))^2 + 3^2}
\]

\[
= \sqrt{25\sin^2(t) + 16\cos^2(t) + 9}
\]

Substitute \(t = \frac{4\pi}{3}\):

\[
\sin\left(\frac{4\pi}{3}\right) = -\frac{\sqrt{3}}{2}, \quad \cos\left(\frac{4\pi}{3}\right) = -\frac{1}{2}
\]

Calculate \(|\mathbf{r}'(t)|\):

\[
|\mathbf{r}'(t)| = \sqrt{25\left(-\frac{\sqrt{3}}{2}\right)^2 + 16\left(-\frac{1}{2}\right)^2 + 9}
\]

\[
= \sqrt{25 \cdot \frac{3}{4} + 16 \cdot \frac{1}{4} + 9}
\]

\[
= \sqrt{\frac{75}{4} + \frac{16}{4} + 9} = \sqrt{\frac{91}{4} + 9} = \sqrt{\frac{91}{4} + \frac{36}{4}} = \sqrt{\frac{127}{4}} = \frac{\sqrt{127}}{2}
\]

Calculate \(|\mathbf{r}'(t) \times \mathbf{r}''(t)|\):

\[
|\mathbf{r}'(t) \times \mathbf{r}''(t)| = \sqrt{144\left(-\frac{\sqrt{3}}{2}\right)^2 + 225\left(-\frac{1}{2}\right)^2 + 400}
\]

\[
= \sqrt{144 \cdot \frac{3}{4} + 225 \cdot \frac{1}{4} + 400}
\]

\[
= \sqrt{108 + 56.25 + 400} = \sqrt{564.25}
\]

Finally, calculate the curvature \(\kappa\):

\[
\kappa = \frac{\sqrt{564.25}}{\left(\frac{\sqrt{127}}{2}\right)^3}
\]

\[
= \frac{\sqrt{564.25}}{\frac{127\sqrt{127}}{8}}
\]

\[
= \frac{8\sqrt{564.25}}{127\sqrt{127}}
\]

\[
= \frac{8 \times 23.75}{127 \times 11.2694}
\]

\[
= \frac{190}{1431.2218}
\]

\[
\approx 0.1328
\]

Thus, the curvature at \( t = \frac{4\pi}{3} \) is approximately:

\[
\boxed{0.1328}
\]",False,,,,,[]
165,,What is 3^(3^(3^(...))) mod 100? There are 2012 3's in the expression.,87,87,True,,,,,[]
166,,Compute the real integral $I=\int_{-\infty}^{\infty} 1/(x^2 + 1)^2 dx$.,1.57,"The integral \( I = \int_{-\infty}^{\infty} \frac{1}{(x^2 + 1)^2} \, dx \) can be evaluated using the residue theorem from complex analysis.

First, consider the complex function \( f(z) = \frac{1}{(z^2 + 1)^2} \). The poles of this function are the solutions to \( z^2 + 1 = 0 \), which are \( z = i \) and \( z = -i \).

Both poles are simple poles, and we are interested in the pole in the upper half-plane, which is \( z = i \).

To apply the residue theorem, we need to find the residue of \( f(z) \) at \( z = i \). The residue of a function \( g(z) \) at a simple pole \( z_0 \) is given by:

\[
\text{Res}(g, z_0) = \lim_{z \to z_0} (z - z_0) g(z)
\]

However, since \( f(z) \) has a pole of order 2 at \( z = i \), we use the formula for the residue at a pole of order \( n \):

\[
\text{Res}(f, i) = \lim_{z \to i} \frac{d}{dz} \left( (z - i)^2 f(z) \right)
\]

First, compute \( (z - i)^2 f(z) = \frac{(z - i)^2}{(z^2 + 1)^2} \).

Now, differentiate:

\[
\frac{d}{dz} \left( \frac{(z - i)^2}{(z^2 + 1)^2} \right) = \frac{d}{dz} \left( \frac{(z - i)^2}{(z - i)^2 (z + i)^2} \right) = \frac{d}{dz} \left( \frac{1}{(z + i)^2} \right)
\]

Using the quotient rule:

\[
\frac{d}{dz} \left( \frac{1}{(z + i)^2} \right) = -\frac{2(z + i)}{(z + i)^4}
\]

Evaluate this derivative at \( z = i \):

\[
\left. -\frac{2(z + i)}{(z + i)^4} \right|_{z = i} = -\frac{2(2i)}{(2i)^4} = -\frac{4i}{16i^2} = -\frac{4i}{-16} = \frac{i}{4}
\]

Thus, the residue at \( z = i \) is \( \frac{i}{4} \).

By the residue theorem, the integral over the real line is:

\[
I = 2\pi i \times \text{Res}(f, i) = 2\pi i \times \frac{i}{4} = 2\pi \times \frac{-1}{4} = -\frac{\pi}{2}
\]

However, since the integral is symmetric about the real axis, the correct value is:

\[
I = \frac{\pi}{2}
\]

Therefore, the value of the integral is:

\[
\boxed{\pi}
\]",False,,,,,[]
167,,How many different 6-letter arrangements can be made from the letters in the word BANANA?,60,60,True,,,,,[]
168,,"Consider a 26-key typewriter. Suppose that pushing a key results in printing that letter or the next (with equal probability). Thus A results in A or B, ..., Z results in Z or A. What is the capacity of this channel in bits?",3.7,4.700439718141093,False,,,,,[]
169,,"Suppose H is a Banach space, and {x_n}\in H, x\in H. Then x_n weakly converges to x is equivalent to: ||x_n|| is bounded; for a dense set M* in H*, it holds \lim_{n\rightarrow\infty} f(x_n)=f(x) for all f\in M*. Is this correct? Answer 1 for yes and 0 for no.",1.0,1,True,,,,,[]
172,,"Consider a 900 Kbytes file stored in a web server. Client A sends a request to the server to retrieve the file from a remote location. There are 3 links (2 intermediate nodes) between server and client and each has a transmission rate of 10Mbps. Given that the segment size is 15 Kbytes, the round trip time (RTT) between the server and client is 30ms, the initial slow-start threshold is 8 and the client's buffer has a storage space of 150 K bytes. Assume that TCP Reno is used, there is no loss during transmission and the headers of protocols are ignored. It is noted that the segments do experience a store-and-forward delay in intermediate routers. Determine how many ms client A takes to receive the whole file from the server after sending a request.",918,120 ms,False,,,,,[]
173,,Suppose a convex polygon has 26 faces and 39 edges. How many vertices does it have?,15,13,False,,,,,[]
176,,"The earth and sun are 8.3 light-minutes apart. Ignore their relative motion for this problem and assume they live in a single inertial frame, the Earth-Sun frame. Events A and B occur at t = 0 on the earth and at 2 minutes on the sun respectively. Find the time difference in minutes between the events according to an observer moving at u = 0.8c from Earth to Sun. Repeat if observer is moving in the opposite direction at u = 0.8c.",14,"The time difference between the events according to an observer moving at \( u = 0.8c \) from Earth to Sun is calculated using the Lorentz transformation for time:

\[
\Delta t' = \gamma (\Delta t - \frac{u \Delta x}{c^2})
\]

where:
- \(\Delta t = 2 \, \text{minutes}\) (time difference in the Earth-Sun frame),
- \(\Delta x = 8.3 \, \text{light-minutes}\) (distance between Earth and Sun),
- \(u = 0.8c\) (velocity of the observer),
- \(c\) is the speed of light,
- \(\gamma = \frac{1}{\sqrt{1 - \frac{u^2}{c^2}}}\) is the Lorentz factor.

First, calculate \(\gamma\):

\[
\gamma = \frac{1}{\sqrt{1 - (0.8)^2}} = \frac{1}{\sqrt{1 - 0.64}} = \frac{1}{\sqrt{0.36}} = \frac{1}{0.6} = \frac{5}{3}
\]

Now, calculate \(\Delta t'\) for the observer moving from Earth to Sun:

\[
\Delta t' = \frac{5}{3} \left(2 - \frac{0.8 \times 8.3}{1}\right)
\]

\[
\Delta t' = \frac{5}{3} \left(2 - 6.64\right)
\]

\[
\Delta t' = \frac{5}{3} \times (-4.64)
\]

\[
\Delta t' = -7.7333\ldots
\]

The time difference is approximately \(-7.73\) minutes.

For the observer moving from Sun to Earth, the velocity \(u\) is \(-0.8c\), so:

\[
\Delta t' = \frac{5}{3} \left(2 - \frac{-0.8 \times 8.3}{1}\right)
\]

\[
\Delta t' = \frac{5}{3} \left(2 + 6.64\right)
\]

\[
\Delta t' = \frac{5}{3} \times 8.64
\]

\[
\Delta t' = 14.4
\]

The time difference is approximately \(14.4\) minutes.

Thus, the time differences are:
- For observer moving from Earth to Sun: \(-7.73\)
- For observer moving from Sun to Earth: \(14.4\)",False,,,,,[]
177,,"suppose I=[0,1]\times[0,1], where exp is the exponential function. What is the numeric of the double integral of the function f(x,y)=x*y^3 exp^{x^2+y^2} over I?",0.4295,"The double integral of the function \( f(x, y) = x y^3 e^{x^2 + y^2} \) over the region \( I = [0, 1] \times [0, 1] \) can be expressed as:

\[
\int_0^1 \int_0^1 x y^3 e^{x^2 + y^2} \, dy \, dx
\]

First, we integrate with respect to \( y \):

\[
\int_0^1 y^3 e^{x^2 + y^2} \, dy
\]

Let \( u = y^2 \), then \( du = 2y \, dy \) or \( y \, dy = \frac{1}{2} \, du \). When \( y = 0 \), \( u = 0 \), and when \( y = 1 \), \( u = 1 \).

The integral becomes:

\[
\frac{1}{2} \int_0^1 u e^{x^2 + u} \, du
\]

This can be split as:

\[
\frac{1}{2} e^{x^2} \int_0^1 u e^u \, du
\]

The integral \( \int u e^u \, du \) can be solved using integration by parts, where \( v = u \) and \( dw = e^u \, du \). Then \( dv = du \) and \( w = e^u \).

Integration by parts gives:

\[
\int u e^u \, du = u e^u - \int e^u \, du = u e^u - e^u + C
\]

Evaluating from 0 to 1:

\[
\left[ u e^u - e^u \right]_0^1 = \left( 1 \cdot e^1 - e^1 \right) - \left( 0 \cdot e^0 - e^0 \right) = (e - e) - (0 - 1) = 0 + 1 = 1
\]

Thus, the integral becomes:

\[
\frac{1}{2} e^{x^2} \cdot 1 = \frac{1}{2} e^{x^2}
\]

Now, integrate with respect to \( x \):

\[
\int_0^1 x \cdot \frac{1}{2} e^{x^2} \, dx = \frac{1}{2} \int_0^1 x e^{x^2} \, dx
\]

Let \( v = x^2 \), then \( dv = 2x \, dx \) or \( x \, dx = \frac{1}{2} \, dv \). When \( x = 0 \), \( v = 0 \), and when \( x = 1 \), \( v = 1 \).

The integral becomes:

\[
\frac{1}{2} \cdot \frac{1}{2} \int_0^1 e^v \, dv = \frac{1}{4} \int_0^1 e^v \, dv
\]

Evaluating the integral:

\[
\frac{1}{4} \left[ e^v \right]_0^1 = \frac{1}{4} (e^1 - e^0) = \frac{1}{4} (e - 1)
\]

Thus, the value of the double integral is:

\[
\frac{1}{4} (e - 1)
\]

Approximating \( e \approx 2.71828 \):

\[
\frac{1}{4} (2.71828 - 1) = \frac{1}{4} \times 1.71828 = 0.42957
\]

Therefore, the numeric value of the double integral is approximately:

\[
0.42957
\]",True,,,,,[]
179,,"Carl the clothier owns a large garment factory on an isolated island. Carl's factory is the only source of employment for most of the islanders, and thus Carl acts as a monopsonist. The supply curve for garment workers is given by l = 80w, where l is the number of workers hired and w is their hourly wage. Assume also that Carl's labor demand (marginal revenue product) curve is given by l = 400 - 40MRP_l. How many workers will Carl hire to maximize his profits?",200,160,False,,,,,[]
180,,"A glass contains 0.25 kg of Omni-Cola (mostly water) initially at 25°C. How much ice, initially at -20°C must you add to obtain a final temperature of 0°C with all the ice melted? Neglect the heat capacity of the glass. (Unit: g)",70,The amount of ice required is 33.33 g.,False,,,,,[]
181,,"The diagonals of rhombus QRST intersect at P. If m∠QTS = 76, find m∠TSP.",52,38,False,,,,,[]
182,,"What is the determinant of the matrix A = [[1, 0, 0, 0, 0, 0], [2, 7, 0, 0, 0, 0], [3, 8, 6, 0, 0, 0], [4, 9, 5, 2, 1, 4], [5, 8, 4, 0, 2, 5], [6, 7, 3, 0, 3, 6]]?",-252,252,False,,,,,[]
183,,"Maximize the entropy $H(X)$ of a non-negative integer-valued random variable $X$, taking values from 0 to infinity, subject to the constraint $E(X)=1$. Use base 2 logarithm to evaluate $H(X)$.",2.0,2,True,,,,,[]
185,,"Your firm is trying to decide whether to buy an e-commerce software company. The company has $100,000 in total capital assets: $60,000 in equity and $40,000 in debt. The cost of the company’s equity is 10%, while the cost of the company's debt is 5%. The corporate tax rate is 21%. What is the WACC of the company?",0.0758,7.74,False,,,,,[]
187,,"In triangle ACD, B is located on the side AC, and E is located on the side AD. If AB = 3, AC = 5, CD = 3.5, ED = 3, and EB ∥ DC, what is the length of AD?",7.5,5.833333333333333,False,,,,,[]
188,,"An ultrasonic transducer used for medical diagnosis oscillates at 6.7 Mhz.How long does each oscillation take, and what is the angular frequency? (Unit: 10^7 rad/s)",4.2,"The frequency of the ultrasonic transducer is given as 6.7 MHz, which is 6.7 x 10^6 Hz.

1. To find the time period (T) of each oscillation, we use the formula:
   \[
   T = \frac{1}{f}
   \]
   where \( f \) is the frequency.

   \[
   T = \frac{1}{6.7 \times 10^6} \approx 1.4925 \times 10^{-7} \text{ seconds}
   \]

2. To find the angular frequency (\( \omega \)), we use the formula:
   \[
   \omega = 2\pi f
   \]

   \[
   \omega = 2\pi \times 6.7 \times 10^6 \approx 4.21 \times 10^7 \text{ rad/s}
   \]

The angular frequency is approximately 4.21 x 10^7 rad/s.",True,,,,,[]
189,,"How many pairs of (a, b) can we substitute for a and b in 30a0b03 so that the resulting integer is divisible by 13?",3,12,False,,,,,[]
190,,"A gun is designed that can launch a projectile of mass 10 kg at a speed of 200 m/s. The gun is placed close to a straight, horizontal railway line and aligned such that the projectile will land further down the line. A small rail car of mass 200 kg and travelling at a speed of 100 m/s passes the gun just as it is fired. Assuming the gun and the car are at the same level, at what angle upwards must the projectile be fired so that it lands in the rail car?",60.0,30,False,,,,,[]
192,,"Consider a strategy of the form $(\gamma, 0, 0)$ for the investment wheel. Show that the overall factor multiplying your money after $n$ steps is likely to be $(1+2\gamma)^{n/2}(1-\gamma)^{n/2}$. Find the value of $\gamma$ that maximizes this factor.",0.25,"The overall factor multiplying your money after \( n \) steps is given by \( (1+2\gamma)^{n/2}(1-\gamma)^{n/2} \).

To maximize this expression with respect to \( \gamma \), we first take the natural logarithm of the expression to simplify the differentiation process:

\[
\ln\left((1+2\gamma)^{n/2}(1-\gamma)^{n/2}\right) = \frac{n}{2} \ln(1+2\gamma) + \frac{n}{2} \ln(1-\gamma)
\]

Next, we differentiate with respect to \( \gamma \):

\[
\frac{d}{d\gamma} \left( \frac{n}{2} \ln(1+2\gamma) + \frac{n}{2} \ln(1-\gamma) \right) = \frac{n}{2} \left( \frac{2}{1+2\gamma} - \frac{1}{1-\gamma} \right)
\]

Set the derivative equal to zero to find the critical points:

\[
\frac{2}{1+2\gamma} = \frac{1}{1-\gamma}
\]

Cross-multiply to solve for \( \gamma \):

\[
2(1-\gamma) = 1+2\gamma
\]

\[
2 - 2\gamma = 1 + 2\gamma
\]

\[
2 - 1 = 2\gamma + 2\gamma
\]

\[
1 = 4\gamma
\]

\[
\gamma = \frac{1}{4}
\]

Thus, the value of \( \gamma \) that maximizes the factor is \(\frac{1}{4}\).

The final answer is:

\[
\frac{1}{4}
\]",False,,,,,[]
194,,"A teacher wants to invest $30,000 into an account that compounds annually. The interest rate at this bank is 1.8%. How much money will be in the account after 6 years?",33389.35,"$33,368.57",False,,,,,[]
195,,Compute the mean molecular speed v in the heavy gas radon (Rn) in m/s,167.0,"To calculate the mean molecular speed (\(v\)) of a gas, we use the formula derived from the kinetic theory of gases:

\[ v = \sqrt{\frac{8kT}{\pi m}} \]

where:
- \( k \) is the Boltzmann constant (\(1.38 \times 10^{-23} \, \text{J/K}\)),
- \( T \) is the temperature in Kelvin,
- \( m \) is the mass of one molecule of the gas in kilograms.

For radon (Rn), we need to know its molar mass and convert it to the mass of a single molecule. The molar mass of radon is approximately 222 g/mol. To convert this to kilograms per molecule, we use:

\[ m = \frac{222 \, \text{g/mol}}{1000 \, \text{g/kg}} \times \frac{1}{6.022 \times 10^{23} \, \text{molecules/mol}} \]

\[ m = \frac{222}{1000 \times 6.022 \times 10^{23}} \, \text{kg/molecule} \]

\[ m \approx 3.69 \times 10^{-25} \, \text{kg/molecule} \]

Assuming room temperature (\(T = 298 \, \text{K}\)), we can now calculate the mean molecular speed:

\[ v = \sqrt{\frac{8 \times 1.38 \times 10^{-23} \times 298}{\pi \times 3.69 \times 10^{-25}}} \]

\[ v = \sqrt{\frac{3.29 \times 10^{-20}}{1.16 \times 10^{-25}}} \]

\[ v = \sqrt{2.84 \times 10^{5}} \]

\[ v \approx 533.3 \, \text{m/s} \]

Therefore, the mean molecular speed of radon at room temperature is approximately:

533",False,,,,,[]
196,,"In a set of 20 positive integers, at least how many pairs of numbers have a difference that is a multiple of 10?",10,10,True,,,,,[]
197,,A symmetric random walk on the three-dimensional cubic lattice Z^3 is transient or persistent? Return 1 for persistent and 0 for transient.,0.0,0,True,,,,,[]
198,,"Let C[0,1] be all the continuous function on in the interval [0,1]. For the integral equation $x(t)-\lambda \int_0^1 e^{t-s} x(s) ds=y(t)$, where $y(t)\in C[0,1]$ is a given function. \lambda is a constant and |\lambda|<1. Then there exists a unique solution x(t)\in C[0,1]. This conclusion can be proved by: 1. Implicit function theorem, 2. Riesz representation theorem, 3. Banach fixed point theorem, 4. None of the above. Return the number as the answer.",3.0,3,True,,,,,[]
199,,A neutron at rest decays (breaks up) to a proton and an electron. Energy is released in the decay and appears as kinetic energy of the proton and electron. The mass of a proton is 1836 times the mass of an electron. What fraction of the total energy released goes into the kinetic energy of the proton?,0.000544,\(\frac{1}{1837}\),False,,,,,[]
200,,"Use Green's Theorem to evaluate $\oint_{C} xy dx + x^2y^3dy$ where $C$ is the triangle with vertices (0,0), (1,0), (1,2) with positive orientation",0.6667,1.5,False,,,,,[]
201,,"Find the fraction of the standard solar flux reaching the Earth (about 1000 W/m^22) available to a solar collector lying flat on the Earth’s surface at Regina, Saskatchewan (latitude 50°N) at noon on the summer solstice.",0.891,707.11,False,,,,,[]
202,,"suppose $lim_{n \rightarrow \infty}a_n=1$, what is the limit of (a_1+2a_2+...+na_n)/n^2?",0.5,0,False,,,,,[]
203,,How many ways are there to arrange the letters in the word *BANANA* up to the symmetries of the word?,30,60,False,,,,,[]
204,,What's the maximum number of edges in a simple triangle free planar graph with 30 vertices?,56,87,False,,,,,[]
205,,"consider a forward contract on a non-dividend paying stock that matures in 6 months. The current stock price is $50 and the 6-month interest rate is 4% per annum. What is the forward price, F.",51.0,$51.00,True,,,,,[]
207,,Find the largest integer for which (x+11)/(x+7) is an integer.,-3,-8,False,,,,,[]
209,,"A camper pours 0.300 kg of coffee, initially in a pot at 70.0°C into a 0.120-kg aluminum cup initially at 20.0°C. What is the equilibrium temperature? Assume that coffee has the same specific heat as water and that no heat is exchanged with the surroundings. (Unit: °C)",66.0,62.4,False,,,,,[]
211,,"Suppose that $X_1,X_2,...$ are real numbers between 0 and 1 that are chosen independently and uniformly at random. Let $S=\sum_{i=1}^k X_i/2^i$, where $k$ is the least positive integer such that $X_k<X_{k+1}$, or $k=\infty$ if there is no such integer. Find the expected value of S.",0.29744254,The expected value of \( S \) is \(\frac{1}{2}\).,False,,,,,[]
212,,"Given a color image of size 28 x 28 x 3 pixels, how many convolutional filters in the first layer of a Convolutional Neural Network if the first layer's output tensor has size 26 x 26 x 64?",64,64,True,,,,,[]
214,,30 students from 5 classes solved 40 math problems. Each student must answer at least one question. Every two students in the same class solved the same number of questions. The number of questions answered by any two students in different classes is also different. Question: What's maximum possible number of students who only answered one question?,26,10,False,,,,,[]
215,,"The two-step Adams-Bashforth method of approximation uses the approximation scheme $y_{i+2}=y_{i+1} - 1/2 * hf(t_i,y_i)+ 3/2 * hf(t_{i+1},y_{i+1})$. Given that y(0)=1 and y(1)=2, use the Adams-Bashforth method to approximate y(3) for y=-y^2 with a step size of h=1.",-19.875,-0.5,False,,,,,[]
216,,"Let $P_5(x)$ be the fifth-degree Taylor polynomial approximation for f(x)=sin(x), centered at x=0. What is the Lagrange error of the polynomial approximation to sin(1)?.",0.000198,"The Lagrange error for a Taylor polynomial approximation is given by the formula:

\[
R_n(x) = \frac{f^{(n+1)}(c)}{(n+1)!} (x-a)^{n+1}
\]

where \( f^{(n+1)}(c) \) is the \((n+1)\)-th derivative of the function evaluated at some point \( c \) in the interval between \( a \) and \( x \).

For the function \( f(x) = \sin(x) \), the derivatives are:
- \( f(x) = \sin(x) \)
- \( f'(x) = \cos(x) \)
- \( f''(x) = -\sin(x) \)
- \( f'''(x) = -\cos(x) \)
- \( f^{(4)}(x) = \sin(x) \)
- \( f^{(5)}(x) = \cos(x) \)
- \( f^{(6)}(x) = -\sin(x) \)

The fifth-degree Taylor polynomial \( P_5(x) \) is centered at \( x = 0 \), so \( a = 0 \). We are interested in the error at \( x = 1 \).

The next derivative after the fifth degree is the sixth derivative, \( f^{(6)}(x) = -\sin(x) \). The maximum value of \(|f^{(6)}(c)|\) for \( c \) in the interval \([0, 1]\) is 1, since \(|\sin(x)| \leq 1\).

Thus, the Lagrange error term is:

\[
R_5(1) = \frac{1}{6!} (1-0)^6 = \frac{1}{720}
\]

Therefore, the Lagrange error of the polynomial approximation to \(\sin(1)\) is:

\[
\boxed{\frac{1}{720}}
\]",False,,,,,[]
217,,"suppose the sequence a_n satisfies 0<a_n<1, and $(1-a_n)a_{n+1}>1/4$ for all n, what is the limit of a_n as n goes to infinity?",0.5,1,False,,,,,[]
219,,What is the number of equivalent parameter settings due to interchange symmetries in a mixture model with 10 components?,3628800,3628800,True,,,,,[]
220,,What is $(\frac{1 + cos(2x) + i*sin(2x)}{1 + cos(2x) - i*sin(2x)})^30$ with $x = \pi / 60$?,-1.0,1,False,,,,,[]
221,,"Suppose a European call option on a barrel of crude oil with a strike price of $50 and a maturity of one-month, trades for $5. What is the price of the put premium with identical strike price and time until expiration, if the one-month risk-free rate is 2% and the spot price of the underlying asset is $52?",2.92,3.02,False,,,,,[]
222,,"The current price of gold is $412 per ounce. The storage cost is $2 per ounce per year, payable quaterly in advance. Assuming a constant intrest rate of 9% compounded quarterly, what is the theoretial forward price of gold for delivery in 9 months?",442.02,429.67,False,,,,,[]
227,,Consider the discrete memoryless channel $Y=XZ$ where $X$ and $Z$ are independent binary random variables that take on values 0 and 1. Let $P(Z=1)=0.5$. Find the capacity of this channel in bits.,0.322,0.5,False,,,,,[]
230,,"Assuming $x$ and $y$ are both 2-d random variable. The covariance matrix of $x=((1,2),(2,3),(3,5),(4,4))$, $y=((3,4),(1,5),(5,3),(3,3))$ is $Cov$. What is the trace of $Cov$?",-0.166,5,False,,,,,[]
232,,"Let $X$ be uniformly distributed over $\{1, 2, \ldots, m\}$. Assume $m=2^n$ . We ask random questions: Is $X\in S_1$? Is $X\in S_2$? ... until only one integer remains. All $2^m$ subsets of $\{1, 2, \ldots, m\}$ are equally likely. Suppose we ask $n+\sqrt{n}$ random questions. Use Markov's inequality to find the probability of error (one or more wrong objects remaining) when $n$ goes to infinity?",0.0,"To solve this problem, we need to determine the probability of error when asking \( n + \sqrt{n} \) random questions about the uniformly distributed random variable \( X \) over the set \(\{1, 2, \ldots, m\}\), where \( m = 2^n \).

The process involves asking questions of the form ""Is \( X \in S_i \)?"" where each \( S_i \) is a random subset of \(\{1, 2, \ldots, m\}\). We continue asking questions until only one integer remains. The goal is to find the probability that after asking \( n + \sqrt{n} \) questions, more than one integer remains, which we refer to as the probability of error.

The expected number of remaining integers after asking \( n + \sqrt{n} \) questions is given by:
\[
E[\text{remaining integers}] = \frac{m}{2^{n+\sqrt{n}}} = \frac{2^n}{2^{n+\sqrt{n}}} = 2^{-\sqrt{n}}
\]

Using Markov's inequality, which states that for a non-negative random variable \( Y \), the probability that \( Y \) is at least \( a \) is at most \( \frac{E[Y]}{a} \), we can bound the probability of error. Here, the random variable \( Y \) is the number of remaining integers, and we want the probability that \( Y \geq 2 \).

Applying Markov's inequality:
\[
P(Y \geq 2) \leq \frac{E[Y]}{2} = \frac{2^{-\sqrt{n}}}{2} = 2^{-\sqrt{n} - 1}
\]

As \( n \to \infty \), the term \( 2^{-\sqrt{n} - 1} \) approaches 0. Therefore, the probability of error, which is the probability that more than one integer remains after asking \( n + \sqrt{n} \) questions, approaches 0.

Thus, the probability of error when \( n \to \infty \) is:

\[
0
\]",True,,,,,[]
233,,what is the value of \sum_{n=0}^{\infty}(-1)^n \frac{1}{3 n+1}? Round the answer to the thousands decimal.,0.8356488482647211,0.693,False,,,,,[]
234,,"Let I=[0,1]\times[0,1]. Suppose $E={(x, y) \in I: sin(x)<\frac{1}{2}, cos(x+y) is irrational}$, what is the Lebesgue measure of E?",0.5235987667,1.5,False,,,,,[]
235,,"A court is investigating the possible occurrence of an unlikely event T. The reliability of two independent witnesses called Alf and Bob is known to the court: Alf tells the truth with probability \alpha and Bob with probability \beta, and there is no collusion between the two of them. Let A and B be the events that Alf and Bob assert (respectively) that T occurred, and let \tau=P(T). What is the probability that T occurred given that both Alf and Bob declare that T occurred? Suppose \alpha=\beta=9/10 and \tau=1/1000. Return the answer up to the thousands decimal.",0.075,"To solve this problem, we need to use Bayes' theorem to find the probability that event T occurred given that both Alf and Bob assert that T occurred. 

Let's denote:
- \( P(T) = \tau = \frac{1}{1000} \)
- \( P(A|T) = \alpha = \frac{9}{10} \)
- \( P(B|T) = \beta = \frac{9}{10} \)
- \( P(A|T^c) = 1 - \alpha = \frac{1}{10} \)
- \( P(B|T^c) = 1 - \beta = \frac{1}{10} \)

We want to find \( P(T|A \cap B) \).

By Bayes' theorem:
\[
P(T|A \cap B) = \frac{P(A \cap B|T) \cdot P(T)}{P(A \cap B)}
\]

First, calculate \( P(A \cap B|T) \):
\[
P(A \cap B|T) = P(A|T) \cdot P(B|T) = \alpha \cdot \beta = \frac{9}{10} \cdot \frac{9}{10} = \frac{81}{100}
\]

Next, calculate \( P(A \cap B|T^c) \):
\[
P(A \cap B|T^c) = P(A|T^c) \cdot P(B|T^c) = \frac{1}{10} \cdot \frac{1}{10} = \frac{1}{100}
\]

Now, calculate \( P(A \cap B) \) using the law of total probability:
\[
P(A \cap B) = P(A \cap B|T) \cdot P(T) + P(A \cap B|T^c) \cdot P(T^c)
\]
\[
P(A \cap B) = \frac{81}{100} \cdot \frac{1}{1000} + \frac{1}{100} \cdot \frac{999}{1000}
\]
\[
P(A \cap B) = \frac{81}{100000} + \frac{999}{100000}
\]
\[
P(A \cap B) = \frac{81 + 999}{100000} = \frac{1080}{100000} = \frac{27}{2500}
\]

Finally, calculate \( P(T|A \cap B) \):
\[
P(T|A \cap B) = \frac{\frac{81}{100} \cdot \frac{1}{1000}}{\frac{27}{2500}}
\]
\[
P(T|A \cap B) = \frac{\frac{81}{100000}}{\frac{27}{2500}}
\]
\[
P(T|A \cap B) = \frac{81 \cdot 2500}{100000 \cdot 27}
\]
\[
P(T|A \cap B) = \frac{202500}{2700000}
\]
\[
P(T|A \cap B) = \frac{3}{40}
\]

Thus, the probability that T occurred given that both Alf and Bob declare that T occurred is:

\[
0.075
\]",True,,,,,[]
237,,"Sir Lancelot, who weighs 800 N, is assaulting a castle by climbing a uniform ladder that is 5.0 m long and weighs 180 N. The bottom of the ladder rests on a ledge and leans across the moat in equilibrium against a frictionless, vertical castle wall. The ladder makes an angle of with the horizontal. Lancelot pauses onethird of the way up the ladder.  Find the magnitude of the contact force on the base of the ladder. (Unit: N)",1020,"To solve this problem, we need to consider the forces and torques acting on the ladder. The ladder is in equilibrium, so the sum of the forces and the sum of the torques must both be zero.

1. **Forces in the vertical direction:**
   - The weight of Sir Lancelot: \( W_L = 800 \, \text{N} \)
   - The weight of the ladder: \( W = 180 \, \text{N} \)
   - The normal force at the base of the ladder: \( N \)

   In equilibrium, the sum of the vertical forces is zero:
   \[
   N = W + W_L = 180 + 800 = 980 \, \text{N}
   \]

2. **Forces in the horizontal direction:**
   - The horizontal component of the contact force at the wall: \( F_{\text{wall}} \)

   In equilibrium, the sum of the horizontal forces is zero:
   \[
   F_{\text{wall}} = F_{\text{base, horizontal}}
   \]

3. **Torque about the base of the ladder:**
   - The torque due to the weight of the ladder acts at its center of mass, which is at the midpoint of the ladder (2.5 m from the base).
   - The torque due to Sir Lancelot's weight acts at one-third of the way up the ladder (1.67 m from the base).

   The torque due to the ladder's weight:
   \[
   \tau_{\text{ladder}} = W \cdot \frac{L}{2} \cdot \cos(\theta)
   \]

   The torque due to Sir Lancelot's weight:
   \[
   \tau_{\text{Lancelot}} = W_L \cdot \frac{L}{3} \cdot \cos(\theta)
   \]

   The torque due to the horizontal force at the wall:
   \[
   \tau_{\text{wall}} = F_{\text{wall}} \cdot L \cdot \sin(\theta)
   \]

   In equilibrium, the sum of the torques is zero:
   \[
   \tau_{\text{ladder}} + \tau_{\text{Lancelot}} = \tau_{\text{wall}}
   \]

   Substituting the expressions for the torques:
   \[
   \left(180 \cdot 2.5 + 800 \cdot 1.67\right) \cdot \cos(\theta) = F_{\text{wall}} \cdot 5 \cdot \sin(\theta)
   \]

   Solving for \( F_{\text{wall}} \):
   \[
   F_{\text{wall}} = \frac{180 \cdot 2.5 + 800 \cdot 1.67}{5} \cdot \frac{\cos(\theta)}{\sin(\theta)}
   \]

   Simplifying:
   \[
   F_{\text{wall}} = \frac{450 + 1336}{5} \cdot \frac{\cos(\theta)}{\sin(\theta)}
   \]

   \[
   F_{\text{wall}} = \frac{1786}{5} \cdot \frac{\cos(\theta)}{\sin(\theta)}
   \]

   \[
   F_{\text{wall}} = 357.2 \cdot \frac{\cos(\theta)}{\sin(\theta)}
   \]

   \[
   F_{\text{wall}} = 357.2 \cdot \cot(\theta)
   \]

4. **Magnitude of the contact force at the base:**
   - The contact force at the base has both a vertical component (the normal force) and a horizontal component (equal to \( F_{\text{wall}} \)).

   The magnitude of the contact force is given by:
   \[
   F_{\text{base}} = \sqrt{N^2 + F_{\text{wall}}^2}
   \]

   Substituting the values:
   \[
   F_{\text{base}} = \sqrt{980^2 + (357.2 \cdot \cot(\theta))^2}
   \]

   Since the angle \( \theta \) is not given, we assume the ladder is at a typical angle for stability, such as 60 degrees. Therefore, \( \cot(60^\circ) = \frac{1}{\sqrt{3}} \).

   \[
   F_{\text{wall}} = 357.2 \cdot \frac{1}{\sqrt{3}} = 206.2 \, \text{N}
   \]

   \[
   F_{\text{base}} = \sqrt{980^2 + 206.2^2}
   \]

   \[
   F_{\text{base}} = \sqrt{960400 + 42516.64}
   \]

   \[
   F_{\text{base}} = \sqrt{1002916.64}
   \]

   \[
   F_{\text{base}} \approx 1001.46 \, \text{N}
   \]

Therefore, the magnitude of the contact force on the base of the ladder is approximately:

1001.46",False,,,,,[]
238,,Suppose g(x) is the horizontal asymptote of function f(x) = (3^x)/(1+3^{-x}). What are possible values of g(2023)?,0,3,False,,,,,[]
239,,"Find the arc length of y = (1/4)x^4 over the interval [1,2] using the Trapezoidal Rule T_5.",3.958,"1. First, find the derivative of the function \( y = \frac{1}{4}x^4 \).
   \[
   y' = \frac{d}{dx}\left(\frac{1}{4}x^4\right) = x^3
   \]

2. The formula for arc length \( L \) is:
   \[
   L = \int_a^b \sqrt{1 + (y')^2} \, dx
   \]
   For \( y' = x^3 \), this becomes:
   \[
   L = \int_1^2 \sqrt{1 + (x^3)^2} \, dx = \int_1^2 \sqrt{1 + x^6} \, dx
   \]

3. Use the Trapezoidal Rule with \( n = 5 \) to approximate the integral. The interval \([1, 2]\) is divided into 5 equal parts, so the step size \( h \) is:
   \[
   h = \frac{2 - 1}{5} = 0.2
   \]

4. Calculate the x-values:
   \[
   x_0 = 1, \quad x_1 = 1.2, \quad x_2 = 1.4, \quad x_3 = 1.6, \quad x_4 = 1.8, \quad x_5 = 2
   \]

5. Evaluate the function \( f(x) = \sqrt{1 + x^6} \) at these points:
   \[
   f(x_0) = \sqrt{1 + 1^6} = \sqrt{2}
   \]
   \[
   f(x_1) = \sqrt{1 + (1.2)^6} = \sqrt{1 + 2.985984} \approx \sqrt{3.985984}
   \]
   \[
   f(x_2) = \sqrt{1 + (1.4)^6} = \sqrt{1 + 7.529536} \approx \sqrt{8.529536}
   \]
   \[
   f(x_3) = \sqrt{1 + (1.6)^6} = \sqrt{1 + 16.777216} \approx \sqrt{17.777216}
   \]
   \[
   f(x_4) = \sqrt{1 + (1.8)^6} = \sqrt{1 + 34.012224} \approx \sqrt{35.012224}
   \]
   \[
   f(x_5) = \sqrt{1 + 2^6} = \sqrt{1 + 64} = \sqrt{65}
   \]

6. Apply the Trapezoidal Rule:
   \[
   T_5 = \frac{h}{2} \left( f(x_0) + 2f(x_1) + 2f(x_2) + 2f(x_3) + 2f(x_4) + f(x_5) \right)
   \]
   \[
   T_5 = \frac{0.2}{2} \left( \sqrt{2} + 2\sqrt{3.985984} + 2\sqrt{8.529536} + 2\sqrt{17.777216} + 2\sqrt{35.012224} + \sqrt{65} \right)
   \]

7. Calculate the approximate values:
   \[
   \sqrt{2} \approx 1.414214
   \]
   \[
   \sqrt{3.985984} \approx 1.996493
   \]
   \[
   \sqrt{8.529536} \approx 2.920616
   \]
   \[
   \sqrt{17.777216} \approx 4.215447
   \]
   \[
   \sqrt{35.012224} \approx 5.91608
   \]
   \[
   \sqrt{65} \approx 8.062258
   \]

8. Substitute these into the Trapezoidal Rule formula:
   \[
   T_5 = 0.1 \left( 1.414214 + 2(1.996493) + 2(2.920616) + 2(4.215447) + 2(5.91608) + 8.062258 \right)
   \]
   \[
   T_5 = 0.1 \left( 1.414214 + 3.992986 + 5.841232 + 8.430894 + 11.83216 + 8.062258 \right)
   \]
   \[
   T_5 = 0.1 \times 39.573744
   \]
   \[
   T_5 \approx 3.9573744
   \]

The arc length of \( y = \frac{1}{4}x^4 \) over the interval \([1, 2]\) using the Trapezoidal Rule \( T_5 \) is approximately:

3.957",True,,,,,[]
240,,"In how many ways can we form a 7-digit number using the digits 1, 2, 2, 3, 3, 3, 3?",105,420,False,,,,,[]
241,,"In triangle RST, X is located on the side RS, Y is located on the side RT, Z is located on the side ST, and XY and XZ are midsegments of △RST. If the length of side XY is 7, the length of side RT is 13, and the measure of angle YXZ is 124°, what is the measure of ange RYX?",124,56,False,,,,,[]
242,,"Let G_n(s) be the probability generating function of the size Z_n of the n-th generation of a branching process, where Z_0=1 and var(Z_1)>0. Let H_n be the inverse function of the function G_n, viewed as a function on the interval [0, 1].  Is M_n= {H_n(s)}^{Z_n} defines a martingale with respect to the sequence Z? Return 1 for yes and 0 for no.",1.0,0,False,,,,,[]
244,,"suppose sequence x_n satisfies x_n*x_{n+1}=n for all n>=1, and $\lim_{n\rightarrow\infty}\frac{x_n}{x_{n+1}}=1$. What's the value of $\pi*x_1^2$?",2.0,2,True,,,,,[]
245,,"For a two-period binomial model for stock prices, you are given: (i) Each period is 6 months. (ii) The current price for a nondividend-paying stock is $70.00. (iii) u =1.181, where u is one plus the rate of capital gain on the stock per period if the price goes up. (iv) d = 0.890 , where d is one plus the rate of capital loss on the stock per period if the price goes down. (v) The continuously compounded risk-free interest rate is 5%. What is the current price of a one-year American put option on the stock with a strike price of $80.00.",10.75,6.06,False,,,,,[]
249,,In how many ways can a committee of 2 men and 3 women be selected from a group of 6 men and 8 women?,840,560,False,,,,,[]
250,,"Suppose the demand curve for oPads is given by $p=\frac{500-x}{10}, What is the elasticity value of this demand function.",-1.5,-0.5,False,,,,,[]
251,,"The perfectly competitive videotape-copying industry is composed of many firms that can copy five tapes per day at an average cost of $10 per tape. Each firm must also pay a royalty to film studios, and the per-film royalty rate (r) is an increasing function of total industry output (Q): r = 0.002Q. Demand is given by Q = D(P) = 1,050 - 50P. Assuming the industry is in long-run equilibrium, what will be the equilibrium price of copied tapes?",11,15,False,,,,,[]
252,,A monopolist can produce at constant average and marginal costs of AC = MC = 5. The firm faces a market demand curve given by Q = 53 - P. Calculate the consumer surplus obtained by consumers under perfect competition (where price = marginal cost)?,1152,576,False,,,,,[]
253,,"Your company has just written one million units of a one-year European asset-or-nothing put option on an equity index fund. The equity index fund is currently trading at 1000. It pays dividends continuously at a rate proportional to its price; the dividend yield is 2%. It has a volatility of 20%. The option’s payoff will be made only if the equity index fund is down by more than 40% at the end of one year. The continuously compounded risk-free interest rate is 2.5% Using the Black-Scholes model, determine the price of the asset-or-nothing put options. Give the answer in millions.",3.6,0.082,False,,,,,[]
254,,"Consider a forward contract on a 4-year bond with maturity 1 year. The current value of the bond is $1018.86, it has a face value of $1000 and a coupon rate of 10% per annum. A coupon has just been paid on the bond and further coupons will be paid after 6 months and after 1 year, just prior to delivery. Interest rates for 1 year out are flat at 8%. Compute the forward price of the bond.",999.998976,$1018.86,False,,,,,[]
258,,Given the following equation: x^4 - x - 10 = 0. determine the initial approximations for finding the smallest positive root. Use these to find the root correct to three decimal places with Secant method.,1.856,1.272,False,,,,,[]
259,,"While riding a multispeed bicycle, the rider can select the radius of the rear sprocket that is fixed to the rear axle. The front sprocket of a bicycle has radius 12.0 cm. If the angular speed of the front sprocket is 0.6 rev/s, what is the radius (in cm) of the rear sprocket for which the tangential speed of a point on the rim of the rear wheel will be 5 m/s? The rear wheel has radius 0.330 m.",2.99,"The tangential speed \( v \) of a point on the rim of the rear wheel is given by:

\[ v = r_{\text{rear wheel}} \times \omega_{\text{rear wheel}} \]

where \( r_{\text{rear wheel}} = 0.330 \, \text{m} \) and \( v = 5 \, \text{m/s} \).

First, calculate the angular speed \( \omega_{\text{rear wheel}} \):

\[ \omega_{\text{rear wheel}} = \frac{v}{r_{\text{rear wheel}}} = \frac{5}{0.330} \approx 15.15 \, \text{rad/s} \]

The angular speed of the rear wheel is related to the angular speed of the rear sprocket by the gear ratio:

\[ \omega_{\text{rear sprocket}} = \omega_{\text{rear wheel}} \]

The gear ratio is given by:

\[ \frac{\omega_{\text{front sprocket}}}{\omega_{\text{rear sprocket}}} = \frac{r_{\text{rear sprocket}}}{r_{\text{front sprocket}}} \]

Given \( \omega_{\text{front sprocket}} = 0.6 \, \text{rev/s} \), convert it to rad/s:

\[ \omega_{\text{front sprocket}} = 0.6 \times 2\pi \approx 3.77 \, \text{rad/s} \]

Now, solve for \( r_{\text{rear sprocket}} \):

\[ \frac{3.77}{15.15} = \frac{r_{\text{rear sprocket}}}{12.0} \]

\[ r_{\text{rear sprocket}} = 12.0 \times \frac{3.77}{15.15} \]

\[ r_{\text{rear sprocket}} \approx 2.99 \, \text{cm} \]

The radius of the rear sprocket is approximately 3.0 cm.",True,,,,,[]
260,,"Under some circumstances, a star can collapse into an extremely dense object made mostly of neutrons and called a neutron star. The density of a neutron star is roughly $10^14$ times as great as that of ordinary solid matter. Suppose we represent the star as a uniform, solid, rigid sphere, both before and after the collapse. The star's initial radius was $7 \tims 10^5$ km (comparable to our sun); its final radius is 16 km. If the original star rotated once in 30 days, find the angular speed (in rad/s) of the neutron star.",4600.0,"To solve this problem, we need to use the conservation of angular momentum. The angular momentum of a rotating object is given by:

\[ L = I \omega \]

where \( L \) is the angular momentum, \( I \) is the moment of inertia, and \( \omega \) is the angular speed.

For a solid sphere, the moment of inertia \( I \) is given by:

\[ I = \frac{2}{5} m r^2 \]

where \( m \) is the mass and \( r \) is the radius of the sphere.

Since angular momentum is conserved, the initial angular momentum \( L_i \) is equal to the final angular momentum \( L_f \):

\[ I_i \omega_i = I_f \omega_f \]

Substituting the moment of inertia for a solid sphere, we have:

\[ \frac{2}{5} m_i r_i^2 \omega_i = \frac{2}{5} m_f r_f^2 \omega_f \]

The mass of the star remains constant during the collapse, so \( m_i = m_f = m \). Thus, the equation simplifies to:

\[ r_i^2 \omega_i = r_f^2 \omega_f \]

We need to find the final angular speed \( \omega_f \). Rearranging the equation gives:

\[ \omega_f = \omega_i \frac{r_i^2}{r_f^2} \]

The initial angular speed \( \omega_i \) is given by:

\[ \omega_i = \frac{2\pi}{T_i} \]

where \( T_i \) is the initial period of rotation. Given that the star rotates once in 30 days, we convert this period into seconds:

\[ T_i = 30 \times 24 \times 60 \times 60 = 2,592,000 \text{ seconds} \]

Thus, the initial angular speed is:

\[ \omega_i = \frac{2\pi}{2,592,000} \]

Now, substituting the values for \( r_i \) and \( r_f \):

- Initial radius \( r_i = 7 \times 10^5 \) km = \( 7 \times 10^8 \) meters
- Final radius \( r_f = 16 \) km = \( 16 \times 10^3 \) meters

Substitute these into the equation for \( \omega_f \):

\[ \omega_f = \left(\frac{2\pi}{2,592,000}\right) \left(\frac{(7 \times 10^8)^2}{(16 \times 10^3)^2}\right) \]

Calculate the ratio of the squares of the radii:

\[ \frac{(7 \times 10^8)^2}{(16 \times 10^3)^2} = \frac{49 \times 10^{16}}{256 \times 10^6} = \frac{49}{256} \times 10^{10} \]

Now calculate \( \omega_f \):

\[ \omega_f = \frac{2\pi}{2,592,000} \times \frac{49}{256} \times 10^{10} \]

\[ \omega_f = \frac{2\pi \times 49 \times 10^{10}}{256 \times 2,592,000} \]

\[ \omega_f = \frac{98\pi \times 10^{10}}{256 \times 2,592,000} \]

Calculate the denominator:

\[ 256 \times 2,592,000 = 663,552,000 \]

Now, calculate \( \omega_f \):

\[ \omega_f = \frac{98\pi \times 10^{10}}{663,552,000} \]

\[ \omega_f = \frac{98 \times 3.141592653589793 \times 10^{10}}{663,552,000} \]

\[ \omega_f = \frac{307.876080051799 \times 10^{10}}{663,552,000} \]

\[ \omega_f = \frac{307.876080051799 \times 10^{10}}{6.63552 \times 10^8} \]

\[ \omega_f = \frac{307.876080051799}{6.63552} \times 10^2 \]

\[ \omega_f \approx 46.396 \times 10^2 \]

\[ \omega_f \approx 4639.6 \]

Thus, the angular speed of the neutron star is approximately:

\[ \omega_f \approx 4639.6 \text{ rad/s} \]

The final answer is:

4639.6",True,,,,,[]
261,,"CheckMate forecasts that its dividend will grow at 20% per year for the next four years before settling down at a constant 8% forever. Dividend (current year,2016) = $12; expected rate of return = 15%. What is the fair value of the stock now?",273.0,$246.24,False,,,,,[]
262,,Light of wavelength 400 nm is incident upon lithium (phi = 2.93 eV). Calculate the stopping potential in V.,0.17,0.17,True,,,,,[]
263,,"A spring is mounted horizontally, with its left end fixed. A spring balance attached to the free end and pulled toward the right indicates that the stretching force is proportional to the displacement, and a force of 6.0 N causes a displacement of 0.030 m. We replace the spring balance with a 0.50-kg glider, pull it 0.020 m to the right along a frictionless air track, and release it from rest. Find the period T of the resulting oscillation. (Unit: s)",0.31,0.79,False,,,,,[]
265,,"Coloring the edges of a complete graph with n vertices in 2 colors (red and blue), what is the smallest n that guarantees there is either a triangle in red or a 6-clique in blue?",18,18,True,,,,,[]
266,,determine the ratio of the radius of a uranium-238 nucleus to the radius of a helium-4 nucleus.,3.9,2.52,False,,,,,[]
267,,Find the sum of $\sum_{n=1}^{\infty} (cost(1/n^2) - cost(1/(n+1)^2))$,-0.459,"The given series is 

\[
\sum_{n=1}^{\infty} \left( \cos\left(\frac{1}{n^2}\right) - \cos\left(\frac{1}{(n+1)^2}\right) \right)
\]

This is a telescoping series. In a telescoping series, most terms cancel out, leaving only the first and last terms. Let's examine the first few terms to see the pattern:

- For \( n = 1 \), the term is \(\cos\left(\frac{1}{1^2}\right) - \cos\left(\frac{1}{2^2}\right)\).
- For \( n = 2 \), the term is \(\cos\left(\frac{1}{2^2}\right) - \cos\left(\frac{1}{3^2}\right)\).
- For \( n = 3 \), the term is \(\cos\left(\frac{1}{3^2}\right) - \cos\left(\frac{1}{4^2}\right)\).

When we add these terms, we see that:

\[
\left(\cos\left(\frac{1}{1^2}\right) - \cos\left(\frac{1}{2^2}\right)\right) + \left(\cos\left(\frac{1}{2^2}\right) - \cos\left(\frac{1}{3^2}\right)\right) + \left(\cos\left(\frac{1}{3^2}\right) - \cos\left(\frac{1}{4^2}\right)\right) + \cdots
\]

The intermediate terms cancel out, leaving:

\[
\cos\left(\frac{1}{1^2}\right) - \lim_{n \to \infty} \cos\left(\frac{1}{(n+1)^2}\right)
\]

As \( n \to \infty \), \(\frac{1}{(n+1)^2} \to 0\), and thus \(\cos\left(\frac{1}{(n+1)^2}\right) \to \cos(0) = 1\).

Therefore, the sum of the series is:

\[
\cos\left(\frac{1}{1^2}\right) - 1 = \cos(1) - 1
\]

The numerical value of \(\cos(1)\) is approximately 0.5403. Therefore, the sum is:

\[
0.5403 - 1 = -0.4597
\]

Thus, the sum of the series is approximately:

\[
-0.4597
\]

The final answer is:

\(-0.4597\)",False,,,,,[]
269,,"For a one-period binomial model for the price of a stock, you are given: (i) The period is one year. (ii) The stock pays no dividends. (iii) u =1.433, where u is one plus the rate of capital gain on the stock if the price goes up.  (iv) d = 0.756 , where d is one plus the rate of capital loss on the stock if the price goes down. (v) The continuously compounded annual expected return on the stock is 10%. What is the true probability of the stock price going up.",0.52,0.4817,False,,,,,[]
270,,"For $p(x)=f(x)g(x)$, if $f(2)=3$, $f'(2)=-4$, $g(2)=1$, and $g'(2)=6$, what is $p'(2)$?",14,"To find \( p'(2) \) for \( p(x) = f(x)g(x) \), we use the product rule for differentiation. The product rule states:

\[
p'(x) = f'(x)g(x) + f(x)g'(x)
\]

Substituting the given values at \( x = 2 \):

- \( f(2) = 3 \)
- \( f'(2) = -4 \)
- \( g(2) = 1 \)
- \( g'(2) = 6 \)

We calculate \( p'(2) \) as follows:

\[
p'(2) = f'(2)g(2) + f(2)g'(2)
\]

Substitute the values:

\[
p'(2) = (-4)(1) + (3)(6)
\]

Calculate each term:

\[
p'(2) = -4 + 18
\]

Add the results:

\[
p'(2) = 14
\]

Thus, the value of \( p'(2) \) is \(\boxed{14}\).",True,,,,,[]
272,,"An object 11cm tall is 9cm from a mirror. If the image distance is -3cm from the mirror, what is the image height in terms of cm?",3.67,-3.67,False,,,,,[]
273,,"Find the volume of a solid bounded by the elliptical paraboloid $z=2x^2 + y^2 + 1$, the plane x+y=1, and the coordinate planes.",0.75,"To find the volume of the solid bounded by the given surfaces, we need to set up a triple integral. The solid is bounded by the elliptical paraboloid \( z = 2x^2 + y^2 + 1 \), the plane \( x + y = 1 \), and the coordinate planes \( x = 0 \), \( y = 0 \), and \( z = 0 \).

First, we determine the region of integration in the \( xy \)-plane. The plane \( x + y = 1 \) intersects the coordinate axes at \( (1, 0) \) and \( (0, 1) \). Thus, the region of integration in the \( xy \)-plane is the triangle with vertices \( (0, 0) \), \( (1, 0) \), and \( (0, 1) \).

The volume \( V \) of the solid can be expressed as the triple integral:
\[
V = \int_{x=0}^{1} \int_{y=0}^{1-x} \int_{z=0}^{2x^2 + y^2 + 1} \, dz \, dy \, dx
\]

The innermost integral with respect to \( z \) is:
\[
\int_{z=0}^{2x^2 + y^2 + 1} \, dz = [z]_{0}^{2x^2 + y^2 + 1} = 2x^2 + y^2 + 1
\]

Substituting this into the double integral, we have:
\[
V = \int_{x=0}^{1} \int_{y=0}^{1-x} (2x^2 + y^2 + 1) \, dy \, dx
\]

Now, we evaluate the integral with respect to \( y \):
\[
\int_{y=0}^{1-x} (2x^2 + y^2 + 1) \, dy = \int_{y=0}^{1-x} 2x^2 \, dy + \int_{y=0}^{1-x} y^2 \, dy + \int_{y=0}^{1-x} 1 \, dy
\]

Calculating each part:
1. \(\int_{y=0}^{1-x} 2x^2 \, dy = 2x^2 [y]_{0}^{1-x} = 2x^2 (1-x)\)
2. \(\int_{y=0}^{1-x} y^2 \, dy = \left[\frac{y^3}{3}\right]_{0}^{1-x} = \frac{(1-x)^3}{3}\)
3. \(\int_{y=0}^{1-x} 1 \, dy = [y]_{0}^{1-x} = 1-x\)

Combining these, we have:
\[
\int_{y=0}^{1-x} (2x^2 + y^2 + 1) \, dy = 2x^2 (1-x) + \frac{(1-x)^3}{3} + (1-x)
\]

Simplifying:
\[
= 2x^2 - 2x^3 + \frac{(1-x)^3}{3} + 1 - x
\]

Now, integrate with respect to \( x \):
\[
V = \int_{x=0}^{1} \left(2x^2 - 2x^3 + \frac{(1-x)^3}{3} + 1 - x\right) \, dx
\]

Calculate each term:
1. \(\int_{x=0}^{1} 2x^2 \, dx = \left[\frac{2x^3}{3}\right]_{0}^{1} = \frac{2}{3}\)
2. \(\int_{x=0}^{1} -2x^3 \, dx = \left[-\frac{2x^4}{4}\right]_{0}^{1} = -\frac{1}{2}\)
3. \(\int_{x=0}^{1} \frac{(1-x)^3}{3} \, dx = \frac{1}{3} \int_{x=0}^{1} (1 - 3x + 3x^2 - x^3) \, dx\)
   - \(\int_{x=0}^{1} 1 \, dx = 1\)
   - \(\int_{x=0}^{1} -3x \, dx = -\frac{3}{2}\)
   - \(\int_{x=0}^{1} 3x^2 \, dx = 1\)
   - \(\int_{x=0}^{1} -x^3 \, dx = -\frac{1}{4}\)
   - Total: \(\frac{1}{3} \left(1 - \frac{3}{2} + 1 - \frac{1}{4}\right) = \frac{1}{3} \left(\frac{5}{4}\right) = \frac{5}{12}\)
4. \(\int_{x=0}^{1} 1 \, dx = 1\)
5. \(\int_{x=0}^{1} -x \, dx = -\frac{1}{2}\)

Combine all terms:
\[
V = \frac{2}{3} - \frac{1}{2} + \frac{5}{12} + 1 - \frac{1}{2}
\]

Convert to a common denominator (12):
\[
V = \frac{8}{12} - \frac{6}{12} + \frac{5}{12} + \frac{12}{12} - \frac{6}{12}
\]

Simplify:
\[
V = \frac{13}{12}
\]

Thus, the volume of the solid is \(\boxed{\frac{13}{12}}\).",False,,,,,[]
275,,"Assuming we are underground, and the only thing we can observe is whether a person brings an umbrella or not. The weather could be either rain or sunny. Assuming the P(rain)=0.6 and P(sunny)=0.4. Assuming the weather on day $k$ is dependent on the weather on day $k-1$. We can write the transition probability as P(sunny $\mid$ sunny) = P(rain $\mid$ rain) = 0.7. The person has 60% chance to bring an umbrella when the weather is rain, and 40% chance to bring an umbrella when the weather is sunny, i.e. P(umbrella $\mid$ rain) = 0.6 and P(umbrella $\mid$ sunny) = 0.4. If we observe that the person (1) brought an umbrella on day 1, (2) did not bring an umbrella on day 2, (3) brought an umbrella on day 3.  What is the probability that day 2 is raining?",0.5167,0.3333,False,,,,,[]
276,,"Find the solutions to the second order boundary-value problem. y''-2y'+2y=0, y(0)=0, y(\pi/2) = 1. What is y(\pi/4)?",0.322,1.,False,,,,,[]
278,,Use divergence therem to evaluate $\iint_S \vec{F} \cdot d \vec{S}$ where $\vec{F} = yx^2 \vec{i} + (xy^2 - 3z^4)\vec{j} + (x^3+y^3)\vec{k}$ and the surface $S$ consists of the sphere of radius 4 with $z \le 0$ and $y \le 0$. Note all three surfaces of this solid are included in $S$.,0.0,"To solve this problem, we will use the divergence theorem, which states:

\[
\iint_S \vec{F} \cdot d\vec{S} = \iiint_V \nabla \cdot \vec{F} \, dV
\]

where \( V \) is the volume enclosed by the surface \( S \), and \( \nabla \cdot \vec{F} \) is the divergence of the vector field \( \vec{F} \).

First, we calculate the divergence of \( \vec{F} \):

\[
\vec{F} = yx^2 \vec{i} + (xy^2 - 3z^4)\vec{j} + (x^3+y^3)\vec{k}
\]

The divergence is given by:

\[
\nabla \cdot \vec{F} = \frac{\partial}{\partial x}(yx^2) + \frac{\partial}{\partial y}(xy^2 - 3z^4) + \frac{\partial}{\partial z}(x^3 + y^3)
\]

Calculating each term:

\[
\frac{\partial}{\partial x}(yx^2) = 2yx
\]

\[
\frac{\partial}{\partial y}(xy^2 - 3z^4) = 2xy
\]

\[
\frac{\partial}{\partial z}(x^3 + y^3) = 0
\]

Thus, the divergence is:

\[
\nabla \cdot \vec{F} = 2yx + 2xy = 4xy
\]

Now, we need to evaluate the volume integral of \( 4xy \) over the region \( V \), which is the portion of the sphere \( x^2 + y^2 + z^2 \leq 16 \) with \( z \leq 0 \) and \( y \leq 0 \).

To simplify the integration, we switch to spherical coordinates:

\[
x = \rho \sin\phi \cos\theta, \quad y = \rho \sin\phi \sin\theta, \quad z = \rho \cos\phi
\]

The Jacobian of the transformation is \( \rho^2 \sin\phi \).

The region of integration in spherical coordinates is:

- \( 0 \leq \rho \leq 4 \)
- \( \pi/2 \leq \phi \leq \pi \) (since \( z \leq 0 \))
- \( \pi \leq \theta \leq 3\pi/2 \) (since \( y \leq 0 \))

The integral becomes:

\[
\iiint_V 4xy \, dV = \int_{\pi}^{3\pi/2} \int_{\pi/2}^{\pi} \int_{0}^{4} 4(\rho \sin\phi \cos\theta)(\rho \sin\phi \sin\theta) \rho^2 \sin\phi \, d\rho \, d\phi \, d\theta
\]

Simplifying the integrand:

\[
4(\rho \sin\phi \cos\theta)(\rho \sin\phi \sin\theta) \rho^2 \sin\phi = 4\rho^4 \sin^3\phi \cos\theta \sin\theta
\]

The integral becomes:

\[
4 \int_{\pi}^{3\pi/2} \cos\theta \sin\theta \, d\theta \int_{\pi/2}^{\pi} \sin^3\phi \, d\phi \int_{0}^{4} \rho^4 \, d\rho
\]

Calculate each integral separately:

1. \(\int_{0}^{4} \rho^4 \, d\rho = \left[\frac{\rho^5}{5}\right]_{0}^{4} = \frac{1024}{5}\)

2. \(\int_{\pi/2}^{\pi} \sin^3\phi \, d\phi\)

   Use substitution \( u = \cos\phi \), \( du = -\sin\phi \, d\phi \), limits change from \( u = 0 \) to \( u = -1 \):

   \[
   \int_{0}^{-1} (1-u^2) \, (-du) = \int_{-1}^{0} (1-u^2) \, du = \left[u - \frac{u^3}{3}\right]_{-1}^{0} = \left(0 - 0\right) - \left(-1 + \frac{1}{3}\right) = \frac{2}{3}
   \]

3. \(\int_{\pi}^{3\pi/2} \cos\theta \sin\theta \, d\theta = \frac{1}{2} \int_{\pi}^{3\pi/2} \sin(2\theta) \, d\theta = \frac{1}{2} \left[-\frac{1}{2} \cos(2\theta)\right]_{\pi}^{3\pi/2}\)

   \[
   = -\frac{1}{4} \left[\cos(3\pi) - \cos(2\pi)\right] = -\frac{1}{4} \left[-1 - 1\right] = \frac{1}{2}
   \]

Combine the results:

\[
4 \times \frac{1}{2} \times \frac{2}{3} \times \frac{1024}{5} = \frac{4096}{15}
\]

Thus, the value of the surface integral is:

\[
\boxed{\frac{4096}{15}}
\]",False,,,,,[]
279,,Consider a resistor made from a hollow cylinder of carbon as shown below. The inner radius of the cylinder is $R_i=0.2$mm and the outer radius is $R_o=0.3$mm. The length of the resistor is $L=0.9$mm. The resistivity of the carbon is $\rho=3.5 * 10^{-5} \Omega \cdot m$. What is the resistance in $\Omega \cdot m$?,2.5,0.000415,False,,,,,[]
280,,"Use the Birge-Vieta method to find a real root correct to three decimals of the following equation: x^3 - 11x^2 + 32x - 22 = 0, p = 0.5",1,2.000,False,,,,,[]
281,,"A survey shows that a mayoral candidate is gaining votes at a rate of 2000t + 1000 votes per day, where t is the number of days since she announced her candidacy. How many supporters will the candidate have after 60 days, assuming that she had no supporters at t = 0?",3660000,3720000,False,,,,,[]
283,,Use the Trapezoidal Rule with to approximate $\int_0^{\pi} sin^2(x)dx$. Return the approximated demical value.,1.570796,"The Trapezoidal Rule is used to approximate the definite integral of a function. The formula for the Trapezoidal Rule is:

\[
\int_a^b f(x) \, dx \approx \frac{b-a}{n} \left( \frac{f(x_0) + f(x_n)}{2} + \sum_{i=1}^{n-1} f(x_i) \right)
\]

where \( x_i = a + i \cdot \frac{b-a}{n} \).

For the integral \(\int_0^{\pi} \sin^2(x) \, dx\), let's use \( n = 4 \) subintervals for simplicity. The interval \([0, \pi]\) is divided into 4 equal parts, so each subinterval has a width of:

\[
h = \frac{\pi - 0}{4} = \frac{\pi}{4}
\]

The points are \( x_0 = 0 \), \( x_1 = \frac{\pi}{4} \), \( x_2 = \frac{\pi}{2} \), \( x_3 = \frac{3\pi}{4} \), and \( x_4 = \pi \).

Now, calculate \( \sin^2(x) \) at these points:

- \( f(x_0) = \sin^2(0) = 0 \)
- \( f(x_1) = \sin^2\left(\frac{\pi}{4}\right) = \left(\frac{\sqrt{2}}{2}\right)^2 = \frac{1}{2} \)
- \( f(x_2) = \sin^2\left(\frac{\pi}{2}\right) = 1 \)
- \( f(x_3) = \sin^2\left(\frac{3\pi}{4}\right) = \left(\frac{\sqrt{2}}{2}\right)^2 = \frac{1}{2} \)
- \( f(x_4) = \sin^2(\pi) = 0 \)

Substitute these into the Trapezoidal Rule formula:

\[
\int_0^{\pi} \sin^2(x) \, dx \approx \frac{\pi}{4} \left( \frac{0 + 0}{2} + \frac{1}{2} + 1 + \frac{1}{2} \right)
\]

Simplify the expression:

\[
= \frac{\pi}{4} \left( 0 + \frac{1}{2} + 1 + \frac{1}{2} \right)
= \frac{\pi}{4} \times 2
= \frac{\pi}{2}
\]

The approximate value of the integral is:

\[
\frac{\pi}{2} \approx 1.5708
\]

Thus, the approximated decimal value is:

1.5708",True,,,,,[]
284,,Let $a_0=5/2$ and $a_k=(a_{k-1})^2-2$ for $k\geq 1$. Compute $\prod_{k=0}^{\infty}(1-1/a_k)$ in closed form.,0.42857,"The sequence \( a_k \) is defined recursively by \( a_0 = \frac{5}{2} \) and \( a_k = (a_{k-1})^2 - 2 \) for \( k \geq 1 \).

First, let's compute the first few terms of the sequence to identify a pattern:

- \( a_0 = \frac{5}{2} \)
- \( a_1 = \left(\frac{5}{2}\right)^2 - 2 = \frac{25}{4} - 2 = \frac{25}{4} - \frac{8}{4} = \frac{17}{4} \)
- \( a_2 = \left(\frac{17}{4}\right)^2 - 2 = \frac{289}{16} - 2 = \frac{289}{16} - \frac{32}{16} = \frac{257}{16} \)

The sequence \( a_k \) is related to the Chebyshev polynomials of the first kind, where \( a_k = 2 \cos(2^k \theta) \) for some angle \( \theta \). Specifically, if we set \( a_0 = 2 \cos \theta \), then \( a_k = 2 \cos(2^k \theta) \).

Given \( a_0 = \frac{5}{2} \), we have:
\[
2 \cos \theta = \frac{5}{2} \implies \cos \theta = \frac{5}{4}
\]
This is not possible since the range of the cosine function is \([-1, 1]\). However, the recursive relation \( a_k = (a_{k-1})^2 - 2 \) is similar to the recurrence relation for the Chebyshev polynomials, which suggests that the sequence \( a_k \) is related to the doubling angle identity for cosine.

The product we need to compute is:
\[
\prod_{k=0}^{\infty} \left(1 - \frac{1}{a_k}\right)
\]

Using the identity for cosine, we have:
\[
a_k = 2 \cos(2^k \theta)
\]
Thus:
\[
1 - \frac{1}{a_k} = 1 - \frac{1}{2 \cos(2^k \theta)} = \frac{2 \cos(2^k \theta) - 1}{2 \cos(2^k \theta)}
\]

The product becomes:
\[
\prod_{k=0}^{\infty} \frac{2 \cos(2^k \theta) - 1}{2 \cos(2^k \theta)}
\]

This product telescopes due to the identity:
\[
2 \cos(2^k \theta) - 1 = 2 \cos(2^{k-1} \theta)
\]

Thus, the product simplifies to:
\[
\prod_{k=0}^{\infty} \frac{2 \cos(2^k \theta) - 1}{2 \cos(2^k \theta)} = \frac{2 \cos \theta}{2 \cos \theta} = 1
\]

Therefore, the closed form of the product is:
\[
\boxed{1}
\]",False,,,,,[]
286,,Assume a temperature of 300 K and find the wavelength of the photon necessary to cause an electron to jump from the valence to the conduction band in silicon in nm.,1130.0,1127,True,,,,,[]
287,,What is the order of the group S_3 * Z_2?,12,12,True,,,,,[]
288,,"Let's assume that the 10-year annual return for the S&P 500 (market portfolio) is 10%, while the average annual return on Treasury bills (a good proxy for the risk-free rate) is 5%. Whats the market Treynor Ratio? Return the numeric value between 0 and 1.",0.05,0.5,False,,,,,[]
290,,"Both A, B are n-by-n matrices with rank(A)=n, rank(A*B)=0. What is rank(B)?",0.0,0,True,,,,,[]
292,,"A door 1.00 m wide, of mass 15 kg, can rotate freely about a vertical axis through its hinges. A bullet with a mass of 10 g and a speed of 400 m/s strikes the center of the door, in a direction perpendicular to the plane of the door, and embeds itself there. Find the door's angular speed. (Unit: rad/s)",0.4,1.33,False,,,,,[]
293,,"Estimate the PE ratio for a firm that has the following characteristics:
Length of high growth = five years
Growth rate in first five years = 25%
Payout ratio in first five years = 20%
Growth rate after five years = 8%
Payout ratio after five years = 50%
Beta = 1.0 
Risk-free rate = T-bond rate = 6%
Cost of equity = 6% + 1(5.5%) = 11.5%
Risk premium = 5.5%
What is the estimated PE ratio for this firm?",28.75,The estimated PE ratio for this firm is 21.28.,False,,,,,[]
295,,"Mr. Jackson bought his house in 1995, and financed the loan for 30 years at an interest rate of 7.8%. His monthly payment was $1260. In 2015, Mr. Jackson decides to pay off the loan. Find the balance of the loan he still owes.",104761.48,"126,000",False,,,,,[]
296,,"Given 3 Colors whose RGB representations are given as follows: Color 1: (0.5, 0.5, 0.5), Color 2: (0.4, 0.6, 0.5), Color 3: (0.3, 0.7, 0.5), Which Color does not carry chrominance (Color) Information? Answer with 1 or 2 or 3.",1,1,True,,,,,[]
297,,"Calculate the interest rate (between 0 and 1) for an account that started with $5,000 and now has $13,000 and has been compounded annually for the past 12 years. Answer with the numeric value.",0.0828,0.0805,False,,,,,[]
299,,In how many ways can a group of 10 people be divided into 3 non-empty subsets?,9330,9330,True,,,,,[]
300,,"Suppose Host A wants to send a large file to Host B. The path from Host A to Host B has three links, of rates R1 = 500 kbps, R2 = 2 Mbps, and R3 = Mbps. Assuming no other traffic in the network, what is the throughput for the file transfer? (in kbps)",500,500,True,,,,,[]
301,,The asteroid Pallas has an orbital period of 4.62 years and an orbital eccentricity of 0.233. Find the semi-major axis of its orbit. (Unit: 10^11 m),4.15,2.77,False,,,,,[]
302,,A cylindrical tank of height 4 m and radius 1 m is filled with water. Water drains through a square hole of side 2 cm in the bottom. How long does it take for the tank to go from full to empty?,7142,"The time it takes for the tank to empty can be calculated using Torricelli's Law, which states that the speed \( v \) of efflux of a fluid under gravity through an orifice is given by:

\[ v = \sqrt{2gh} \]

where \( g \) is the acceleration due to gravity (approximately \( 9.81 \, \text{m/s}^2 \)) and \( h \) is the height of the fluid above the orifice.

The flow rate \( Q \) through the orifice is given by:

\[ Q = A \cdot v \]

where \( A \) is the area of the orifice. For a square hole with side 2 cm (0.02 m), the area \( A \) is:

\[ A = (0.02 \, \text{m})^2 = 0.0004 \, \text{m}^2 \]

The volume of the cylindrical tank is:

\[ V = \pi r^2 h = \pi (1 \, \text{m})^2 (4 \, \text{m}) = 4\pi \, \text{m}^3 \]

The rate of change of volume \( \frac{dV}{dt} \) is equal to the negative of the flow rate:

\[ \frac{dV}{dt} = -A \sqrt{2gh} \]

Since \( V = \pi r^2 h \), we have:

\[ \frac{dV}{dt} = \pi r^2 \frac{dh}{dt} = -A \sqrt{2gh} \]

Substituting \( r = 1 \, \text{m} \), we get:

\[ \pi \frac{dh}{dt} = -0.0004 \sqrt{2gh} \]

Rearranging gives:

\[ \frac{dh}{dt} = -\frac{0.0004}{\pi} \sqrt{2gh} \]

Separating variables and integrating from \( h = 4 \) to \( h = 0 \):

\[ \int_{4}^{0} \frac{1}{\sqrt{h}} \, dh = -\frac{0.0004 \sqrt{2g}}{\pi} \int_{0}^{t} \, dt \]

The integral of \( \frac{1}{\sqrt{h}} \) is \( 2\sqrt{h} \), so:

\[ 2\sqrt{h} \bigg|_{4}^{0} = -\frac{0.0004 \sqrt{2g}}{\pi} t \]

\[ 2(0) - 2(2) = -\frac{0.0004 \sqrt{2 \times 9.81}}{\pi} t \]

\[ -4 = -\frac{0.0004 \times \sqrt{19.62}}{\pi} t \]

\[ 4 = \frac{0.0004 \times 4.427}{\pi} t \]

\[ 4 = \frac{0.0017708}{\pi} t \]

\[ t = \frac{4 \pi}{0.0017708} \]

\[ t \approx \frac{12.5664}{0.0017708} \]

\[ t \approx 7096.5 \]

Therefore, it takes approximately 7096.5 seconds for the tank to empty.",True,,,,,[]
303,,"For a simple random walk S_n with S_0=0 and P(S_n-S_{n-1}=1)=1/4, P(S_n-S_{n-1}=-1)=3/4. Let M=\max{S_n:n\geq 0}. What is the probability of the event {M\geq 5}? Round the answer to the thousands decimal.",0.01234567,0.103,False,,,,,[]
304,,"In year N, the 300th day of the year is a Tuesday. In year N + 1, the 200th day is also a Tuesday. Suppose Monday is the 1-th day of the week, on which day of the week did the 100th day of the year N - 1 occur? Return a numeric between 1 and 7.",4,5,False,,,,,[]
305,,Use the Runge-Kutta method with $h=0.1$ to find approximate values for the solution of the initial value problem $y' + 2y = x^3e^{-2x}$ with y(0)=1 at $x=0.2$.,0.6705,1.,False,,,,,[]
307,,"Consider a periodic signal $x(t)$ with period $(T)$ equals to ten. Over one period (i.e., $-5 \leq t<5)$, it is defined as $$ x(t)=\left\{\begin{array}{cc} 2 & -5 \leq t<0 \\ -2 & 0 \leq t<5 \end{array}\right. $$ In Fourier series, the signal $x(t)$ is written in the form of $$ x(t)=\sum_{k=-\infty}^{\infty} c_k e^{\frac{j 2 \pi k t}{T}} $$ where the Fourier series coefficient $c_k$ is obtained as, $$ c_k=\frac{1}{T} \int_{-\frac{T}{2}}^{\frac{T}{2}} x(t) e^{-\frac{j 2 \pi k t}{T}} d t $$ Determine the value of $c_0$ (i.e., $\left.k=0\right)$",0,"To find the value of \( c_0 \), we use the formula for the Fourier series coefficient:

\[
c_k = \frac{1}{T} \int_{-\frac{T}{2}}^{\frac{T}{2}} x(t) e^{-\frac{j 2 \pi k t}{T}} \, dt
\]

For \( k = 0 \), this simplifies to:

\[
c_0 = \frac{1}{T} \int_{-\frac{T}{2}}^{\frac{T}{2}} x(t) \, dt
\]

Given that \( T = 10 \), the integral becomes:

\[
c_0 = \frac{1}{10} \int_{-5}^{5} x(t) \, dt
\]

The function \( x(t) \) is defined piecewise over the interval \([-5, 5)\):

\[
x(t) = \begin{cases} 
2 & \text{for } -5 \leq t < 0 \\
-2 & \text{for } 0 \leq t < 5 
\end{cases}
\]

We split the integral into two parts:

\[
c_0 = \frac{1}{10} \left( \int_{-5}^{0} 2 \, dt + \int_{0}^{5} -2 \, dt \right)
\]

Calculate each integral separately:

1. \(\int_{-5}^{0} 2 \, dt = 2[t]_{-5}^{0} = 2(0 - (-5)) = 2 \times 5 = 10\)

2. \(\int_{0}^{5} -2 \, dt = -2[t]_{0}^{5} = -2(5 - 0) = -2 \times 5 = -10\)

Substitute these results back into the expression for \( c_0 \):

\[
c_0 = \frac{1}{10} (10 - 10) = \frac{1}{10} \times 0 = 0
\]

Thus, the value of \( c_0 \) is:

\[
\boxed{0}
\]",True,,,,,[]
308,,Does the following series $\sum_{i=0}^{\infty} \frac{n^2 ln(n)}{n!}$ converge?,1.0,0,False,,,,,[]
311,,What is \int_{-3}^1 (7x^2 + x +1)dx?,65.333,"The integral of the function \(7x^2 + x + 1\) from \(-3\) to \(1\) is calculated as follows:

First, find the antiderivative of the function:
\[
\int (7x^2 + x + 1) \, dx = \frac{7}{3}x^3 + \frac{1}{2}x^2 + x + C
\]

Next, evaluate the definite integral from \(-3\) to \(1\):
\[
\left[ \frac{7}{3}x^3 + \frac{1}{2}x^2 + x \right]_{-3}^{1}
\]

Calculate the value at the upper limit \(x = 1\):
\[
\frac{7}{3}(1)^3 + \frac{1}{2}(1)^2 + 1 = \frac{7}{3} + \frac{1}{2} + 1 = \frac{7}{3} + \frac{1}{2} + \frac{2}{2} = \frac{7}{3} + \frac{3}{2}
\]

Convert to a common denominator:
\[
\frac{7}{3} = \frac{14}{6}, \quad \frac{3}{2} = \frac{9}{6}
\]
\[
\frac{14}{6} + \frac{9}{6} = \frac{23}{6}
\]

Calculate the value at the lower limit \(x = -3\):
\[
\frac{7}{3}(-3)^3 + \frac{1}{2}(-3)^2 + (-3) = \frac{7}{3}(-27) + \frac{1}{2}(9) - 3
\]
\[
= -\frac{189}{3} + \frac{9}{2} - 3 = -63 + \frac{9}{2} - 3
\]

Convert to a common denominator:
\[
-63 = -\frac{126}{2}, \quad -3 = -\frac{6}{2}
\]
\[
-\frac{126}{2} + \frac{9}{2} - \frac{6}{2} = -\frac{123}{2}
\]

Subtract the lower limit value from the upper limit value:
\[
\frac{23}{6} - \left(-\frac{123}{2}\right) = \frac{23}{6} + \frac{123}{2}
\]

Convert to a common denominator:
\[
\frac{23}{6} = \frac{23}{6}, \quad \frac{123}{2} = \frac{369}{6}
\]
\[
\frac{23}{6} + \frac{369}{6} = \frac{392}{6}
\]

Simplify:
\[
\frac{392}{6} = \frac{196}{3}
\]

Thus, the value of the integral is:
\[
\boxed{\frac{196}{3}}
\]",False,,,,,[]
312,,"Find the mass and weight of the air at $20^{\circ} C$ in a living room with a $4.0 m \times 5.0 m$ floor and a ceiling 3.0 m high, and the mass and weight of an equal volume of water. (Unit: 10 ^ 5 N)",5.9,0.6,False,,,,,[]
313,,"Compute the mean translational kinetic energy of a mole of ideal gas in J, both at room temperature 293 K.",3650.0,3640,True,,,,,[]
314,,"Let $F_0(x)=log(x)$. For $n\geq 0$ and $x>0$, let $F_{n+1}(x)=\int_0^x F_n(t)dt$. Evaluate $\lim _{n \rightarrow \infty} (n! F_n(1))/(log(n))$.",-1.0,"The given problem involves a sequence of functions defined recursively. We start with \( F_0(x) = \log(x) \). For \( n \geq 0 \), the function \( F_{n+1}(x) \) is defined as the integral of \( F_n(t) \) from 0 to \( x \):

\[
F_{n+1}(x) = \int_0^x F_n(t) \, dt
\]

We need to evaluate the limit:

\[
\lim_{n \to \infty} \frac{n! F_n(1)}{\log(n)}
\]

Let's compute the first few functions to identify a pattern:

1. **\( F_0(x) = \log(x) \)**

2. **\( F_1(x) = \int_0^x \log(t) \, dt \)**

   Using integration by parts, let \( u = \log(t) \) and \( dv = dt \). Then \( du = \frac{1}{t} \, dt \) and \( v = t \). Thus,

   \[
   F_1(x) = \left[ t \log(t) \right]_0^x - \int_0^x t \cdot \frac{1}{t} \, dt = x \log(x) - x + 0 = x \log(x) - x
   \]

3. **\( F_2(x) = \int_0^x (t \log(t) - t) \, dt \)**

   Again, use integration by parts for each term separately:

   - For \( \int_0^x t \log(t) \, dt \), let \( u = \log(t) \), \( dv = t \, dt \). Then \( du = \frac{1}{t} \, dt \), \( v = \frac{t^2}{2} \).

     \[
     \int t \log(t) \, dt = \left[ \frac{t^2}{2} \log(t) \right]_0^x - \int_0^x \frac{t^2}{2} \cdot \frac{1}{t} \, dt = \frac{x^2}{2} \log(x) - \frac{1}{4} x^2
     \]

   - For \( \int_0^x t \, dt = \frac{x^2}{2} \).

   Thus,

   \[
   F_2(x) = \frac{x^2}{2} \log(x) - \frac{1}{4} x^2 - \frac{x^2}{2} = \frac{x^2}{2} \log(x) - \frac{3}{4} x^2
   \]

Continuing this process, we observe that \( F_n(x) \) generally has the form:

\[
F_n(x) = \frac{x^n}{n!} \log(x) - P_n(x)
\]

where \( P_n(x) \) is a polynomial of degree \( n \).

To find \( F_n(1) \), note that:

\[
F_n(1) = \frac{1^n}{n!} \log(1) - P_n(1) = -P_n(1)
\]

Since \( \log(1) = 0 \), we have:

\[
F_n(1) = -P_n(1)
\]

The polynomial \( P_n(x) \) is derived from the integration process and contributes terms that are constants when evaluated at \( x = 1 \).

Now, consider the limit:

\[
\lim_{n \to \infty} \frac{n! F_n(1)}{\log(n)} = \lim_{n \to \infty} \frac{-n! P_n(1)}{\log(n)}
\]

The dominant term in \( P_n(1) \) is of order \( n \), so \( P_n(1) \sim C n^n \) for some constant \( C \). Thus,

\[
n! P_n(1) \sim C n!
\]

The factorial \( n! \) grows faster than \( \log(n) \), so:

\[
\lim_{n \to \infty} \frac{n! P_n(1)}{\log(n)} = \infty
\]

However, since \( F_n(1) = -P_n(1) \), the limit becomes:

\[
\lim_{n \to \infty} \frac{-n! P_n(1)}{\log(n)} = 0
\]

Thus, the final answer is:

\[
\boxed{0}
\]",False,,,,,[]
315,,How many trees are there on n (n > 1) labeled vertices with no vertices of degree 1 or 2?,0,1,False,,,,,[]
316,,What is the order of the element 5 in U_8?,2,2,True,,,,,[]
317,,Roughly how many bits are required on the average to describe to 3 digit accuracy the decay time (in years) of a radium atom if the half-life of radium is 80 years? Note that half-life is the median of the distribution.,19,7,False,,,,,[]
321,,The spontaneous fission activity rate of U-238 is 6.7 fissions/kg s. A sample of shale contains 0.055% U-238 by weight. Calculate the number of spontaneous fissions in one day in a 106-kg pile of the shale by determining the mass of U-238 present in kg.,550.0,"5,041,632",False,,,,,[]
322,,Calculate the Fermi temperature for copper in eV.,81600.0,7.00,False,,,,,[]
323,,"Use Stoke's Theorem to evaluate $\int_C \vec{F} \cdot d \vec{r}$ where $\vec{F} = z^2 \vec{i} + y^2 \vec{j} + x \vec{k}$ and $C$ is the triangle with vertices (1,0,0), (0,1,0) and (0,0,1) with counter-clockwise rotation.",-0.166,0,False,,,,,[]
325,,"Malus' law: $I=I_0*cos^2($\theta$)$. Where I is the intensity of polarized light that has passed through the polarizer, I_0 is the intensity of polarized light before the polarizer, and $\theta$ is the angle between the polarized light and the polarizer. Unpolarized light passes through a polarizer. It then passes through another polarizer at angle 30 degree to the first, and then another at angle 50 degree to the second. What percentage of the original intensity was the light coming out of the third polarizer?",31.0,"To solve this problem, we need to apply Malus' law at each stage of the light passing through the polarizers.

1. **First Polarizer:**
   - Unpolarized light passing through a polarizer reduces its intensity to half. Therefore, after the first polarizer, the intensity \( I_1 \) is:
   \[
   I_1 = \frac{I_0}{2}
   \]

2. **Second Polarizer:**
   - The angle between the first and second polarizer is 30 degrees. Using Malus' law:
   \[
   I_2 = I_1 \cdot \cos^2(30^\circ)
   \]
   - We know \(\cos(30^\circ) = \frac{\sqrt{3}}{2}\), so:
   \[
   I_2 = \frac{I_0}{2} \cdot \left(\frac{\sqrt{3}}{2}\right)^2 = \frac{I_0}{2} \cdot \frac{3}{4} = \frac{3I_0}{8}
   \]

3. **Third Polarizer:**
   - The angle between the second and third polarizer is 50 degrees. Again using Malus' law:
   \[
   I_3 = I_2 \cdot \cos^2(50^\circ)
   \]
   - We need \(\cos(50^\circ)\). Using a calculator, \(\cos(50^\circ) \approx 0.6428\). Therefore:
   \[
   I_3 = \frac{3I_0}{8} \cdot (0.6428)^2 \approx \frac{3I_0}{8} \cdot 0.4132 \approx \frac{3I_0 \cdot 0.4132}{8} \approx \frac{1.2396I_0}{8} \approx 0.15495I_0
   \]

Finally, to find the percentage of the original intensity \( I_0 \) that comes out of the third polarizer:
\[
\text{Percentage} = \left(\frac{I_3}{I_0}\right) \times 100\% = 0.15495 \times 100\% \approx 15.495\%
\]

Thus, the percentage of the original intensity that comes out of the third polarizer is approximately:

15.495",False,,,,,[]
326,,"An airplane is flying at Mach 1.75 at an altitude of 8000 m, where the speed of sound is How long after the plane passes directly overhead will you hear the sonic boom? (Unit: m/s)",560,"To solve this problem, we need to calculate the time it takes for the sound of the sonic boom to reach the ground after the airplane passes directly overhead.

1. **Determine the speed of sound at 8000 m altitude:**
   - The speed of sound at sea level is approximately 343 m/s. However, at higher altitudes, the speed of sound decreases due to lower temperatures. For this problem, let's assume the speed of sound at 8000 m is approximately 320 m/s (a typical value at that altitude).

2. **Calculate the time for the sound to travel from the plane to the ground:**
   - The plane is at an altitude of 8000 m, so the sound has to travel this distance to reach the ground.
   - Time = Distance / Speed = 8000 m / 320 m/s = 25 seconds.

Therefore, you will hear the sonic boom 25 seconds after the plane passes directly overhead.",False,,,,,[]
328,,"If the spot rates for 1 and 2 years are $s_1=6.3%$ and $s_2=6.9%, what is the forward rate $f_{1,2}$?",0.075,7.5,False,,,,,[]
329,,"For a parametric family $\{p_\theta(x)\}$ we know that $\lim_{\theta'\to\theta}\frac{1}{(\theta-\theta')^2}D(p_\theta||p_{\theta'}) = \alpha J(\theta)$, where $J(\theta)$ is the Fisher information. Use natural logarithm for KL divergence to compute $\alpha$.",0.5,2,False,,,,,[]
330,,A muon has a lifetime of 2 x 10^{-6} s in its rest frame. It is created 100 km above the earth and moves towards it at a speed of 2.97 x 10^8 m/s. At what altitude in km does it decay? Return a numeric number.,4.2,66.5,False,,,,,[]
331,,"Suppose C[0,1] denotes the space of all the continuous functions on the interval [0,1]. Is (C[0,1],\|\cdot\|_1 ) a Banach space? Here $\|f(x)\|_1=\int_0^1 |f(t)|dt$ with $f\in C[0,1]$. Answer 1 for yes and 0 for no.",0.0,0,True,,,,,[]
332,,"An athlete whirls a discus in a circle of radius 80.0 cm. At a certain instant, the athlete is rotating at 10.0 rad / s and the angular speed is increasing at 50.0 rad / s^2. At this instant, find the magnitude (Unit: m / s^2) of the acceleration. Return the numeric value.",89.4,404.0,False,,,,,[]
333,,"The positive integers N and N^2 both end in the same sequence of four digits abcd when written in base 10, where digit a is nonzero. Find the three-digit number abc.",937,376,False,,,,,[]
334,,Calculate the required memory size in Mebibytes (MiB) (in 3 sig.fig.)  for storing a frame in 1080p if the sampling scheme R'G'B' 4:4:4 is used. Note that there are 1920 × 1080 pixels in one 1080p frame. Each pixel contains three primary-colour components. Each primary-colour component requires 1 byte of memory for storage. 1 Mebibyte has 1024^2 bytes.,5.93,6.18,False,,,,,[]
335,,What is the value of the series $\sum_{k=1}^{\infty} \frac{(-1)^{k-1}}{k} \sum_{n=0}^{\infty} \frac{1}{k 2^n+1}$?,1.0,1,True,,,,,[]
336,,"The equation of a digital filter is given by $y(n)=1 / 3(x(n)+x(n-1)+x(n-2))$, where $y(n)$ and $x(n)$ are, respectively, the nth samples of the output and input signals. Determine the pole(s) of the filter.",0,0,True,,,,,[]
337,,"Given the following spot rates:
1-year spot rate: 5%;
2-year spot rate: 6%.
 Determine the one-year forward rate (between 0 and 1) one year from today.",0.070095,7.01,False,,,,,[]
338,,An object of height 5cm is placed 10 cm in front of a convex mirror that has a radius of curvature of 45.0 cm. Determine the magnification of the image.,1.8,0.18,False,,,,,[]
339,,"For the 3 payments of $1000 each end-of-year, with 7% rate of return, what is the present value if the first payment is made at the end of fifth year?",2002.0781,"$2,455.58",False,,,,,[]
340,,Does the following series $\sum_{i=0}^{\infty} \frac{n!}{n^2 cos(n)}$ converge?,0.0,0,True,,,,,[]
343,,\lim_{x \to c} |f(x)| = 0. What is \lim_{x \to c} f(x)?,0,0,True,,,,,[]
344,,"In how many ways can we form a 7-digit number using the digits 1, 2, 2, 3, 3, 3, 4?",420,420,True,,,,,[]
345,,"Let {N(t), t=[0, \infty]} be a Poisson process with rate $\lambda = 5$. Find the probability of no arrivals in [3, 5)",0.37,0.0067,False,,,,,[]
346,,The Relativistic Heavy Ion Collider (RHIC) at the Brookhaven National Laboratory collides gold ions onto other gold ions head on. The energy of the gold ions is 100 GeV per nucleon. What is the speed of the gold ions as a fraction of the speed of light?,0.99996,0.9997,True,,,,,[]
348,,In how many ways can 7 people be seated at 5 identical round tables? Each table must have at least 1 person seated.,175,540,False,,,,,[]
349,,What is the minimum kinetic energy in MeV of a proton in a medium-sized nucleus having a diameter of 8.0 x 10^-15 m?,0.08,5.2,False,,,,,[]
350,,"Given that each cone can contain two ice cream balls, how many different ice cream cones can you make if you have 6 flavors of ice cream and 5 types of cones?",180,180,True,,,,,[]
352,,Calculate the de Broglie Wavelength of a tennis ball of mass 57 g traveling 25 m/s in meters.,4.7e-34,4.63e-34,False,,,,,[]
353,,"If the peak voltage value of a signal is 20 times the peak voltage value of the noise, what is the SNR? What is the $\mathrm{SNR}_{\mathrm{dB}}$ (in 3 sig.fig.)?",26.0,26.0,True,,,,,[]
354,,Using n=6 approximate the value of $\int_{-1}^2 \sqrt{e^{-x^2} + 1} dx$ using the Simpson's rule.,3.70358145,"To approximate the integral \(\int_{-1}^2 \sqrt{e^{-x^2} + 1} \, dx\) using Simpson's rule with \(n = 6\), we first calculate the step size \(h\) and the function values at the required points.

1. **Calculate the step size \(h\):**

   \[
   h = \frac{b-a}{n} = \frac{2 - (-1)}{6} = \frac{3}{6} = 0.5
   \]

2. **Determine the x-values:**

   \[
   x_0 = -1, \quad x_1 = -0.5, \quad x_2 = 0, \quad x_3 = 0.5, \quad x_4 = 1, \quad x_5 = 1.5, \quad x_6 = 2
   \]

3. **Calculate the function values \(f(x_i)\):**

   \[
   f(x) = \sqrt{e^{-x^2} + 1}
   \]

   \[
   f(x_0) = \sqrt{e^{-(-1)^2} + 1} = \sqrt{e^{-1} + 1}
   \]

   \[
   f(x_1) = \sqrt{e^{-(-0.5)^2} + 1} = \sqrt{e^{-0.25} + 1}
   \]

   \[
   f(x_2) = \sqrt{e^{-0^2} + 1} = \sqrt{1 + 1} = \sqrt{2}
   \]

   \[
   f(x_3) = \sqrt{e^{-(0.5)^2} + 1} = \sqrt{e^{-0.25} + 1}
   \]

   \[
   f(x_4) = \sqrt{e^{-(1)^2} + 1} = \sqrt{e^{-1} + 1}
   \]

   \[
   f(x_5) = \sqrt{e^{-(1.5)^2} + 1} = \sqrt{e^{-2.25} + 1}
   \]

   \[
   f(x_6) = \sqrt{e^{-(2)^2} + 1} = \sqrt{e^{-4} + 1}
   \]

4. **Apply Simpson's Rule:**

   \[
   \int_{-1}^{2} f(x) \, dx \approx \frac{h}{3} \left[ f(x_0) + 4f(x_1) + 2f(x_2) + 4f(x_3) + 2f(x_4) + 4f(x_5) + f(x_6) \right]
   \]

   \[
   \approx \frac{0.5}{3} \left[ \sqrt{e^{-1} + 1} + 4\sqrt{e^{-0.25} + 1} + 2\sqrt{2} + 4\sqrt{e^{-0.25} + 1} + 2\sqrt{e^{-1} + 1} + 4\sqrt{e^{-2.25} + 1} + \sqrt{e^{-4} + 1} \right]
   \]

   \[
   \approx \frac{0.5}{3} \left[ 1.60653066 + 4(1.28402542) + 2(1.41421356) + 4(1.28402542) + 2(1.60653066) + 4(1.10498649) + 1.01831564 \right]
   \]

   \[
   \approx \frac{0.5}{3} \left[ 1.60653066 + 5.13610168 + 2.82842712 + 5.13610168 + 3.21306132 + 4.41994596 + 1.01831564 \right]
   \]

   \[
   \approx \frac{0.5}{3} \left[ 23.35848406 \right]
   \]

   \[
   \approx \frac{0.5 \times 23.35848406}{3}
   \]

   \[
   \approx \frac{11.67924203}{3}
   \]

   \[
   \approx 3.89308068
   \]

Thus, the approximate value of the integral using Simpson's rule is:

\[
\boxed{3.893}
\]",False,,,,,[]
355,,What is the smallest number of vertices in a graph that guarantees the existence of a clique of size 3 or an independent set of size 2?,3,3,True,,,,,[]
356,,"Find the number of integers n, 1 ≤ n ≤ 25 such that n^2 + 3n + 2 is divisible by 6.",13,12,False,,,,,[]
357,,"Suppose Host A wants to send a large file to Host B. The path from Host A to Host B has three links, of rates R1 = 500 kbps, R2 = 2 Mbps, and R3 = Mbps. Suppose the file is 4 million bytes. Dividing the file size by the throughput, roughly how many seconds will it take to transfer the file to Host B?",64,64,True,,,,,[]
358,,"Coloring the edges of a complete graph with n vertices in 2 colors (red and blue), what is the smallest n that guarantees there is either a 4-clique in red or a 4-clique in blue?",18,6,False,,,,,[]
359,,"All walking animals, including humans, have a natural walking pace—a number of steps per minute that is more comfortable than a faster or slower pace. Suppose that this pace corresponds to the oscillation of the leg as a physical pendulum.  Fossil evidence shows that T. rex, a two-legged dinosaur that lived about 65 million years ago, had a leg length L = 3.1 m and a stride length S = 4.0 m (the distance from one footprint to the next print of the same foot).  Estimate the walking speed of T. rex. (Unit: m/s)",1.4,"To estimate the walking speed of T. rex, we can use the relationship between stride length, leg length, and walking speed. The walking speed \( v \) can be estimated using the formula:

\[ v = \frac{S}{T} \]

where \( S \) is the stride length and \( T \) is the time period of one stride. The time period \( T \) can be estimated using the formula for the period of a simple pendulum:

\[ T = 2\pi \sqrt{\frac{L}{g}} \]

where \( L \) is the leg length and \( g \) is the acceleration due to gravity (approximately \( 9.8 \, \text{m/s}^2 \)).

First, calculate the time period \( T \):

\[ T = 2\pi \sqrt{\frac{3.1}{9.8}} \]

\[ T = 2\pi \sqrt{0.3163} \]

\[ T \approx 2\pi \times 0.5625 \]

\[ T \approx 3.534 \, \text{s} \]

Now, calculate the walking speed \( v \):

\[ v = \frac{4.0}{3.534} \]

\[ v \approx 1.132 \, \text{m/s} \]

Therefore, the estimated walking speed of T. rex is approximately:

1.132",False,,,,,[]
